T60_min_x,H_min_x,T20_max_x,ST_max_x,H_max_x,H_mean_y,T60_max_z
23.2,45.0,34.5,31.0,96.0,74.05555555555556,36.5
22.1,48.0,33.1,28.8,90.0,71.6111111111111,34.7
21.5,43.0,35.8,30.7,100.0,73.0763888888889,39.6
21.6,41.0,36.0,30.8,100.0,75.33333333333333,39.6
22.0,84.0,26.7,25.5,100.0,96.04861111111113,26.3
22.2,53.0,36.1,28.8,100.0,86.76388888888891,37.1
23.6,55.0,38.3,29.4,100.0,83.7361111111111,37.7
22.3,51.0,38.3,33.2,100.0,83.6111111111111,36.8
21.8,53.0,36.8,29.3,100.0,79.68055555555556,35.0
22.4,53.0,35.9,29.4,100.0,79.60416666666667,35.4
23.7,56.0,37.6,30.0,100.0,86.53472222222223,35.4
24.0,65.0,37.0,29.4,100.0,87.17361111111109,34.0
24.4,64.0,39.3,29.2,100.0,86.5,34.6
24.0,59.0,38.9,30.5,100.0,82.36805555555556,35.3
24.4,61.0,38.0,30.0,100.0,82.79166666666667,35.4
24.5,62.0,39.2,29.9,100.0,82.25,35.9
24.7,61.0,39.4,30.2,100.0,85.0625,36.8
24.2,55.0,38.5,32.4,100.0,74.5138888888889,35.5
24.5,52.0,39.2,32.4,83.0,67.53472222222223,35.7
23.0,45.0,37.5,28.6,94.0,71.9236111111111,34.2
21.7,58.0,35.6,28.4,97.0,81.25,34.0
23.9,50.0,35.6,29.9,100.0,80.34027777777777,36.2
24.2,62.0,37.1,29.7,93.0,81.52083333333333,35.3
24.4,73.0,32.1,27.3,98.0,85.8125,30.4
23.8,62.0,37.4,30.0,98.0,84.85416666666667,36.9
24.5,61.0,36.5,29.0,100.0,84.1875,33.6
25.7,58.0,35.5,29.0,98.0,81.8263888888889,33.9
26.6,65.0,37.6,31.0,99.0,86.16666666666669,35.8
25.5,66.0,39.1,29.7,99.0,85.5,34.1
24.8,59.0,37.0,29.4,100.0,81.5763888888889,34.5
24.3,34.0,40.2,39.1,95.0,76.1388888888889,41.7
25.5,66.0,36.3,29.3,98.0,84.65972222222223,32.6
25.0,50.0,37.6,36.5,99.0,81.33333333333333,38.1
25.0,68.0,35.6,28.8,97.0,83.7986111111111,32.9
24.9,58.0,37.1,28.7,98.0,82.13194444444444,33.1
23.7,58.0,37.3,28.9,99.0,81.30555555555556,33.5
24.3,57.0,40.1,29.6,98.0,83.3125,36.4
24.8,53.0,39.1,29.6,93.0,78.22222222222223,37.8
25.2,58.0,37.8,28.5,89.0,76.78472222222223,33.7
21.6,48.0,37.4,27.8,90.0,72.13194444444444,32.9
20.0,45.0,40.3,31.9,93.0,72.375,33.8
22.8,57.0,41.5,28.7,97.0,81.47222222222223,34.2
21.9,57.0,39.4,28.9,95.0,79.08333333333333,34.8
24.5,58.0,41.4,29.1,98.0,78.5138888888889,36.4
23.8,63.0,39.5,29.1,96.0,82.1875,34.3
23.4,77.0,34.3,27.6,100.0,92.4375,30.5
24.9,67.0,40.3,28.2,100.0,91.90972222222223,34.6
24.5,71.0,36.3,28.1,100.0,89.10416666666669,31.7
23.3,78.0,33.9,27.4,100.0,92.95138888888887,30.4
22.1,58.0,40.2,27.8,90.0,76.4861111111111,33.2
20.3,60.0,40.7,27.2,100.0,83.59722222222223,32.6
22.4,65.0,38.6,27.1,100.0,87.28472222222223,31.9
24.0,74.0,40.0,26.9,100.0,87.56944444444444,30.2
23.4,85.0,33.5,26.7,100.0,94.88888888888887,29.2
23.9,70.0,36.1,26.9,100.0,91.26388888888887,30.9
23.3,73.0,31.3,25.8,100.0,90.4875,28.4
23.6,73.0,33.4,26.1,100.0,90.75694444444444,29.1
23.0,67.0,35.0,27.2,100.0,88.90277777777777,31.5
24.2,86.0,27.4,25.8,100.0,97.46527777777777,26.7
23.0,64.0,37.5,28.1,100.0,87.86111111111109,33.5
21.8,79.0,28.2,25.4,100.0,92.13194444444444,26.4
20.6,61.0,32.2,25.2,100.0,86.77777777777777,28.5
20.4,79.0,29.9,27.8,100.0,96.32638888888887,28.6
22.6,80.0,30.2,24.5,100.0,97.68055555555556,27.0
20.5,89.0,27.1,23.6,100.0,98.57638888888887,24.4
19.4,62.0,36.6,25.5,100.0,86.11805555555556,29.5
21.6,62.0,36.1,26.9,100.0,88.03472222222223,32.1
22.1,48.0,39.2,34.2,100.0,86.14583333333331,35.4
24.3,81.0,32.9,26.3,100.0,95.88194444444444,29.3
21.7,58.0,36.8,27.4,100.0,84.6736111111111,33.6
19.3,69.0,30.5,24.4,86.0,78.2986111111111,26.7
21.7,71.0,31.5,25.5,98.0,86.14583333333331,29.4
22.9,56.0,34.5,33.5,99.0,85.86805555555556,34.6
21.4,76.0,28.8,27.5,100.0,93.63194444444444,27.7
20.7,60.0,38.0,27.2,100.0,85.92361111111109,32.1
19.9,65.0,31.4,25.0,100.0,89.98611111111109,29.2
19.2,39.0,41.6,35.0,100.0,73.49305555555556,34.2
18.3,50.0,38.0,25.4,94.0,74.03472222222223,29.3
20.9,65.0,35.2,25.1,100.0,86.79166666666669,30.4
17.1,61.0,29.6,24.3,100.0,83.97222222222223,26.5
16.0,53.0,31.0,22.4,100.0,80.34722222222223,25.7
16.0,42.0,32.7,32.6,100.0,82.19444444444444,32.4
14.9,26.0,34.4,35.0,100.0,74.25694444444444,34.1
13.6,53.0,28.9,23.6,100.0,86.77083333333331,24.0
14.3,58.0,28.5,21.0,100.0,86.59722222222223,24.8
13.1,33.0,32.2,31.9,100.0,79.83333333333333,31.8
13.8,43.0,36.6,22.7,98.0,74.19444444444444,29.4
18.0,77.0,24.1,20.8,100.0,94.5625,22.2
16.7,54.0,37.1,24.0,100.0,88.04861111111109,29.9
17.6,61.0,31.8,23.9,100.0,90.91666666666669,29.1
18.0,49.0,33.8,24.2,100.0,84.66666666666667,29.5
15.2,54.0,27.7,21.6,100.0,83.08333333333333,25.1
15.8,59.0,27.1,21.1,100.0,91.38888888888887,24.6
15.6,65.0,26.5,21.5,100.0,89.25,24.7
12.9,48.0,26.0,19.9,100.0,83.40972222222223,23.5
12.4,77.0,20.5,18.0,100.0,93.61111111111113,19.0
15.1,63.0,31.6,22.0,100.0,90.61805555555556,27.2
14.0,46.0,30.9,26.0,100.0,80.84722222222223,28.1
14.1,87.0,19.5,18.9,100.0,98.93055555555556,18.9
14.7,48.0,30.7,23.1,100.0,81.60416666666667,27.7
11.9,40.0,26.8,19.6,99.0,79.27777777777777,23.0
11.4,53.0,26.3,19.0,100.0,86.75694444444444,22.6
12.0,56.0,30.3,20.2,100.0,85.83333333333333,25.5
11.5,65.0,23.7,17.9,100.0,90.29861111111113,20.2
10.4,51.0,29.9,19.7,100.0,83.18055555555556,25.6
9.0,41.0,27.3,18.1,100.0,82.65277777777777,22.2
7.9,45.0,26.9,18.0,100.0,85.39583333333333,22.8
9.3,52.0,28.2,19.1,100.0,87.82638888888891,25.1
9.3,54.0,24.4,17.4,100.0,87.36805555555556,20.1
11.6,72.0,22.3,17.5,100.0,96.53472222222223,20.2
7.3,51.0,26.5,18.3,100.0,85.14583333333333,22.8
6.8,87.0,20.3,15.4,100.0,97.3375,17.7
9.0,49.0,26.5,18.0,100.0,87.39583333333331,21.4
8.5,55.0,24.7,17.7,100.0,89.71527777777777,22.0
9.9,59.0,27.1,17.8,100.0,91.20833333333331,23.0
13.9,92.0,22.8,17.5,100.0,99.47916666666669,20.6
12.8,70.0,27.3,19.2,100.0,94.25,23.8
13.4,77.0,21.8,17.9,100.0,96.80555555555556,20.2
13.6,62.0,26.0,19.5,100.0,93.625,23.6
12.7,58.0,21.9,17.7,100.0,93.03472222222223,19.9
7.5,73.0,24.6,17.4,100.0,97.8125,21.9
6.7,57.0,22.0,15.6,100.0,87.90277777777777,18.2
10.6,48.0,23.7,16.4,100.0,83.2638888888889,20.7
14.4,77.0,25.0,17.3,100.0,96.27083333333331,21.7
13.7,62.0,24.0,17.6,100.0,89.0,21.7
13.7,56.0,23.9,17.9,93.0,83.34722222222223,21.9
13.4,61.0,21.2,16.6,100.0,89.36111111111109,19.2
13.4,69.0,23.3,16.8,100.0,94.29166666666669,20.2
13.4,49.0,21.0,16.9,100.0,84.36805555555556,19.7
13.1,50.0,24.1,17.3,93.0,80.84722222222223,20.9
13.0,67.0,24.8,17.8,100.0,88.24305555555556,21.6
13.8,57.0,22.9,17.8,100.0,90.98611111111113,21.0
13.5,52.0,23.6,17.4,99.0,84.55555555555556,21.8
13.2,48.0,22.6,17.0,90.0,78.44444444444444,20.8
12.6,48.0,21.7,16.8,90.0,76.30555555555556,19.0
12.8,56.0,22.7,16.8,95.0,82.65277777777777,20.1
13.6,50.0,22.0,17.0,94.0,79.81944444444444,19.8
13.5,55.0,21.9,16.9,88.0,76.81944444444444,20.3
13.4,60.0,21.6,16.7,89.0,78.72916666666667,19.2
13.3,82.0,17.8,16.0,98.0,89.93055555555556,16.9
13.2,51.0,22.3,16.6,100.0,81.34027777777777,19.4
12.9,48.0,19.0,16.0,87.0,75.09722222222223,17.7
13.0,49.0,21.0,16.5,97.0,79.6111111111111,19.1
12.5,54.0,21.7,16.2,87.0,76.9375,19.3
12.9,59.0,23.8,17.5,88.0,80.30555555555556,21.8
13.3,59.0,24.2,17.4,95.0,81.74305555555556,22.2
13.1,75.0,20.5,17.0,91.0,85.2986111111111,19.3
12.8,57.0,24.0,17.5,91.0,80.4375,21.9
13.5,85.0,20.2,16.7,100.0,93.72222222222223,18.8
14.0,63.0,20.4,17.1,100.0,89.39583333333331,18.8
13.9,53.0,22.6,17.5,87.0,79.38194444444444,20.9
13.0,51.0,21.5,17.2,87.0,77.8888888888889,19.7
12.7,62.0,22.8,17.5,92.0,82.00694444444444,20.9
13.5,80.0,23.6,17.8,100.0,90.91666666666669,21.6
13.3,64.0,27.8,19.3,85.0,79.56944444444444,25.8
13.4,65.0,28.8,19.4,89.0,81.9513888888889,26.5
13.3,73.0,29.0,19.0,87.0,80.77083333333333,26.9
13.3,67.0,29.6,19.6,88.0,80.34722222222223,27.2
13.3,64.0,28.4,19.4,88.0,80.25,25.6
13.1,51.0,29.9,19.8,90.0,80.24305555555556,27.0
13.6,58.0,29.5,19.2,93.0,85.125,27.2
13.4,66.0,26.5,19.3,90.0,82.30555555555556,24.8
13.8,56.0,27.8,19.1,87.0,80.50694444444444,26.1
12.8,74.0,21.0,17.6,90.0,81.52083333333333,19.7
12.6,49.0,30.6,20.1,94.0,80.90972222222223,28.5
13.2,80.0,15.3,16.1,91.0,86.5,15.2
13.7,70.0,26.4,19.1,90.0,84.25,24.8
13.6,54.0,24.8,17.1,88.0,79.875,22.4
11.1,89.0,21.3,15.1,100.0,99.5,19.4
10.9,62.0,24.7,17.1,100.0,93.04166666666669,22.7
10.9,65.0,26.7,16.4,100.0,93.58333333333331,21.9
10.7,55.0,29.5,18.0,100.0,91.45138888888887,25.4
10.9,60.0,31.1,18.8,100.0,91.89583333333331,27.4
11.8,66.0,26.7,17.3,100.0,96.53472222222223,23.3
11.6,73.0,30.9,16.8,100.0,97.29166666666669,25.5
11.4,56.0,28.8,18.7,100.0,90.77083333333331,27.1
11.3,67.0,30.7,18.0,100.0,94.98611111111113,24.1
11.1,52.0,27.9,18.3,100.0,92.64583333333331,27.5
10.4,64.0,30.6,21.9,100.0,91.47222222222223,25.9
10.6,62.0,31.6,22.1,100.0,90.45138888888887,25.8
10.8,60.0,31.2,23.8,100.0,91.33333333333331,26.9
11.1,64.0,29.9,20.3,100.0,95.36111111111113,25.4
11.5,54.0,31.2,21.0,100.0,90.72916666666669,27.0
11.2,66.0,30.1,20.8,100.0,95.88194444444444,25.4
11.9,66.0,27.9,20.6,100.0,96.99305555555556,24.9
10.4,61.0,31.3,21.5,100.0,90.20138888888887,26.7
10.8,65.0,28.7,19.1,100.0,93.625,23.5
10.9,60.0,30.1,19.3,100.0,90.20833333333331,24.9
11.4,52.0,30.4,19.3,100.0,89.00694444444444,27.9
11.0,53.0,31.2,18.8,100.0,87.98611111111109,26.6
11.6,98.0,15.0,15.4,100.0,99.97916666666669,13.9
11.9,60.0,27.3,17.7,100.0,93.57638888888887,25.0
11.2,59.0,29.5,17.3,100.0,91.23611111111113,24.5
11.1,63.0,29.8,18.0,100.0,90.77083333333331,25.4
11.7,93.0,20.2,16.1,100.0,99.21527777777777,18.3
11.6,57.0,31.0,19.2,100.0,89.1875,24.9
11.5,60.0,29.9,18.4,100.0,91.88888888888887,24.2
11.4,56.0,31.7,19.6,100.0,87.24305555555556,25.3
11.4,42.0,32.1,19.6,100.0,84.80555555555556,26.5
11.1,50.0,30.9,23.0,100.0,83.3611111111111,26.1
11.2,42.0,31.4,23.2,100.0,80.20833333333333,28.1
11.2,47.0,29.6,22.8,100.0,84.13194444444444,27.0
12.4,90.0,21.3,16.6,100.0,98.30555555555556,19.5
12.5,39.0,29.7,19.8,100.0,87.51388888888891,26.4
12.0,40.0,31.1,20.2,100.0,83.38194444444444,25.9
12.8,76.0,26.8,18.8,100.0,95.40972222222223,23.4
11.8,37.0,29.9,21.8,100.0,82.125,26.3
11.4,47.0,28.2,19.0,100.0,88.59722222222223,24.5
13.0,92.0,23.3,17.8,100.0,98.77083333333331,20.7
12.2,36.0,30.7,19.8,100.0,81.9513888888889,25.6
11.9,46.0,32.0,19.4,100.0,85.1875,26.0
11.5,42.0,30.6,20.3,100.0,84.06944444444444,26.0
12.3,42.0,35.4,21.3,100.0,82.85416666666667,32.2
12.8,45.0,31.7,21.3,100.0,84.61805555555556,28.4
12.4,57.0,30.7,21.0,100.0,89.5625,27.0
13.0,89.0,25.5,17.7,100.0,97.71527777777777,20.9
12.3,27.0,31.4,20.2,100.0,78.7986111111111,26.9
12.2,39.0,31.3,20.7,100.0,81.68055555555556,27.5
12.1,47.0,30.9,20.9,100.0,88.35416666666669,28.1
12.9,87.0,21.6,17.3,100.0,97.44444444444444,19.3
12.1,44.0,30.5,19.8,100.0,84.52083333333333,25.1
11.8,31.0,29.7,19.6,100.0,84.10416666666667,26.2
11.8,43.0,33.3,21.1,100.0,80.27777777777777,29.2
12.1,43.0,33.2,20.2,100.0,83.25,29.0
14.1,37.0,30.4,29.8,100.0,71.9513888888889,30.7
16.6,79.0,21.5,21.4,100.0,92.52777777777777,22.1
14.8,46.0,31.5,28.2,100.0,81.5138888888889,33.1
7.5,52.0,30.8,26.1,100.0,84.52777777777777,31.3
11.8,30.0,28.6,25.4,100.0,65.95833333333333,32.8
13.8,44.0,26.3,23.5,100.0,81.89583333333333,27.2
14.3,23.0,31.7,30.8,100.0,74.0763888888889,33.8
14.6,21.0,33.8,31.3,100.0,78.27083333333333,35.6
14.3,27.0,33.0,30.8,100.0,70.7361111111111,35.0
15.5,29.0,36.4,31.8,98.0,69.34027777777777,38.5
16.7,34.0,32.3,29.8,100.0,74.2986111111111,34.3
8.2,33.0,32.6,30.1,100.0,77.02777777777777,35.0
9.0,44.0,31.0,30.8,100.0,76.2986111111111,31.8
19.8,71.0,26.2,24.2,100.0,90.25694444444444,26.5
16.7,58.0,32.8,30.9,100.0,91.47916666666669,32.1
15.0,25.0,32.8,30.9,97.0,59.1875,36.7
13.2,26.0,34.6,31.9,94.0,60.41666666666666,38.2
14.1,33.0,32.6,27.6,100.0,69.95833333333333,35.2
15.7,34.0,35.6,27.4,100.0,73.65972222222223,35.6
20.0,58.0,31.9,26.3,100.0,85.95138888888891,32.6
18.0,46.0,33.5,27.4,100.0,82.15277777777777,37.4
15.9,24.0,31.3,27.5,100.0,67.97916666666667,35.7
14.0,36.0,31.2,26.6,93.0,58.88888888888889,32.2
14.6,29.0,33.2,27.5,85.0,55.97916666666666,36.9
11.7,33.0,29.7,24.9,96.0,68.79166666666667,33.0
15.4,44.0,31.2,25.6,100.0,78.875,32.4
17.9,63.0,28.1,24.2,100.0,87.71527777777777,28.9
17.5,73.0,27.6,23.6,100.0,92.54861111111113,27.1
15.6,53.0,32.7,25.7,100.0,81.15972222222223,32.3
15.7,41.0,35.1,26.0,100.0,73.6736111111111,33.6
17.7,31.0,32.2,23.6,85.0,67.34027777777777,29.2
15.9,31.0,34.4,25.5,100.0,61.40972222222222,34.9
13.5,38.0,31.7,25.7,100.0,79.7013888888889,32.2
5.4,30.0,31.0,25.0,100.0,79.38194444444444,30.3
14.8,35.0,32.6,26.2,100.0,74.6111111111111,33.3
8.8,34.0,35.3,28.0,100.0,71.59722222222223,36.5
16.1,41.0,33.7,27.1,88.0,68.77083333333333,34.0
18.5,72.0,26.8,23.4,98.0,85.16666666666667,25.3
18.1,37.0,36.5,27.1,100.0,74.3125,33.0
16.9,53.0,36.2,27.6,100.0,88.28472222222223,35.2
18.7,80.0,29.2,24.8,100.0,95.41666666666669,29.0
19.6,46.0,32.8,25.0,97.0,77.04166666666667,31.0
18.2,51.0,34.1,27.6,100.0,82.8611111111111,34.1
19.6,56.0,33.1,26.6,100.0,82.2361111111111,32.1
21.1,76.0,27.1,24.3,100.0,94.13888888888887,26.3
21.4,60.0,30.7,24.5,100.0,84.50694444444444,27.9
20.5,65.0,32.6,25.7,100.0,90.78472222222223,30.6
22.2,66.0,31.4,25.7,100.0,92.85416666666669,29.3
21.8,66.0,29.8,25.0,100.0,93.15972222222223,28.0
21.8,77.0,30.5,25.6,100.0,95.34722222222223,28.9
22.9,58.0,37.6,28.0,100.0,87.5625,34.4
23.6,55.0,38.1,29.3,100.0,82.19444444444444,36.6
24.6,56.0,38.3,29.4,100.0,80.59722222222223,35.4
25.0,64.0,35.8,28.7,100.0,87.47916666666669,34.2
23.9,55.0,35.7,28.2,100.0,82.52083333333333,34.6
21.7,49.0,37.0,28.0,100.0,76.95,35.5
19.2,65.7,31.3,24.8,100.0,86.82847222222217,28.9
19.2,72.5,28.9,24.4,97.9,88.19236111111113,28.9
18.1,75.1,24.8,22.3,97.2,90.05625000000003,24.6
16.1,34.9,35.1,27.4,95.4,66.05416666666667,39.5
16.9,40.4,33.5,27.4,100.0,73.2097222222222,36.7
17.5,34.5,34.2,28.0,93.9,70.1875,39.1
18.0,37.1,34.7,27.9,91.9,69.72569444444447,38.6
18.7,43.8,33.8,26.6,99.8,80.25069444444442,35.4
14.0,90.4,26.4,24.1,100.0,96.96319444444441,26.4
13.9,51.0,32.2,25.8,100.0,87.66736111111109,34.5
19.1,53.9,33.2,26.3,98.5,84.33611111111105,35.4
20.6,48.1,35.5,27.4,100.0,83.33680555555559,35.8
19.9,68.9,30.5,25.2,100.0,86.81875000000008,29.5
21.8,62.7,34.7,26.3,99.8,83.74652777777777,33.8
20.5,47.9,35.4,27.6,95.8,71.96666666666665,36.9
18.7,46.3,34.3,26.0,87.4,71.2708333333334,34.2
17.7,52.5,33.2,26.1,92.5,77.14097222222225,33.8
20.2,75.1,28.2,24.7,96.9,89.90555555555555,27.0
17.6,59.1,31.6,24.8,97.2,81.80624999999998,29.8
17.0,51.4,35.2,26.1,96.1,77.32638888888884,34.7
19.0,71.1,31.8,24.5,94.8,87.80833333333334,29.1
15.2,70.9,34.4,25.5,100.0,90.65555555555555,32.6
20.3,96.9,24.7,23.5,100.0,99.28472222222223,24.2
19.9,77.1,30.3,24.7,100.0,94.43819444444449,27.8
17.3,54.3,34.5,26.4,100.0,82.9055555555556,33.6
19.2,81.0,25.4,23.6,100.0,96.14027777777778,25.4
18.8,58.9,34.5,26.4,100.0,86.21666666666663,34.8
20.2,55.3,38.3,28.5,100.0,81.79930555555555,37.6
22.6,64.2,38.4,28.8,100.0,87.88680555555555,37.6
23.8,73.3,38.4,28.4,100.0,91.56527777777771,34.1
24.4,66.4,40.2,29.5,100.0,89.58263888888891,37.2
25.1,75.9,37.7,28.9,100.0,90.87430555555555,33.9
25.5,71.1,38.3,29.1,100.0,95.24722222222216,37.0
25.4,69.9,40.9,30.3,100.0,88.23263888888886,36.6
24.7,80.9,39.7,29.5,100.0,94.63125,33.0
16.6,73.9,38.8,29.5,100.0,94.10902777777771,34.2
24.7,86.8,32.7,27.9,100.0,96.72222222222223,29.8
24.6,94.2,28.3,26.7,100.0,98.80416666666667,27.4
23.0,92.4,30.3,27.9,100.0,99.2375,28.5
24.4,75.7,33.1,31.5,100.0,97.3201388888889,31.9
24.3,43.7,38.0,29.9,100.0,74.56319444444446,35.6
22.9,46.4,43.3,30.2,98.2,76.25763888888885,35.0
23.4,42.0,40.8,30.1,97.9,70.07986111111113,34.6
24.8,33.6,38.0,29.6,75.2,54.18263888888888,35.4
25.8,36.7,40.1,30.3,97.5,62.369444444444454,36.2
25.0,35.8,43.2,30.9,93.4,55.12083333333332,36.1
25.0,35.2,41.8,30.8,90.6,54.38194444444443,35.5
25.6,33.8,43.8,31.2,66.7,48.02777777777776,36.1
25.9,35.2,39.0,31.1,95.2,54.06388888888888,35.5
27.0,33.7,38.1,31.1,62.7,46.546527777777754,35.7
27.0,32.7,41.2,31.7,91.6,51.131944444444436,35.2
27.2,29.0,41.2,31.3,55.0,42.77361111111113,36.0
26.2,30.6,39.6,30.3,93.5,51.83750000000001,34.1
25.9,24.4,33.5,28.5,95.0,47.88055555555553,32.1
26.8,50.0,38.4,33.1,100.0,83.47222222222223,39.4
26.7,65.0,36.9,31.5,100.0,89.9375,35.2
26.3,58.0,38.3,34.0,100.0,86.44444444444444,37.7
26.9,59.0,39.5,32.9,100.0,85.22916666666667,37.3
25.8,68.0,37.7,30.7,100.0,93.70833333333331,35.4
25.9,67.0,35.3,30.5,100.0,90.25,33.7
22.5,36.0,39.9,30.8,83.0,66.13194444444444,35.5
20.1,47.0,38.6,29.3,87.0,69.34027777777777,34.0
20.0,48.0,38.2,29.1,92.0,73.47222222222223,34.5
21.4,64.0,35.8,28.6,100.0,84.65972222222223,33.3
25.8,64.0,41.9,31.6,100.0,86.67361111111109,37.7
26.7,58.0,43.8,32.3,100.0,83.84027777777777,38.1
26.7,74.0,43.4,31.8,99.0,87.95833333333331,37.7
27.4,77.0,36.4,30.1,100.0,92.32638888888887,34.0
26.7,77.0,39.1,30.3,99.0,90.63194444444444,33.3
25.1,62.0,39.9,31.7,100.0,84.8125,36.2
24.6,63.0,39.7,31.2,99.0,82.36805555555556,35.6
24.9,66.0,39.3,30.5,98.0,85.8263888888889,35.2
25.7,66.0,39.6,30.6,96.0,84.4861111111111,34.6
25.6,64.0,40.9,30.3,100.0,90.27777777777777,32.8
25.8,63.0,41.6,31.5,100.0,86.16666666666669,35.7
25.0,80.0,36.3,28.4,95.0,89.4375,30.2
24.3,64.0,39.8,29.6,96.0,87.19444444444444,33.9
23.8,65.0,43.1,30.0,95.0,84.06944444444444,35.6
25.2,88.0,35.2,28.8,100.0,95.26388888888887,31.4
25.1,68.0,38.9,29.7,100.0,87.88194444444444,34.2
23.3,73.0,35.5,28.4,97.0,87.3125,32.0
24.0,81.0,32.4,28.0,98.0,90.22916666666669,30.0
25.7,74.0,34.3,28.6,97.0,90.22222222222223,32.2
25.5,67.0,37.7,29.8,99.0,88.22222222222223,34.8
22.2,87.0,32.0,27.4,98.0,93.23611111111113,28.6
20.3,76.0,30.2,25.6,94.0,85.56944444444444,28.1
20.2,74.0,30.1,24.7,100.0,84.84027777777777,26.2
20.0,70.0,36.3,25.6,94.0,84.59722222222223,31.1
20.8,82.0,28.5,25.0,99.0,90.96527777777777,26.6
22.6,83.0,29.2,25.1,100.0,94.97222222222223,27.0
23.1,67.0,39.5,28.1,100.0,86.46527777777777,33.8
23.2,57.0,40.1,28.4,95.0,75.5625,33.7
20.2,63.0,37.3,27.4,93.0,78.03472222222223,31.7
19.3,53.0,39.3,29.2,94.0,79.52083333333333,32.1
20.4,85.0,24.3,23.9,97.0,90.67361111111113,24.0
19.7,88.0,25.3,23.6,96.0,92.51388888888887,24.2
21.6,61.0,36.1,27.1,100.0,83.15277777777777,32.9
20.2,63.0,35.6,26.7,94.0,82.2361111111111,31.3
22.1,72.0,33.7,26.7,100.0,89.29861111111109,30.0
20.5,86.0,24.9,24.8,98.0,92.74305555555556,24.4
19.0,71.0,29.5,24.5,100.0,88.85416666666669,26.8
17.3,76.0,26.6,23.2,100.0,92.36111111111113,25.0
14.8,59.0,36.8,24.6,99.0,82.10416666666667,29.7
19.3,81.0,22.0,22.0,94.0,88.08333333333331,21.6
23.4,47.0,34.2,31.6,92.0,71.0763888888889,35.6
22.5,42.0,34.6,30.2,84.0,66.81944444444444,35.8
21.4,39.0,38.8,33.3,97.0,69.20833333333333,39.6
21.7,34.0,38.6,32.1,96.0,70.34027777777777,41.4
21.9,78.0,26.1,25.9,100.0,91.77083333333331,26.3
22.1,44.0,38.1,30.4,100.0,80.8125,39.9
23.8,40.0,38.1,31.6,91.0,73.1875,41.5
22.1,38.0,37.0,33.4,99.0,74.47916666666667,41.3
21.6,35.0,37.5,31.6,100.0,68.5,41.0
22.1,38.0,37.8,32.2,99.0,68.19444444444444,41.2
23.7,37.0,38.7,34.1,100.0,76.6111111111111,43.0
23.9,44.0,39.0,31.5,100.0,76.47222222222223,42.4
24.1,48.0,38.1,30.2,100.0,76.7986111111111,39.8
23.8,42.0,39.2,34.1,100.0,73.79166666666667,41.9
24.1,43.0,38.7,32.7,99.0,73.875,42.0
24.4,47.0,38.9,31.4,99.0,73.375,41.1
24.4,35.0,39.4,32.9,100.0,75.22222222222223,44.9
23.8,41.0,39.1,31.9,98.0,66.7361111111111,41.4
24.7,38.0,38.5,32.7,78.0,58.77083333333334,40.5
22.8,35.0,37.2,30.5,94.0,65.09722222222223,40.2
21.4,41.0,37.3,30.2,97.0,72.6875,40.2
23.6,32.0,36.5,30.3,99.0,71.7986111111111,40.0
24.4,42.0,37.3,30.9,88.0,70.84027777777777,41.8
24.0,55.0,32.9,27.7,94.0,79.74305555555556,33.5
23.5,46.0,37.7,30.4,95.0,76.72222222222223,41.5
24.3,44.0,37.8,29.9,100.0,77.64583333333333,41.2
25.8,56.0,36.7,30.0,95.0,76.28472222222223,36.9
26.7,44.0,39.9,32.1,94.0,78.2638888888889,42.1
25.2,51.0,39.5,30.4,96.0,78.72916666666667,39.8
24.4,50.0,39.0,30.2,99.0,75.88194444444444,37.7
24.1,40.0,38.5,38.3,91.0,70.56944444444444,39.9
25.5,59.0,35.5,29.4,95.0,79.27777777777777,34.4
24.7,43.0,39.1,36.7,99.0,76.15972222222223,38.7
24.9,55.0,36.0,29.0,94.0,76.74305555555556,35.8
24.7,49.0,36.7,29.0,97.0,75.0763888888889,36.0
23.4,48.0,39.4,29.6,97.0,75.5763888888889,37.4
24.2,53.0,38.2,30.2,96.0,79.34027777777777,36.9
24.8,47.0,38.1,29.6,89.0,70.90972222222223,36.5
25.2,46.0,38.3,28.5,84.0,69.16666666666667,35.6
21.9,41.0,35.0,28.6,89.0,66.77083333333333,35.5
20.0,36.0,38.0,31.9,87.0,64.7638888888889,36.8
23.1,44.0,39.1,30.1,93.0,73.52083333333333,38.5
21.7,41.0,38.3,30.3,93.0,69.96527777777777,39.3
24.8,41.0,38.7,30.4,91.0,67.40972222222223,38.7
24.3,51.0,37.2,30.5,91.0,73.7638888888889,38.4
23.4,68.0,33.2,28.2,100.0,87.70833333333331,32.2
24.9,57.0,38.1,29.2,98.0,85.8888888888889,36.1
24.6,60.0,35.8,29.1,98.0,81.5,34.5
23.6,73.0,32.3,28.4,98.0,87.72222222222223,32.5
22.4,48.0,36.2,28.5,83.0,69.7638888888889,35.1
20.4,46.0,36.6,28.6,100.0,76.15277777777777,36.4
22.5,51.0,36.5,28.2,96.0,78.53472222222223,35.5
24.3,61.0,34.7,27.6,96.0,79.75694444444444,32.7
23.5,76.0,32.5,27.4,96.0,88.28472222222223,30.6
24.1,54.0,36.1,28.1,97.0,83.30555555555556,34.7
23.3,65.0,31.0,26.4,96.0,82.6125,29.7
23.8,62.0,34.1,26.9,94.0,82.30555555555556,31.4
23.1,58.0,36.8,28.1,95.0,81.89583333333333,34.5
24.4,80.0,28.2,26.3,98.0,93.3125,27.7
23.1,55.0,38.0,29.1,98.0,81.94444444444444,35.8
21.7,72.0,29.5,26.0,96.0,86.98611111111109,27.5
20.8,53.0,34.6,25.6,98.0,80.95833333333333,29.7
20.5,75.0,29.6,28.7,100.0,93.81944444444444,29.3
22.6,75.0,30.2,24.9,100.0,94.45138888888887,28.2
20.8,84.0,26.7,23.9,99.0,94.94444444444444,24.9
19.4,53.0,38.3,26.2,98.0,80.85416666666667,32.0
21.7,54.0,39.1,27.4,95.0,81.56944444444444,34.7
22.3,50.0,41.4,30.9,95.0,80.1736111111111,36.3
24.5,75.0,33.4,26.9,96.0,90.36111111111113,30.5
21.9,63.0,41.2,27.6,97.0,79.39583333333333,32.9
19.5,64.0,32.3,24.6,82.0,74.03472222222223,28.3
21.8,63.0,33.7,26.0,91.0,81.22222222222223,30.6
23.1,53.0,37.6,33.1,95.0,81.40277777777777,34.5
21.7,73.0,29.8,27.7,96.0,88.96527777777777,28.0
21.1,55.0,39.6,27.4,96.0,80.00694444444444,33.3
20.2,60.0,32.6,25.6,100.0,85.125,29.8
19.7,42.0,40.2,31.8,94.0,69.0486111111111,33.1
18.5,44.0,37.7,25.2,87.0,68.18055555555556,31.4
21.2,58.0,40.6,25.7,94.0,80.8611111111111,32.2
17.6,60.0,31.2,24.3,97.0,79.22222222222223,26.6
16.0,49.0,34.8,22.6,92.0,73.84722222222223,27.7
16.1,34.0,36.3,30.7,97.0,77.10416666666667,33.3
15.0,19.0,31.3,33.8,100.0,69.61805555555556,33.8
13.9,54.0,33.1,23.3,91.0,79.43055555555556,25.1
14.8,54.0,31.6,21.2,93.0,79.25694444444444,25.6
13.4,30.0,37.7,31.7,95.0,74.08333333333333,30.8
14.2,38.0,36.8,22.0,87.0,69.1736111111111,30.4
18.4,75.0,26.1,21.0,100.0,90.03472222222223,23.1
16.9,53.0,38.2,23.9,100.0,83.9513888888889,30.8
18.1,57.0,33.8,23.7,97.0,85.8125,29.9
18.2,49.0,35.2,23.8,100.0,80.90277777777777,29.3
15.6,49.0,30.1,21.7,96.0,76.2013888888889,26.2
16.2,58.0,30.2,21.1,99.0,86.13194444444444,25.9
15.3,62.0,28.0,21.3,99.0,82.27777777777777,24.4
13.1,46.0,29.1,20.0,95.0,77.5138888888889,24.7
12.6,70.0,22.2,18.0,100.0,87.21527777777777,19.1
15.5,57.0,33.4,22.2,100.0,87.25694444444444,29.2
14.3,48.0,34.8,22.4,93.0,74.66666666666667,28.3
14.3,80.0,20.2,19.0,100.0,94.14583333333331,19.0
14.7,47.0,35.7,21.9,100.0,77.06944444444444,27.8
12.1,42.0,33.0,19.6,89.0,71.6388888888889,25.6
11.7,55.0,32.1,19.4,94.0,79.80555555555556,25.9
12.1,56.0,33.7,19.9,95.0,77.8611111111111,25.9
11.7,60.0,26.5,17.6,97.0,83.2361111111111,20.2
10.4,49.0,31.1,18.6,95.0,76.00694444444444,24.0
9.1,43.0,32.0,18.0,92.0,75.94444444444444,23.8
8.2,44.0,29.9,18.0,99.0,81.20833333333333,24.7
10.0,51.0,31.5,18.5,96.0,80.4236111111111,25.4
9.2,53.0,29.3,18.3,99.0,82.6111111111111,23.8
12.3,65.0,24.7,17.6,100.0,91.55555555555556,21.4
7.1,47.0,27.5,16.9,96.0,77.59027777777777,20.7
6.5,80.0,21.9,14.6,98.0,88.8875,16.9
8.5,55.0,31.9,18.0,94.0,82.1875,23.7
8.2,58.0,28.0,16.7,98.0,83.58333333333333,21.1
8.9,69.0,31.7,18.0,100.0,89.25694444444444,24.4
14.2,86.0,24.4,17.2,100.0,97.63888888888887,20.3
13.1,70.0,30.7,18.9,100.0,92.17361111111113,24.6
13.0,80.0,24.0,17.7,100.0,94.95833333333331,20.6
12.8,65.0,28.9,18.9,100.0,89.95833333333331,22.9
11.7,60.0,23.7,16.8,100.0,87.60416666666669,18.8
7.8,71.0,26.8,16.5,99.0,91.98611111111113,21.5
7.0,61.0,27.3,15.8,95.0,85.7638888888889,21.4
11.3,62.0,28.5,16.7,98.0,84.125,22.9
14.3,87.0,27.9,17.2,100.0,96.56944444444444,22.7
13.1,66.0,27.9,16.9,100.0,87.11111111111109,21.1
12.9,61.0,27.0,17.0,97.0,84.41666666666667,20.6
13.0,69.0,25.6,16.9,98.0,88.83333333333331,21.0
13.6,77.0,27.5,17.1,100.0,93.54861111111113,22.7
13.0,55.0,23.1,16.2,100.0,83.53472222222223,18.1
12.7,61.0,28.3,17.5,94.0,84.4375,23.3
12.8,69.0,29.7,17.8,98.0,88.72916666666669,23.9
13.5,64.0,25.7,17.4,100.0,89.45833333333331,20.5
12.6,60.0,26.0,16.8,99.0,85.40972222222223,20.3
12.3,58.0,23.8,16.2,93.0,82.24305555555556,18.3
12.2,59.0,25.7,16.6,94.0,81.83333333333333,20.3
12.5,65.0,27.3,16.6,94.0,85.22222222222223,22.6
12.3,59.0,25.8,16.3,94.0,83.03472222222223,20.4
12.0,59.0,24.9,16.2,92.0,80.8611111111111,19.0
12.0,64.0,25.2,16.2,93.0,83.3611111111111,20.2
12.9,79.0,18.6,15.4,97.0,89.75694444444444,16.8
12.3,63.0,27.1,17.0,98.0,85.19444444444444,21.7
12.1,54.0,20.7,15.1,88.0,80.20833333333333,16.5
11.0,57.0,23.3,15.5,100.0,86.04166666666669,17.8
11.3,62.0,25.9,15.2,99.0,86.55555555555556,19.6
12.2,68.0,27.7,17.0,92.0,85.5,22.5
12.7,66.0,26.9,17.5,93.0,85.81944444444444,23.0
12.8,83.0,21.4,16.7,93.0,89.54166666666669,19.5
12.7,66.0,28.7,17.8,94.0,86.42361111111109,23.7
13.0,88.0,21.2,16.4,100.0,94.05555555555556,19.2
13.2,78.0,22.7,16.7,100.0,91.90972222222223,19.4
12.9,62.0,25.9,17.0,94.0,85.11805555555556,20.4
12.7,61.0,24.3,17.2,92.0,84.47916666666667,21.7
12.5,65.0,26.9,17.5,93.0,85.55555555555556,22.9
13.0,83.0,25.4,17.5,99.0,91.96527777777777,22.4
12.2,71.0,33.0,18.6,92.0,85.27083333333333,26.4
12.5,78.0,34.2,19.1,92.0,86.76388888888891,27.9
12.3,73.0,33.9,19.1,90.0,85.45833333333333,27.4
12.3,81.0,34.9,19.4,94.0,88.59722222222223,28.2
12.6,80.0,35.1,19.2,99.0,92.9375,28.7
12.6,70.0,35.9,19.7,100.0,95.27777777777777,29.2
13.0,75.0,33.5,18.9,100.0,95.52777777777777,28.6
12.7,70.0,29.8,19.1,100.0,92.45138888888887,25.9
12.2,59.0,32.3,18.5,99.0,90.03472222222223,26.2
11.9,87.0,22.4,17.4,100.0,94.22222222222223,21.1
12.1,70.0,36.5,19.5,100.0,92.60416666666669,30.3
13.0,94.0,15.6,15.9,100.0,98.92361111111113,15.3
12.8,68.0,30.5,18.1,100.0,92.88888888888887,25.4
12.5,65.0,28.6,16.5,100.0,92.4125,24.0
12.7,89.0,22.6,16.7,100.0,95.57638888888887,20.1
12.5,55.0,29.8,18.6,99.0,87.63194444444444,24.2
12.9,63.0,28.2,18.8,97.0,87.26388888888891,22.8
13.2,58.0,30.1,19.1,96.0,85.625,24.2
13.2,61.0,34.1,20.4,97.0,87.25,26.8
13.9,80.0,28.8,20.0,100.0,94.76388888888887,25.1
13.4,78.0,30.5,18.6,100.0,95.60416666666669,25.7
13.5,57.0,32.0,20.1,100.0,87.41666666666669,25.5
13.3,65.0,32.6,19.5,99.0,90.07638888888887,24.9
13.3,55.0,31.2,19.6,99.0,88.125,25.3
12.6,68.0,33.5,19.4,96.0,87.72222222222223,25.8
13.2,54.0,33.7,20.3,100.0,85.52777777777777,26.6
13.0,56.0,34.2,20.6,100.0,85.49305555555556,27.3
13.3,66.0,31.6,19.9,100.0,91.375,25.6
13.7,53.0,33.2,20.9,100.0,87.27083333333331,27.2
13.3,67.0,32.2,20.6,100.0,93.11111111111113,25.7
14.1,74.0,29.2,19.3,100.0,97.11805555555556,23.9
13.7,57.0,34.5,20.8,100.0,87.54166666666669,26.9
13.3,70.0,31.9,19.5,100.0,91.83333333333331,24.5
13.4,60.0,33.4,20.3,100.0,88.86111111111109,25.4
13.8,52.0,34.8,21.0,100.0,86.11805555555556,27.5
13.7,49.0,34.7,21.4,98.0,84.09027777777777,27.6
13.5,88.0,15.4,17.4,100.0,97.93055555555556,15.4
13.7,59.0,32.9,19.9,100.0,91.31944444444444,25.6
13.6,68.0,33.8,20.2,100.0,90.03472222222223,24.8
13.0,57.0,34.2,20.8,100.0,86.51388888888891,26.7
13.4,89.0,21.7,18.3,100.0,98.28472222222223,19.8
13.2,52.0,36.0,19.9,100.0,87.80555555555556,25.8
13.2,56.0,35.0,19.4,100.0,89.97222222222223,23.8
13.1,54.0,36.4,20.5,100.0,85.66666666666667,26.0
13.3,49.0,36.7,20.8,100.0,83.90972222222223,26.7
13.4,52.0,37.3,21.0,100.0,84.65277777777777,26.5
13.6,47.0,38.6,21.3,100.0,83.1736111111111,27.2
13.6,49.0,37.8,21.2,100.0,85.70833333333333,28.4
14.0,92.0,22.3,18.0,100.0,97.79861111111113,19.9
13.9,50.0,33.2,20.7,100.0,89.23611111111109,26.3
13.8,46.0,35.6,21.4,100.0,83.84027777777777,26.6
14.0,83.0,28.0,19.9,100.0,96.07638888888887,23.4
13.6,46.0,35.8,20.9,100.0,84.90972222222223,26.2
13.5,79.0,31.0,20.4,100.0,93.45833333333331,24.3
14.7,97.0,24.2,19.2,100.0,99.75694444444444,21.7
13.9,43.0,34.2,21.4,100.0,85.11805555555556,27.2
13.5,48.0,36.2,21.5,100.0,85.375,27.0
13.7,47.0,35.4,21.6,100.0,85.47222222222223,26.6
13.8,47.0,35.2,21.6,100.0,84.2013888888889,27.1
14.0,45.0,35.0,21.5,99.0,83.8611111111111,26.7
13.4,68.0,32.9,21.6,97.0,89.60416666666669,26.6
12.4,89.0,26.3,18.7,100.0,96.27777777777777,21.2
13.7,38.0,36.8,21.4,100.0,80.74305555555556,28.6
13.6,44.0,36.2,21.9,100.0,83.4236111111111,27.5
13.2,60.0,38.9,21.8,100.0,88.65277777777777,29.7
14.4,91.0,22.7,18.6,99.0,96.54166666666669,20.4
13.7,48.0,35.1,20.7,100.0,84.93055555555556,26.3
13.2,36.0,36.4,21.1,97.0,83.0486111111111,28.3
13.2,48.0,39.2,21.5,97.0,81.05555555555556,29.9
13.5,48.0,37.6,21.5,98.0,83.175,29.6
14.4,34.0,30.5,29.8,99.0,69.27777777777777,31.8
16.0,80.0,20.2,20.4,99.0,91.5,20.5
14.2,43.0,31.4,28.6,99.0,76.1111111111111,33.3
16.7,50.0,29.1,25.9,99.0,79.27777777777777,31.3
14.2,33.0,25.6,24.2,99.0,59.70833333333334,28.1
13.2,41.0,25.9,23.5,99.0,73.77083333333333,28.1
14.3,21.0,31.2,29.1,99.0,70.36805555555556,33.5
14.5,21.0,32.7,32.3,99.0,69.69444444444444,34.8
14.4,27.0,32.7,31.2,99.0,64.74305555555556,35.9
16.0,27.0,34.4,31.9,99.0,66.4236111111111,37.7
16.8,36.0,30.9,30.8,95.0,69.58333333333333,33.3
16.4,33.0,30.9,30.3,99.0,71.3125,33.6
17.5,39.0,30.4,30.0,93.0,70.5625,33.2
19.4,65.0,25.8,24.3,99.0,89.45138888888891,27.7
16.2,58.0,28.6,27.8,99.0,87.75694444444444,30.7
15.0,26.0,30.4,27.4,94.0,54.29166666666666,34.9
13.3,29.0,32.5,30.9,88.0,57.90277777777778,32.7
14.5,33.0,31.2,30.4,97.0,65.8888888888889,35.0
15.9,32.0,34.5,29.2,98.0,67.9861111111111,36.4
20.3,54.0,30.9,27.2,99.0,82.28472222222223,33.7
19.2,43.0,32.7,28.2,99.0,78.7013888888889,36.0
15.6,29.0,28.7,26.9,99.0,64.35416666666667,33.3
13.8,33.0,29.3,25.5,80.0,50.923611111111114,31.4
14.6,26.0,32.3,27.0,89.0,51.59722222222222,32.7
11.8,33.0,30.9,26.0,97.0,63.923611111111114,32.8
15.6,41.0,31.8,26.0,99.0,74.85416666666667,33.0
17.6,57.0,28.4,23.8,99.0,85.59722222222223,30.7
17.0,71.0,26.0,23.4,99.0,92.93055555555556,26.5
15.3,41.0,33.1,27.5,99.0,74.06944444444444,33.6
15.7,35.0,35.6,28.5,99.0,62.97916666666666,36.6
18.0,26.0,32.2,23.9,79.0,56.64583333333334,33.7
16.2,23.0,33.8,27.4,73.0,47.59722222222222,35.0
13.8,35.0,30.5,25.0,99.0,68.4861111111111,32.1
15.8,27.0,32.0,26.3,99.0,73.53472222222223,32.4
15.1,27.0,33.4,26.7,99.0,69.13194444444444,39.1
15.7,32.0,34.7,26.1,95.0,61.95138888888889,35.0
16.0,45.0,34.2,26.4,87.0,67.00694444444444,33.2
18.3,69.0,26.0,23.5,98.0,84.75694444444444,25.2
17.7,34.0,35.7,26.2,99.0,69.34722222222223,34.8
17.0,50.0,36.8,27.3,98.0,79.5,36.3
18.2,79.0,29.4,24.5,99.0,93.34722222222223,29.0
19.4,45.0,34.1,25.0,98.0,75.08333333333333,32.1
18.4,45.0,35.7,27.4,99.0,78.19444444444444,35.8
19.8,51.0,34.9,26.6,99.0,79.93055555555556,34.2
20.5,73.0,27.1,24.5,99.0,92.9375,27.0
20.9,56.0,29.7,25.1,99.0,79.7361111111111,29.2
20.7,57.0,34.7,25.8,99.0,85.02777777777777,31.9
21.5,64.0,31.3,25.8,99.0,90.18055555555556,30.2
21.2,65.0,29.9,25.6,99.0,89.03472222222223,28.8
21.3,75.0,30.5,25.7,99.0,93.47916666666669,29.1
22.4,44.0,37.9,28.6,99.0,81.7361111111111,38.8
23.1,42.0,39.7,30.0,99.0,78.47222222222223,40.1
24.1,45.0,38.0,30.6,99.0,73.43055555555556,39.7
24.4,58.0,35.8,29.3,99.0,82.43055555555556,36.7
23.4,54.0,35.2,28.0,99.0,80.4236111111111,36.7
21.6,43.0,35.0,27.8,93.0,69.175,36.2
25.1,61.0,37.2,30.7,99.0,81.1111111111111,35.6
24.4,62.0,34.8,29.1,99.0,85.4513888888889,33.3
23.5,43.0,39.1,29.8,98.0,73.44444444444444,37.9
24.5,49.0,39.2,29.7,98.0,73.9236111111111,38.4
25.7,54.0,38.2,29.6,98.0,83.69444444444444,37.8
25.5,44.0,40.5,30.9,99.0,79.9861111111111,40.8
26.6,78.0,32.7,28.8,99.0,93.0,32.2
25.3,53.0,36.1,28.7,99.0,77.90972222222223,35.7
24.7,43.0,39.2,29.6,84.0,66.09722222222223,39.2
24.6,40.0,41.2,30.4,96.0,73.88194444444444,41.3
25.6,60.0,38.5,30.1,97.0,85.52777777777777,36.4
24.9,58.0,35.5,29.4,99.0,84.75,34.8
23.1,49.0,39.4,29.4,96.0,76.7361111111111,37.1
23.9,54.0,35.7,28.6,98.0,79.1875,35.3
24.1,64.0,33.1,28.1,96.0,86.5625,32.3
23.8,64.0,35.8,28.2,99.0,84.86805555555556,32.5
24.9,53.0,40.2,29.3,98.0,79.7986111111111,36.5
25.4,60.0,35.0,28.7,97.0,85.5486111111111,35.0
24.3,46.0,38.8,29.9,99.0,78.7638888888889,37.6
23.9,59.0,36.2,29.6,95.0,81.20833333333333,35.5
24.9,53.0,41.0,29.9,96.0,80.22916666666667,37.3
25.0,51.0,40.5,29.7,97.0,81.02083333333333,38.9
24.5,53.0,36.0,29.2,95.0,77.59722222222223,36.3
26.3,48.0,39.7,30.5,91.0,75.21527777777777,37.9
25.6,51.0,38.4,30.3,94.0,76.08333333333333,37.3
24.3,37.0,37.8,29.5,96.0,68.72222222222223,36.7
22.1,45.0,38.8,28.9,93.0,71.25,34.9
23.1,45.0,39.7,28.7,95.0,77.75,37.5
24.9,48.0,37.6,29.9,97.0,80.97222222222223,36.2
25.0,44.0,38.2,30.5,97.0,76.34722222222223,37.6
24.0,46.0,37.3,28.9,85.0,70.75,35.6
20.6,35.0,38.1,27.7,83.0,58.84027777777778,35.4
21.4,42.0,35.2,27.3,98.0,71.13194444444444,33.4
19.0,37.0,34.8,26.5,93.0,64.34027777777777,33.0
20.2,54.0,31.2,26.0,93.0,75.25694444444444,30.1
20.5,52.0,36.2,26.7,98.0,80.4236111111111,33.8
22.5,65.0,31.6,26.3,99.0,87.60416666666669,30.5
22.7,60.0,35.9,27.5,99.0,86.79861111111109,34.3
23.5,35.0,35.6,27.5,99.0,74.9375,35.2
22.0,43.0,37.1,27.9,98.0,77.7638888888889,35.2
22.2,47.0,35.1,27.9,99.0,81.09722222222223,36.1
22.3,56.0,34.3,26.8,97.0,82.0138888888889,32.9
23.1,78.0,29.5,26.4,99.0,92.88888888888887,28.6
21.7,50.0,34.9,27.1,94.0,71.3263888888889,33.6
19.7,43.0,34.1,26.0,98.0,63.07638888888889,32.2
18.3,45.0,31.7,24.5,89.0,70.3611111111111,29.9
18.7,76.0,21.4,23.1,99.0,92.95833333333331,21.6
18.9,69.0,32.2,24.6,99.0,91.52083333333331,31.0
19.9,45.0,34.3,26.2,99.0,76.58333333333333,33.0
17.3,45.0,35.2,25.7,99.0,77.1388888888889,33.2
20.0,55.0,31.5,24.8,99.0,82.99305555555556,29.9
19.1,35.0,33.2,25.2,96.0,65.6875,32.7
17.4,68.0,26.5,23.4,99.0,89.39583333333331,24.8
19.6,59.0,32.0,24.4,99.0,84.7986111111111,30.3
19.0,57.0,32.4,24.8,99.0,85.27777777777777,29.8
17.6,48.0,34.4,24.3,99.0,86.35,32.3
19.0,59.0,29.3,22.9,98.0,83.38194444444444,27.2
18.5,80.0,25.4,22.1,99.0,93.75694444444444,23.3
16.9,85.0,23.5,21.4,99.0,94.67361111111113,21.7
15.4,86.0,21.7,20.3,99.0,96.09027777777777,21.2
12.0,74.0,20.5,18.1,99.0,94.88888888888887,19.0
15.3,53.0,26.6,26.0,99.0,89.9375,30.7
17.1,83.0,22.4,22.2,99.0,96.47916666666669,22.6
17.5,99.0,21.9,20.4,99.0,99.0,20.6
13.0,34.0,25.9,20.7,99.0,67.35416666666667,26.0
12.8,59.0,23.9,19.2,99.0,77.74305555555556,21.0
11.3,67.0,22.7,19.0,83.0,76.08333333333333,20.9
9.3,25.0,30.8,19.9,99.0,65.2638888888889,28.6
10.9,28.0,29.4,19.8,97.0,58.68055555555557,27.1
14.7,43.0,20.8,18.7,82.0,58.24305555555557,19.7
15.2,82.0,22.0,19.3,98.0,92.81944444444444,20.5
9.4,22.0,24.7,20.2,98.0,63.97916666666666,24.9
8.5,23.0,27.2,20.5,74.0,56.548611111111114,28.1
10.3,31.0,28.9,21.9,79.0,60.569444444444436,27.6
8.0,29.0,27.9,20.8,75.0,58.93055555555557,26.6
9.5,26.0,28.8,19.3,77.0,58.861111111111114,27.5
10.2,27.0,26.9,19.7,72.0,52.14583333333334,26.1
8.8,22.0,29.6,18.3,70.0,50.24305555555557,26.0
10.3,30.0,29.9,19.3,79.0,60.60416666666666,27.8
12.0,32.0,31.2,19.7,74.0,59.03472222222222,29.3
14.7,62.0,21.7,19.0,79.0,73.39583333333333,20.5
9.9,17.0,24.5,18.9,78.0,46.236111111111114,24.7
8.7,36.0,26.5,18.2,88.0,61.3125,24.2
9.7,29.0,26.5,18.2,89.0,61.0625,22.6
7.0,35.0,23.1,16.3,73.0,57.65277777777778,20.4
5.6,35.0,27.6,17.4,91.0,68.44444444444444,26.0
10.6,67.0,19.9,16.5,83.0,75.63194444444444,18.4
9.5,32.0,27.3,17.7,84.0,65.61805555555556,25.4
6.9,30.0,20.4,15.8,75.0,58.9375,20.3
6.2,30.0,23.4,16.2,78.0,62.16666666666666,23.7
9.4,73.0,13.9,14.4,81.0,77.84722222222223,13.3
7.2,36.0,23.7,15.4,76.0,61.82638888888889,19.7
6.0,42.0,23.3,14.4,76.0,66.5,20.0
6.1,30.0,24.7,15.2,75.0,60.39583333333334,20.2
7.8,52.0,23.2,14.9,81.0,72.6875,19.6
9.6,38.0,25.2,16.7,83.0,65.9236111111111,21.5
7.0,34.0,27.7,16.2,74.0,60.59027777777778,22.4
5.8,38.0,26.1,15.6,78.0,65.28472222222223,20.9
6.3,46.0,25.5,15.4,80.0,71.35416666666667,22.7
8.9,31.0,26.9,16.3,85.0,68.0486111111111,23.7
8.4,42.0,24.9,16.4,79.0,67.60416666666667,21.5
8.5,50.0,22.5,16.1,80.0,69.38194444444444,20.7
12.4,48.0,23.1,16.7,82.0,70.72222222222223,20.9
9.6,34.0,24.4,16.3,80.0,64.2013888888889,21.0
7.3,34.0,24.6,15.7,79.0,64.59027777777777,20.7
6.6,36.0,25.3,15.7,83.0,66.43055555555556,21.8
6.0,68.0,19.7,13.9,99.0,88.08333333333331,16.2
7.3,38.0,22.2,14.5,96.0,68.77777777777777,19.4
5.3,36.0,27.1,15.0,71.0,58.43055555555557,22.9
11.1,37.0,24.4,15.2,80.0,59.9,20.1
11.4,76.0,26.7,18.7,100.0,97.85416666666669,26.2
11.3,84.0,29.1,19.2,100.0,98.30555555555556,28.5
11.6,85.0,29.4,19.8,100.0,98.20138888888887,28.0
11.0,78.0,29.9,19.3,100.0,97.47916666666669,25.7
10.5,81.0,27.7,19.1,100.0,98.25694444444444,25.0
10.2,86.0,29.2,19.3,100.0,99.20833333333331,27.6
12.2,87.0,27.2,19.2,100.0,99.05555555555556,25.5
11.2,80.0,27.3,18.6,100.0,98.52083333333331,27.3
10.4,100.0,25.3,17.0,100.0,100.0,24.0
10.8,81.0,28.0,18.6,100.0,97.59722222222223,27.4
11.0,86.0,26.5,18.1,100.0,98.79166666666669,24.4
11.0,85.0,27.8,18.7,100.0,98.47222222222223,26.5
10.3,100.0,18.2,15.9,100.0,100.0,17.5
10.7,84.0,27.9,18.3,100.0,98.22222222222223,26.0
10.8,90.0,25.6,17.9,100.0,99.09027777777777,24.5
10.7,90.0,27.2,18.3,100.0,99.24305555555556,25.4
10.9,83.0,30.5,18.9,100.0,98.46527777777777,27.2
9.9,100.0,26.0,17.1,100.0,100.0,23.6
9.6,88.0,27.5,17.9,100.0,99.53472222222223,25.0
9.8,80.0,29.3,18.3,100.0,98.52777777777777,25.3
9.5,100.0,16.1,15.7,100.0,100.0,14.4
9.3,84.0,26.3,17.6,100.0,98.39583333333331,23.1
9.3,79.0,29.2,17.9,100.0,97.79861111111113,25.0
9.6,85.0,26.3,17.9,100.0,98.57638888888887,23.1
10.2,81.0,31.2,17.7,100.0,97.11111111111113,24.8
10.3,76.0,30.2,18.3,100.0,97.27777777777777,27.9
10.2,77.0,32.3,18.9,100.0,96.9375,29.5
10.1,82.0,28.2,18.8,100.0,97.61805555555556,25.6
10.1,90.0,26.7,18.3,100.0,99.27083333333331,23.7
11.0,100.0,18.2,16.3,100.0,100.0,15.8
10.1,81.0,28.4,18.6,100.0,97.625,24.3
10.1,80.0,30.8,19.1,100.0,97.20833333333331,27.7
10.0,77.0,28.8,18.7,100.0,97.1875,25.6
10.3,87.0,26.7,18.5,100.0,98.29861111111113,23.8
8.2,100.0,20.3,16.4,100.0,100.0,17.7
7.9,80.0,29.8,19.4,100.0,98.67361111111113,25.6
9.8,96.0,27.7,17.6,100.0,99.88888888888887,23.7
9.7,98.0,30.7,18.2,100.0,99.96527777777777,23.5
10.7,81.0,29.9,18.9,100.0,98.71527777777777,29.6
1.2,77.0,32.1,20.1,100.0,98.47222222222223,30.5
10.9,100.0,24.1,16.5,100.0,100.0,21.3
10.5,87.0,28.1,18.8,100.0,99.25694444444444,23.8
10.5,77.0,31.2,19.8,100.0,96.74305555555556,26.4
10.6,92.0,27.6,19.8,100.0,99.5625,24.6
10.2,100.0,21.2,17.2,100.0,100.0,19.5
10.0,93.0,27.9,18.9,100.0,99.88194444444444,24.2
10.1,77.0,30.2,20.0,100.0,97.36111111111113,27.0
11.5,73.0,27.6,19.0,100.0,96.08333333333331,24.2
11.5,75.0,29.0,18.9,100.0,96.29861111111113,25.8
7.5,71.0,33.1,20.0,100.0,95.25,27.5
9.1,71.0,30.6,19.8,100.0,95.23611111111113,27.1
11.6,75.0,32.2,19.7,100.0,95.91666666666669,26.8
2.2,67.0,35.7,20.4,100.0,95.28472222222223,30.5
2.0,98.0,27.5,20.0,100.0,99.9375,23.8
11.2,68.0,32.0,20.8,100.0,95.02777777777777,27.9
11.9,78.0,28.0,18.9,100.0,96.7125,23.3
12.9,32.0,34.8,21.0,90.6,67.11666666666672,31.1
8.9,34.8,32.4,20.8,93.6,70.57569444444447,28.8
8.8,31.9,31.7,20.7,95.8,73.08055555555556,27.6
7.4,35.7,31.4,20.1,93.7,75.93124999999998,27.6
8.9,39.6,34.6,20.9,93.9,77.41249999999998,30.8
9.5,35.3,34.2,21.4,94.1,75.2645833333333,31.2
9.2,29.1,37.5,22.5,96.0,74.96180555555556,33.2
11.1,22.2,37.3,22.7,95.9,68.10694444444447,33.0
8.3,36.4,35.7,22.1,94.9,74.32430555555554,33.0
10.1,36.3,33.3,22.2,95.8,77.11458333333333,29.5
11.9,42.5,33.2,21.9,98.2,77.04166666666669,29.2
12.5,35.3,36.3,24.0,96.1,74.68888888888887,32.4
12.3,39.2,36.1,23.9,95.6,75.46111111111108,32.7
13.3,41.2,30.6,21.8,97.9,82.09652777777777,28.5
16.4,67.2,26.7,20.8,100.0,94.33472222222224,25.8
10.7,35.4,25.6,20.6,99.6,81.55833333333331,23.9
8.2,25.7,29.8,20.2,93.8,71.50694444444444,25.6
5.6,35.8,35.9,20.5,93.4,76.5923611111111,32.1
9.0,20.6,35.8,22.0,94.7,69.42500000000003,32.7
12.6,86.7,23.9,18.8,100.0,94.09513888888893,22.7
13.8,25.4,34.0,22.8,100.0,77.93333333333331,29.6
11.7,27.6,31.4,22.2,95.2,69.03333333333336,28.1
11.8,45.7,32.1,21.8,99.4,86.7381944444444,30.2
11.8,47.2,27.6,20.9,100.0,88.05624999999996,25.4
10.0,35.8,31.9,21.6,96.0,74.15694444444443,29.0
13.7,63.9,27.0,20.1,99.8,92.90694444444445,26.0
13.3,50.0,31.9,21.2,100.0,84.26527777777777,28.5
11.6,38.0,31.9,23.1,97.3,77.22569444444444,28.7
12.1,36.7,32.8,23.1,95.2,70.46319444444447,29.8
12.6,38.0,35.9,25.2,95.3,73.05208333333337,32.0
12.7,32.7,35.6,25.4,94.5,73.66944444444444,32.7
14.1,42.2,35.3,25.9,94.7,75.14444444444446,33.8
18.1,72.7,25.2,21.3,99.4,90.72569444444441,24.5
14.8,55.4,31.9,24.5,100.0,81.76180555555557,27.7
13.0,38.7,33.3,23.9,91.3,67.55347222222224,30.9
15.1,59.1,28.0,21.8,92.6,77.47638888888885,25.7
12.5,34.9,33.6,23.6,91.6,63.88749999999998,29.2
12.7,35.7,34.5,25.1,93.7,70.88402777777776,31.7
13.6,48.0,33.4,23.5,92.8,75.33402777777779,30.3
14.2,41.0,33.5,24.6,93.2,73.53888888888885,30.6
15.2,69.9,27.1,21.2,99.8,88.81527777777781,26.2
14.0,59.2,26.6,21.9,100.0,80.32291666666669,25.1
11.3,36.3,29.6,22.9,90.0,64.46319444444447,25.9
9.5,37.0,30.1,22.3,91.8,67.02152777777778,28.1
11.8,35.6,33.8,24.0,91.5,71.50416666666672,31.0
15.5,89.7,20.7,19.4,100.0,97.57361111111112,20.3
15.3,83.1,23.2,20.2,100.0,94.17499999999997,22.4
13.5,45.6,31.3,22.1,99.2,80.79722222222223,28.4
10.8,35.6,29.0,22.3,85.6,62.18888888888888,26.8
8.9,27.6,32.2,22.8,92.1,66.6923611111111,28.8
11.2,38.0,33.8,23.4,94.1,73.73402777777778,30.9
16.3,87.2,20.5,19.4,99.9,94.29027777777785,20.2
17.1,42.7,33.1,25.2,100.0,74.05416666666666,29.9
14.9,49.5,33.8,26.0,93.4,75.31805555555555,32.6
16.7,58.7,31.3,23.8,92.9,80.32430555555561,28.6
19.1,56.7,35.1,25.5,93.3,80.41625,32.7
18.8,63.3,31.0,24.5,100.0,85.99236111111101,29.3
18.9,71.0,28.5,24.0,99.8,88.84652777777771,29.1
17.7,76.4,24.9,22.0,99.2,91.42708333333331,24.8
15.9,30.1,36.4,26.9,96.3,64.98055555555558,40.5
16.5,34.6,33.7,26.9,100.0,72.48749999999997,39.3
17.0,32.5,33.9,27.9,97.5,70.14374999999995,39.0
17.3,33.7,34.9,27.6,93.3,68.44166666666663,39.3
18.0,39.7,33.4,26.6,96.0,75.97916666666667,35.9
18.0,83.6,26.7,23.5,100.0,93.57777777777778,26.4
19.6,46.0,33.1,26.2,100.0,85.01875000000003,37.8
18.6,42.1,34.2,26.5,100.0,83.61527777777775,40.5
19.8,38.6,36.6,27.5,100.0,79.6416666666667,40.7
19.4,64.3,31.0,24.9,96.3,84.43472222222223,29.4
21.6,59.0,36.1,26.2,94.9,82.44861111111112,34.7
20.1,48.0,36.6,28.0,95.1,71.05624999999998,36.9
18.2,47.7,35.5,25.8,89.1,69.6006944444444,33.6
17.0,47.0,33.5,25.8,93.1,76.89583333333337,33.5
19.9,74.3,28.1,24.4,98.2,90.2465277777778,26.5
17.3,54.7,32.5,24.6,95.9,80.75277777777772,30.6
16.6,48.8,34.6,26.1,98.1,77.06180555555554,35.1
18.6,68.0,31.9,24.2,95.5,87.97361111111117,29.1
19.0,54.1,34.9,25.5,97.6,84.15347222222226,35.1
19.9,92.2,24.6,23.3,100.0,97.41319444444444,24.0
19.0,66.7,30.6,24.5,100.0,87.02638888888889,30.0
17.0,44.7,37.2,26.1,94.4,73.47152777777774,34.8
18.8,73.7,25.9,24.0,100.0,92.81666666666668,25.7
18.6,45.5,34.7,27.4,100.0,82.00972222222222,36.4
19.7,41.1,38.2,29.9,96.4,73.56597222222223,39.3
22.1,53.8,36.4,29.4,97.4,83.85902777777777,39.0
23.6,52.5,35.4,28.4,97.5,85.44027777777777,39.2
24.0,58.7,38.9,29.9,100.0,85.7666666666667,38.9
24.7,70.0,34.8,29.1,99.9,88.27569444444444,34.5
25.2,61.1,36.8,29.8,100.0,89.30694444444444,38.4
25.0,62.8,36.9,30.4,100.0,85.34583333333336,37.6
24.3,66.2,37.2,29.7,98.3,86.3472222222222,36.3
24.0,65.0,37.0,29.6,99.9,85.6847222222222,35.7
24.6,82.6,31.2,27.7,99.5,92.24166666666667,29.9
24.5,88.0,27.9,26.5,98.8,93.95069444444442,27.4
24.2,79.3,30.0,29.4,100.0,93.44166666666663,30.5
24.7,62.0,33.3,32.2,100.0,89.9055555555556,34.0
24.0,62.6,40.0,29.6,100.0,86.49444444444447,36.6
22.9,65.5,40.7,29.9,97.3,85.09374999999999,36.7
23.2,63.6,41.4,29.8,97.2,83.25972222222225,36.8
24.5,58.7,39.1,29.2,99.3,83.71180555555549,36.7
25.5,56.8,42.6,30.2,99.2,83.97708333333334,38.0
24.6,60.6,44.0,30.7,96.2,80.7215277777778,38.2
24.5,62.5,41.4,30.7,97.3,82.90763888888887,37.3
25.0,66.8,42.5,31.2,97.7,83.55208333333333,37.0
25.5,64.6,41.8,31.0,96.8,85.03819444444446,37.6
26.6,70.5,40.0,31.0,99.0,86.80624999999998,36.6
26.6,68.6,41.2,31.6,99.4,85.4423611111111,37.5
26.9,66.9,41.2,31.2,98.2,86.27986111111109,36.6
26.0,69.9,39.7,30.0,97.0,87.27013888888884,34.7
25.4,64.6,35.1,28.3,98.8,85.24166666666666,32.4
26.4,49.9,39.9,34.2,97.2,80.72430555555559,39.4
26.3,62.4,37.6,31.8,97.2,85.86805555555556,37.0
25.9,57.1,40.9,34.1,99.1,82.46527777777777,39.0
26.6,58.6,38.7,33.4,97.0,82.37569444444443,39.0
25.4,61.5,37.6,31.0,98.0,90.16805555555551,37.8
25.5,63.4,35.7,30.6,100.0,86.6458333333333,36.1
22.1,26.7,40.0,31.3,83.6,63.01180555555558,41.9
19.7,40.5,37.0,29.4,86.4,65.82083333333334,40.6
19.5,33.9,38.3,29.6,91.8,70.52152777777775,39.8
20.9,54.6,37.5,28.7,100.0,82.4826388888889,37.6
25.5,52.0,41.0,31.7,100.0,83.57083333333334,43.5
26.1,46.0,43.8,32.3,99.7,80.01527777777774,43.3
26.2,58.8,42.3,31.5,99.2,84.72847222222228,40.4
26.9,67.0,35.8,30.1,100.0,90.26875000000004,36.5
26.0,67.3,39.0,30.2,99.7,88.66180555555556,36.7
24.4,58.5,41.0,31.7,100.0,82.70833333333339,39.6
23.8,54.3,41.8,31.2,99.4,81.16597222222221,39.8
24.1,62.3,41.5,30.4,99.1,85.25277777777784,37.2
24.7,61.6,40.9,30.5,98.9,83.85277777777782,37.9
24.8,66.9,38.0,30.1,100.0,90.18194444444444,33.8
24.6,55.6,43.1,31.4,100.0,84.9986111111111,39.2
24.2,73.9,36.6,28.1,98.0,89.43055555555553,31.1
23.6,70.5,41.0,29.3,97.5,87.51527777777778,35.2
23.2,59.4,42.3,29.6,96.1,83.73680555555555,38.2
24.6,81.7,35.6,28.4,99.4,94.45694444444445,32.1
24.5,60.4,40.1,29.3,100.0,86.79722222222219,36.1
22.6,69.1,35.2,28.0,97.4,86.7909722222223,32.7
23.3,80.8,31.9,27.8,97.5,89.81736111111107,30.5
25.1,72.5,34.6,28.3,97.6,89.67916666666662,33.1
25.0,61.5,37.0,29.4,99.2,87.65347222222222,37.2
21.6,84.5,31.9,27.3,98.3,93.18958333333332,29.1
20.2,71.0,31.0,25.4,94.0,85.31111111111113,28.6
19.8,68.1,30.1,24.4,93.8,82.88263888888889,27.5
19.7,58.4,35.8,25.1,92.3,82.98194444444444,32.4
20.6,80.7,28.4,24.7,97.7,90.41805555555555,26.9
22.2,80.6,28.8,24.9,100.0,94.2805555555556,27.4
22.6,65.3,39.3,27.7,99.8,85.86180555555553,35.0
22.7,54.6,38.5,27.7,93.0,77.95833333333331,34.5
19.6,59.9,39.3,27.0,93.1,78.03472222222219,33.2
18.7,52.4,37.3,28.7,93.0,78.51388888888884,33.4
20.0,82.4,24.4,23.4,94.8,89.96388888888883,24.3
19.4,86.2,25.1,23.4,95.7,92.06319444444445,24.0
21.1,64.0,36.6,26.2,98.2,83.6708333333333,33.4
19.9,59.6,33.6,25.9,95.7,82.00416666666666,32.1
21.6,71.8,34.0,26.1,98.9,89.39027777777778,30.5
20.4,83.9,25.5,24.7,98.7,93.1340277777778,24.3
18.8,71.1,30.0,24.1,99.7,88.28611111111117,27.2
17.1,72.8,26.9,22.9,97.2,90.58750000000002,24.7
14.8,53.5,34.0,23.9,96.0,80.89097222222223,29.9
18.9,82.8,21.8,22.0,94.4,88.38541666666666,21.4
19.8,74.8,29.9,24.4,100.0,93.22361111111107,28.3
18.1,41.5,37.8,24.1,92.7,69.71874999999993,34.5
14.8,63.0,29.3,22.2,99.2,88.54375000000002,30.8
11.9,52.7,28.2,21.5,94.6,80.25833333333333,29.4
10.2,55.3,27.1,20.9,93.7,81.5347222222223,28.7
10.6,51.2,28.4,20.8,95.4,80.79166666666664,29.8
11.5,52.8,26.5,20.1,95.0,83.37361111111113,29.1
9.9,60.2,24.8,19.4,96.9,85.87986111111114,27.0
9.3,48.9,27.6,19.5,96.1,82.2777777777777,30.0
14.5,56.4,25.2,19.9,99.3,90.40694444444445,26.4
15.4,85.2,23.2,19.6,100.0,96.18055555555556,24.2
15.6,70.2,27.9,21.0,100.0,93.90902777777788,29.4
18.0,77.4,24.8,21.2,100.0,97.52499999999998,25.6
16.3,66.2,27.3,21.8,100.0,91.43402777777777,28.6
16.8,56.5,29.2,22.4,100.0,89.78819444444444,31.0
17.6,86.7,24.0,20.9,100.0,98.66111111111107,24.9
17.2,59.2,27.6,21.9,100.0,90.48541666666664,29.1
14.6,57.2,26.8,21.4,99.6,87.10416666666669,27.6
15.9,63.1,25.5,21.1,100.0,91.23125000000003,26.6
17.2,77.0,23.7,21.0,100.0,94.9159722222222,24.3
14.7,57.1,25.8,20.9,99.5,88.48888888888894,26.8
13.3,52.6,24.1,20.1,99.6,86.32430555555551,25.0
13.5,58.6,26.4,20.4,98.9,87.34305555555555,27.2
15.3,53.0,25.3,20.6,100.0,87.70763888888891,25.9
14.5,57.0,25.5,20.5,100.0,87.43124999999998,26.4
15.4,89.1,21.8,19.8,99.7,96.52916666666668,22.7
13.9,53.1,22.8,19.6,99.9,88.50138888888887,24.9
13.1,48.0,26.1,19.8,100.0,88.33819444444444,28.1
14.7,69.6,22.9,19.7,99.5,94.69166666666668,23.7
13.4,56.8,24.7,19.9,98.5,88.23194444444442,25.6
8.1,52.0,26.3,16.9,99.0,85.1736111111111,22.8
6.6,50.0,22.0,15.8,99.0,87.45833333333331,20.6
9.2,72.0,25.9,17.0,99.0,94.08333333333331,23.9
13.4,99.0,22.0,16.7,99.0,99.0,20.2
13.1,74.0,24.9,18.0,99.0,94.5,23.7
13.2,93.0,21.5,17.4,99.0,98.50694444444444,20.2
12.2,63.0,23.5,18.1,99.0,92.02777777777777,22.4
10.4,56.0,19.0,16.2,99.0,89.50694444444444,17.6
7.5,75.0,22.7,15.8,99.0,98.20833333333331,20.7
6.0,62.0,22.1,15.0,99.0,92.59722222222223,20.5
10.5,75.0,24.6,16.1,99.0,93.65972222222223,22.8
13.5,94.0,24.4,16.5,99.0,98.65277777777777,22.4
12.1,65.0,21.5,15.9,99.0,90.56944444444444,19.1
11.6,54.0,20.3,15.8,99.0,88.22222222222223,18.7
12.1,76.0,22.4,16.0,99.0,94.96527777777777,20.6
12.6,82.0,24.1,16.1,99.0,97.09722222222223,22.0
11.3,46.0,17.2,15.4,99.0,85.3888888888889,16.4
11.5,65.0,24.6,16.5,99.0,92.26388888888887,22.5
12.5,82.0,25.3,17.0,99.0,96.19444444444444,23.3
12.7,59.0,20.4,16.4,99.0,91.22222222222223,19.1
11.7,60.0,19.8,16.0,99.0,89.22916666666669,18.9
11.1,60.0,18.1,15.1,99.0,89.0,16.7
11.6,58.0,19.9,15.5,99.0,89.85416666666669,18.6
12.4,74.0,23.6,15.6,99.0,94.42361111111113,22.0
11.0,57.0,20.0,15.2,99.0,89.34027777777777,17.9
11.0,62.0,18.8,14.8,99.0,88.35416666666669,16.8
11.1,68.0,20.1,14.8,99.0,92.02083333333331,18.2
12.2,95.0,16.5,14.8,99.0,98.54166666666669,15.6
11.4,62.0,21.4,15.5,99.0,90.27777777777777,19.4
9.7,53.0,15.0,14.1,99.0,87.1875,14.2
9.5,59.0,16.5,13.8,99.0,90.30555555555556,14.6
10.4,67.0,18.6,13.4,99.0,92.77777777777777,17.1
11.6,75.0,22.2,15.1,99.0,94.89583333333331,20.7
11.8,73.0,23.0,15.9,99.0,95.88888888888887,21.8
12.5,98.0,19.8,15.6,99.0,98.97916666666669,18.7
12.3,83.0,23.8,16.4,99.0,96.92361111111113,22.4
12.7,99.0,19.8,15.8,99.0,99.0,18.7
12.4,87.0,19.3,15.8,99.0,97.38194444444444,17.7
11.6,63.0,19.2,15.2,99.0,92.5625,17.6
11.6,72.0,21.5,15.4,99.0,93.77777777777777,20.0
12.0,87.0,23.4,16.2,99.0,97.10416666666669,21.6
12.1,89.0,23.1,16.3,99.0,98.51388888888887,21.7
10.5,80.0,26.7,16.3,99.0,95.6875,24.5
11.8,91.0,28.4,16.9,99.0,98.26388888888887,26.8
11.0,87.0,28.1,16.6,99.0,97.45833333333331,26.3
11.4,91.0,28.7,16.7,99.0,98.54861111111113,26.8
11.5,79.0,29.1,16.7,99.0,97.875,27.1
12.0,82.0,29.7,17.1,99.0,98.31944444444444,27.7
12.1,79.0,29.4,16.8,99.0,97.625,27.6
11.8,76.0,26.5,16.9,99.0,96.40277777777777,25.2
11.0,57.0,27.3,16.1,99.0,92.21527777777777,23.8
10.8,89.0,21.1,15.7,99.0,96.5,20.5
11.7,87.0,30.7,16.8,99.0,97.52083333333331,28.6
12.1,99.0,14.6,15.2,99.0,99.0,14.2
11.5,81.0,26.0,15.9,99.0,96.86805555555556,23.6
11.6,64.0,23.4,14.6,99.0,94.0125,20.8
12.3,90.0,21.2,16.9,99.0,98.50694444444444,21.0
12.3,50.0,25.2,18.6,99.0,91.16666666666669,27.6
12.5,42.0,26.2,18.2,99.0,89.82638888888891,28.9
12.5,41.0,27.7,19.5,99.0,87.77083333333331,28.0
12.5,47.0,28.6,20.3,99.0,88.46527777777777,30.2
13.2,73.0,26.8,19.8,99.0,96.42361111111113,26.2
12.8,69.0,28.6,18.8,99.0,96.59722222222223,29.2
12.9,46.0,27.4,20.5,99.0,88.85416666666669,28.9
12.8,52.0,29.9,19.8,99.0,93.1875,29.4
12.9,59.0,27.0,19.9,99.0,92.79861111111113,26.0
12.5,47.0,29.9,20.0,99.0,88.54861111111109,29.2
12.6,40.0,30.4,20.6,99.0,88.22222222222223,30.5
12.6,45.0,30.1,20.7,99.0,89.41666666666669,30.2
12.9,54.0,28.4,20.1,99.0,93.9375,29.0
13.1,42.0,29.8,20.7,99.0,88.8125,30.1
12.7,61.0,29.3,20.6,99.0,93.65277777777777,28.8
13.4,70.0,26.7,19.3,99.0,97.13194444444444,26.5
12.8,47.0,29.8,20.7,99.0,90.70833333333331,28.6
12.8,52.0,27.2,19.7,99.0,91.54861111111113,30.1
12.6,43.0,29.4,20.5,99.0,88.72222222222223,31.5
12.9,33.0,29.9,20.9,99.0,88.45833333333331,31.5
12.7,36.0,30.3,20.5,99.0,87.3125,31.2
13.0,99.0,16.1,18.2,99.0,99.0,14.8
13.1,50.0,29.5,19.1,99.0,92.56944444444444,28.9
12.8,43.0,29.2,19.3,99.0,90.53472222222223,30.2
12.8,45.0,29.2,19.8,99.0,90.09027777777777,30.6
13.1,98.0,20.2,18.1,99.0,98.96527777777777,20.0
13.1,40.0,29.7,20.7,99.0,87.42361111111109,29.9
13.1,43.0,29.4,20.1,99.0,90.85416666666669,28.4
13.0,46.0,29.7,21.2,99.0,86.27083333333331,29.7
13.2,37.0,29.9,21.5,99.0,85.15972222222223,31.2
13.3,34.0,30.2,21.3,99.0,85.45833333333333,31.5
13.3,33.0,30.7,22.1,99.0,83.0486111111111,32.7
13.5,37.0,31.0,21.4,99.0,85.7986111111111,33.0
13.7,92.0,21.0,18.4,99.0,98.28472222222223,20.2
13.5,41.0,29.7,21.4,99.0,87.83333333333331,30.4
13.6,34.0,30.4,21.9,99.0,83.93055555555556,30.2
13.8,79.0,26.0,20.0,99.0,96.22916666666669,24.5
13.5,36.0,30.2,21.5,99.0,84.2361111111111,28.4
13.4,45.0,28.9,20.8,99.0,90.02777777777777,27.3
13.8,96.0,23.3,19.2,99.0,98.77083333333331,21.6
13.6,35.0,30.5,21.7,99.0,83.75,28.5
13.6,41.0,32.8,21.8,99.0,84.97916666666667,29.0
13.7,38.0,30.6,21.9,99.0,85.0625,28.9
13.7,38.0,32.9,22.7,99.0,82.875,32.1
14.0,44.0,33.2,22.4,99.0,83.69444444444444,29.4
13.9,61.0,31.1,22.1,98.0,89.09027777777777,28.2
13.7,89.0,24.0,18.9,99.0,97.5625,21.6
13.7,30.0,31.9,22.0,99.0,80.375,30.9
13.8,35.0,32.2,22.5,99.0,82.5763888888889,30.1
13.7,47.0,32.4,22.1,99.0,87.95138888888891,30.7
13.9,92.0,21.7,19.3,99.0,98.07638888888887,20.4
13.7,40.0,30.3,20.7,99.0,85.3263888888889,26.9
13.5,30.0,31.4,20.7,99.0,84.29166666666667,28.6
13.5,41.0,35.8,21.9,97.0,81.38194444444444,31.9
13.9,42.0,34.3,21.1,98.0,83.1125,31.1
13.8,35.0,31.4,30.7,100.0,67.52777777777777,33.0
14.9,76.0,21.2,21.1,100.0,88.15972222222223,21.6
13.0,44.0,32.8,29.5,100.0,74.43055555555556,33.5
16.7,49.0,31.5,27.1,100.0,74.94444444444444,31.6
14.3,32.0,29.4,26.5,84.0,57.90277777777778,30.5
12.9,41.0,27.7,25.3,99.0,72.49305555555556,52.5
13.9,22.0,32.6,32.1,100.0,69.43055555555556,34.2
14.2,22.0,33.4,33.3,100.0,72.97916666666667,36.3
14.4,26.0,34.0,33.1,97.0,63.32638888888889,37.2
16.0,26.0,36.4,33.1,93.0,64.52083333333333,37.8
16.7,34.0,32.1,33.0,95.0,68.34722222222223,34.9
4.5,30.0,33.0,33.8,100.0,68.3125,36.1
10.7,40.0,32.4,32.2,100.0,70.6388888888889,33.3
19.5,61.0,27.8,25.4,97.0,84.31944444444444,28.7
16.5,54.0,30.4,29.2,100.0,84.9236111111111,31.1
15.0,26.0,33.5,28.5,91.0,51.09027777777778,33.8
13.4,26.0,34.5,29.0,100.0,56.40277777777778,36.2
14.3,31.0,33.5,29.6,97.0,64.0138888888889,35.9
16.0,31.0,34.8,30.1,98.0,65.4861111111111,36.6
2.4,49.0,32.3,27.4,100.0,78.7062937062937,33.8
6.0,40.0,34.7,28.2,100.0,78.3888888888889,36.1
14.5,24.0,32.4,27.8,100.0,59.71527777777778,35.5
14.0,27.0,32.1,26.4,92.0,47.64583333333334,34.6
14.6,20.0,34.9,28.9,82.0,44.875,36.8
11.6,24.0,33.3,26.9,92.0,57.71527777777778,36.1
14.7,32.0,35.4,26.6,100.0,68.46527777777777,37.6
16.6,48.0,30.0,24.3,100.0,83.5,31.9
16.6,65.0,27.1,23.6,100.0,88.54861111111109,27.6
15.0,39.0,35.4,27.1,100.0,71.40972222222223,36.3
15.0,30.0,38.4,29.0,100.0,64.3263888888889,40.2
18.1,28.0,33.5,25.2,75.0,55.25,33.7
16.2,19.0,36.2,29.2,69.0,45.069444444444436,39.0
13.9,33.0,33.2,26.1,100.0,66.20833333333333,33.8
15.2,29.0,34.2,31.1,100.0,72.94444444444444,33.7
15.0,29.0,36.6,29.2,100.0,67.6388888888889,37.9
15.6,31.0,37.4,28.8,100.0,63.25,36.3
15.9,37.0,35.8,28.2,87.0,62.423611111111114,35.6
17.9,70.0,27.3,24.2,99.0,83.35416666666667,25.8
17.4,41.0,36.7,28.7,97.0,69.35416666666667,36.9
16.3,44.0,39.4,29.7,100.0,76.5763888888889,39.1
18.0,75.0,30.8,25.4,100.0,90.35416666666669,30.1
19.6,50.0,34.5,26.6,97.0,72.85416666666667,31.9
18.0,46.0,37.9,29.7,100.0,74.125,38.0
19.2,46.0,37.0,28.8,100.0,76.65277777777777,35.6
20.3,73.0,28.9,25.3,95.0,88.68055555555556,27.8
21.1,56.0,31.4,26.4,100.0,79.80555555555556,29.9
19.1,52.0,35.0,27.4,100.0,82.88194444444444,32.7
22.0,62.0,31.9,27.3,99.0,87.77083333333331,30.7
21.6,62.0,30.8,26.5,100.0,87.29861111111109,29.4
21.8,72.0,31.4,26.7,100.0,90.85416666666669,29.4
23.4,46.0,39.6,30.5,100.0,80.625,39.2
23.5,51.0,39.9,32.6,100.0,77.15972222222223,40.0
24.4,46.0,39.8,36.3,98.0,70.1111111111111,39.7
25.0,62.0,38.1,32.6,99.0,83.63194444444444,35.9
23.8,53.0,37.4,32.1,96.0,76.63194444444444,36.0
22.0,46.0,37.2,31.9,93.0,72.225,36.8
25.8,64.0,38.1,31.7,97.0,80.3888888888889,35.0
24.7,75.0,37.4,29.4,100.0,88.11111111111109,35.1
24.0,45.0,41.8,30.1,94.0,73.47916666666667,36.3
24.7,51.0,41.7,30.7,100.0,76.4236111111111,36.7
26.3,58.0,40.7,30.5,100.0,83.52083333333333,36.1
26.1,54.0,45.1,32.4,100.0,85.27083333333333,38.1
27.4,78.0,35.5,29.3,100.0,91.46527777777777,31.8
26.2,56.0,40.2,30.3,100.0,76.93055555555556,34.9
25.2,47.0,42.6,31.0,100.0,68.38194444444444,37.3
25.0,51.0,42.7,32.0,100.0,76.55555555555556,37.8
26.4,62.0,40.3,31.0,100.0,84.96527777777777,35.6
25.6,63.0,36.2,30.5,98.0,84.16666666666667,34.0
23.8,61.0,39.8,30.4,100.0,80.97222222222223,35.3
24.8,61.0,37.2,29.7,93.0,79.1736111111111,33.9
24.9,67.0,34.3,28.5,92.0,85.54166666666667,30.9
24.6,64.0,37.4,28.7,100.0,88.09027777777777,35.1
25.6,58.0,39.8,30.5,94.0,79.8888888888889,34.9
25.7,78.0,38.3,29.6,100.0,90.61805555555556,35.8
25.0,56.0,42.2,31.3,96.0,78.94444444444444,36.0
24.6,62.0,38.0,30.8,100.0,83.64583333333333,38.2
25.5,58.0,41.4,31.1,93.0,80.84722222222223,35.5
25.2,64.0,42.3,31.0,94.0,81.8263888888889,36.1
24.9,51.0,39.8,30.6,100.0,80.74305555555556,35.8
26.5,56.0,39.9,32.0,100.0,78.41666666666667,36.5
26.1,57.0,38.4,31.8,100.0,80.4513888888889,36.0
24.2,40.0,38.5,30.7,95.0,68.24305555555556,35.7
22.2,58.0,38.2,29.6,100.0,76.69444444444444,33.0
23.6,53.0,41.5,29.6,92.0,78.69444444444444,35.0
25.4,58.0,38.3,30.5,100.0,86.77083333333331,35.4
25.7,50.0,41.9,31.3,100.0,80.05555555555556,36.8
23.9,53.0,40.7,30.0,100.0,79.625,34.4
20.7,43.0,40.4,29.0,81.0,61.6875,33.5
21.4,46.0,36.4,28.4,100.0,73.5138888888889,32.8
19.0,46.0,37.1,27.5,100.0,71.27777777777777,31.8
20.4,60.0,32.0,26.4,92.0,75.35416666666667,29.0
20.6,57.0,36.5,27.8,100.0,83.27083333333333,31.9
23.0,66.0,32.5,26.9,100.0,88.48611111111109,29.9
23.1,66.0,37.8,28.7,98.0,85.5625,33.3
23.9,39.0,36.8,28.8,100.0,76.94444444444444,34.5
22.0,52.0,37.3,28.7,100.0,79.8611111111111,33.6
22.7,53.0,38.0,29.2,94.0,78.88194444444444,33.3
22.7,64.0,35.3,27.4,100.0,85.33333333333333,33.7
23.7,78.0,29.9,26.8,100.0,89.89583333333331,28.8
21.6,56.0,36.9,28.2,100.0,76.4861111111111,33.7
19.7,49.0,35.5,26.8,100.0,72.13194444444444,33.1
18.0,62.0,33.9,24.6,100.0,79.2986111111111,35.8
5.2,81.0,21.1,22.1,100.0,95.67361111111113,21.3
7.6,79.0,32.4,25.3,100.0,95.48611111111113,29.5
19.6,52.0,36.1,27.7,100.0,83.9513888888889,34.8
17.1,58.0,36.1,27.2,100.0,86.77777777777777,32.9
19.4,67.0,32.5,25.5,100.0,86.79166666666669,29.5
18.9,46.0,36.0,27.0,100.0,72.78472222222223,31.9
17.0,69.0,26.9,23.3,100.0,92.3125,26.2
18.3,66.0,33.8,27.0,100.0,88.02777777777777,30.6
18.3,70.0,33.7,25.4,100.0,92.15277777777777,29.1
17.2,58.0,35.5,25.7,100.0,89.0875,31.6
18.3,72.0,29.5,22.9,100.0,92.20138888888887,26.9
17.4,89.0,25.2,22.1,100.0,98.75694444444444,23.6
15.9,94.0,23.2,21.3,100.0,99.65972222222223,20.7
6.1,100.0,21.9,19.9,100.0,100.0,16.6
0.3,77.0,20.7,18.4,100.0,98.60416666666669,15.3
11.3,62.0,32.6,30.1,100.0,93.97916666666669,30.7
10.2,90.0,23.1,22.4,100.0,99.11111111111113,22.5
11.8,100.0,21.5,20.6,100.0,100.0,15.2
9.9,48.0,28.4,22.0,100.0,81.27777777777777,26.5
3.4,90.0,24.4,19.5,100.0,98.36805555555556,15.7
10.5,91.0,22.3,19.3,100.0,98.81944444444444,19.2
5.1,55.0,31.0,21.6,100.0,91.15972222222223,28.2
5.7,56.0,29.1,21.3,100.0,89.96527777777777,27.4
9.8,81.0,20.6,18.8,100.0,96.3125,19.5
9.3,100.0,21.6,19.3,100.0,100.0,12.0
9.4,44.0,25.7,19.6,100.0,81.1111111111111,24.9
1.8,52.0,27.7,20.3,100.0,89.95833333333331,26.7
5.1,55.0,28.4,20.9,100.0,91.47916666666669,28.2
5.7,49.0,27.4,20.1,100.0,90.1875,27.8
7.5,46.0,28.7,20.6,100.0,87.67361111111109,28.4
8.6,53.0,27.4,20.6,100.0,86.8125,25.8
8.7,50.0,29.5,19.6,100.0,84.1111111111111,26.0
6.6,59.0,30.4,21.0,100.0,93.5625,27.7
9.8,61.0,31.7,21.2,100.0,91.55555555555556,28.7
11.2,100.0,21.7,19.4,100.0,100.0,15.9
9.9,43.0,25.1,19.9,100.0,79.43055555555556,24.3
3.2,62.0,26.7,19.2,100.0,93.32638888888887,23.8
3.9,48.0,24.6,19.4,100.0,89.29166666666669,24.6
6.6,62.0,22.5,16.9,100.0,88.99305555555556,20.1
3.5,72.0,27.5,18.9,100.0,97.79166666666669,24.2
7.8,100.0,19.6,16.7,100.0,100.0,15.9
3.1,65.0,27.1,18.7,100.0,96.79166666666669,23.7
5.3,53.0,22.2,16.2,100.0,88.44444444444444,20.8
2.2,51.0,25.1,17.5,100.0,92.1875,24.8
6.7,100.0,13.8,13.7,100.0,100.0,10.4
4.6,67.0,23.9,17.8,100.0,91.77083333333331,20.1
4.9,75.0,23.5,17.6,100.0,96.19444444444444,19.9
4.0,58.0,24.8,18.5,100.0,90.27083333333331,20.7
5.6,70.0,23.1,17.0,100.0,97.38194444444444,19.1
2.2,71.0,25.6,17.4,100.0,97.99305555555556,20.0
5.4,67.0,27.8,17.4,100.0,93.29166666666669,23.7
4.0,70.0,26.2,16.4,100.0,97.68055555555556,21.4
4.6,77.0,26.2,16.1,100.0,97.02777777777777,22.8
5.4,81.0,27.3,17.4,100.0,98.92361111111113,20.0
6.6,73.0,26.2,17.6,100.0,95.3125,23.6
6.7,83.0,22.7,16.7,100.0,97.05555555555556,19.8
8.9,86.0,23.2,17.4,100.0,97.86805555555556,20.2
7.9,68.0,25.1,17.4,100.0,94.36111111111113,22.4
5.6,63.0,25.1,16.7,100.0,95.29166666666669,21.3
4.9,71.0,26.2,16.9,100.0,94.125,22.9
0.5,100.0,19.5,14.2,100.0,100.0,9.7
0.9,100.0,22.7,15.3,100.0,100.0,15.0
4.1,77.0,27.9,15.8,100.0,97.69444444444444,23.4
1.7,100.0,25.2,16.5,100.0,100.0,13.1
10.0,36.0,24.1,18.0,84.0,69.55555555555556,25.4
10.0,33.0,27.5,18.5,85.0,68.7013888888889,28.3
10.5,35.0,27.0,19.0,86.0,70.1111111111111,29.7
9.9,29.0,27.9,18.6,84.0,69.3125,27.1
10.2,38.0,25.8,18.2,98.0,74.74305555555556,25.8
10.5,31.0,27.6,18.8,97.0,77.27777777777777,28.4
11.6,42.0,25.5,18.9,90.0,74.875,26.3
10.7,36.0,26.8,18.3,89.0,76.1875,28.8
10.7,46.0,23.2,16.7,89.0,77.375,22.5
10.5,38.0,27.0,18.3,83.0,70.27777777777777,27.3
10.6,41.0,26.1,18.0,89.0,73.375,25.4
10.4,39.0,27.7,18.4,90.0,75.66666666666667,27.2
10.2,70.0,17.2,15.8,93.0,86.25694444444444,17.9
10.8,39.0,27.2,18.0,94.0,76.58333333333333,26.7
10.8,38.0,25.1,17.6,90.0,75.02083333333333,27.0
10.9,35.0,25.8,18.0,93.0,76.06944444444444,26.5
10.7,32.0,28.5,18.5,87.0,72.78472222222223,30.5
10.8,55.0,25.0,16.7,99.0,84.7013888888889,24.3
10.6,39.0,25.2,17.4,99.0,79.27777777777777,26.9
10.5,38.0,27.6,18.0,90.0,73.71527777777777,26.4
10.8,85.0,15.7,15.7,98.0,91.79166666666669,15.8
10.9,38.0,25.0,17.2,99.0,83.43055555555556,24.0
10.5,34.0,27.5,17.6,90.0,73.9513888888889,25.7
10.3,41.0,25.9,17.3,91.0,75.39583333333333,23.9
10.1,44.0,27.3,16.9,83.0,71.20833333333333,24.8
10.5,40.0,28.4,17.4,87.0,72.75694444444444,27.4
10.5,43.0,29.5,18.1,95.0,76.21527777777777,28.6
10.9,38.0,25.4,17.7,90.0,74.10416666666667,24.1
10.5,46.0,25.1,17.4,90.0,77.18055555555556,24.4
12.2,89.0,17.5,16.0,96.0,92.11805555555556,17.1
11.9,39.0,26.2,18.1,98.0,82.40277777777777,25.7
11.3,38.0,28.6,18.6,96.0,76.52777777777777,28.4
10.5,35.0,27.4,18.2,87.0,72.40972222222223,26.1
11.3,44.0,25.9,18.2,94.0,76.4861111111111,24.5
11.1,76.0,19.0,16.3,96.0,89.27083333333331,18.7
10.6,43.0,27.4,17.2,97.0,82.86805555555556,26.5
10.5,51.0,26.6,17.1,87.0,75.84027777777777,24.8
10.4,53.0,26.3,17.0,89.0,75.34027777777777,24.0
11.0,44.0,25.0,18.6,84.0,68.14583333333333,46.9
11.0,36.0,27.5,19.9,91.0,73.18055555555556,38.3
10.8,48.0,23.2,16.4,90.0,75.70833333333333,23.5
10.8,36.0,25.7,18.0,76.0,64.11805555555556,25.2
10.8,26.0,27.8,19.8,70.0,57.79166666666666,30.5
10.9,41.0,25.8,19.0,72.0,62.3125,24.7
11.0,49.0,19.7,16.5,77.0,69.05555555555556,20.0
11.0,32.0,25.6,17.9,78.0,68.15277777777777,26.1
11.2,32.0,28.2,19.7,80.0,64.8611111111111,26.9
11.8,25.0,25.8,19.0,73.0,59.90277777777778,29.9
11.8,32.0,25.4,18.8,70.0,60.8125,25.5
11.0,26.0,28.8,20.1,82.0,60.70833333333334,28.4
11.5,22.0,27.3,19.5,76.0,56.36805555555557,32.1
11.6,25.0,29.3,19.4,77.0,58.15277777777778,29.8
11.4,25.0,33.0,20.2,97.0,61.47916666666666,34.9
12.3,37.0,26.8,18.8,98.0,75.9236111111111,25.2
12.4,26.0,29.9,20.5,73.0,56.4375,28.5
11.9,29.0,25.8,18.5,62.0,52.6,24.0
12.4,29.2,35.5,20.5,91.1,70.70902777777779,37.3
8.9,28.8,32.1,21.6,97.5,71.66527777777782,36.1
8.7,30.2,29.5,23.2,97.7,73.93333333333331,33.9
7.0,34.3,31.6,20.3,96.0,76.85902777777778,32.3
8.4,33.3,34.8,21.1,98.2,78.38263888888888,35.7
9.3,35.8,34.3,21.0,99.2,77.36944444444447,33.5
9.0,33.0,36.6,22.1,98.0,75.99722222222225,37.2
10.9,27.6,34.6,22.0,97.3,72.33472222222225,36.4
8.2,34.6,34.3,21.3,98.1,76.2583333333333,36.0
10.1,37.7,33.2,21.6,99.0,78.22986111111108,33.5
11.8,42.6,32.6,21.7,99.7,78.375,33.9
12.2,34.5,36.7,22.8,99.3,75.70902777777779,38.6
12.3,36.6,36.3,22.7,98.2,76.64027777777778,37.4
13.3,44.5,31.2,21.8,99.9,83.76111111111112,30.6
16.5,65.4,29.7,21.5,100.0,93.80138888888888,28.1
10.7,42.7,28.8,21.7,100.0,82.96666666666667,28.1
8.3,23.5,32.6,21.3,94.3,70.80694444444447,37.4
5.6,34.5,36.9,20.1,92.6,75.56458333333333,36.2
9.3,24.0,33.1,20.9,93.8,68.15694444444446,35.5
12.7,80.3,25.8,19.4,99.9,92.68194444444444,24.1
14.7,26.9,34.5,22.5,99.7,76.6458333333333,38.2
12.3,21.5,33.6,24.3,93.5,67.84027777777779,36.3
12.2,45.4,31.0,20.9,95.8,83.3701388888889,29.1
12.3,46.4,31.9,21.5,100.0,86.48055555555555,29.6
10.4,32.7,31.8,20.9,94.5,73.69861111111109,34.6
14.2,62.3,27.6,20.4,96.1,89.6840277777778,26.5
13.8,38.6,34.2,21.2,97.6,81.5847222222222,38.8
11.7,37.8,31.2,21.8,94.5,75.36527777777779,31.6
12.3,33.7,33.1,22.9,99.4,69.42291666666667,36.0
13.0,36.7,35.9,23.1,92.2,70.82083333333327,36.1
12.9,29.4,34.6,23.5,92.2,71.17986111111111,35.4
14.4,38.8,35.6,23.4,91.5,71.62777777777781,36.2
17.8,67.3,25.8,21.5,100.0,87.81875000000002,24.6
14.4,44.5,32.8,23.0,97.3,77.43819444444443,35.9
12.5,30.0,34.6,24.8,86.4,64.33125,35.3
15.6,51.1,29.0,23.5,88.2,72.53958333333333,29.4
13.0,29.5,35.1,25.0,87.8,61.65555555555554,37.2
13.3,32.1,33.8,25.4,89.9,66.73680555555552,34.7
14.2,39.9,34.5,25.2,89.7,71.17777777777779,34.2
15.2,36.9,33.6,25.5,90.8,67.94027777777774,34.7
15.9,62.4,28.7,22.1,97.1,84.88541666666661,26.3
14.9,57.7,28.3,23.2,98.2,77.76944444444446,27.7
12.0,32.1,30.2,24.0,99.9,63.94930555555555,32.1
9.9,32.4,30.5,23.1,92.6,65.46736111111113,31.0
12.5,32.9,35.5,24.7,89.4,69.36805555555557,34.6
15.5,88.5,21.2,20.4,100.0,95.08958333333334,20.8
15.8,77.4,24.4,20.9,98.6,89.93541666666668,22.9
14.4,45.6,32.4,22.1,96.5,78.4548611111111,28.7
11.6,34.0,30.5,22.1,84.7,60.44583333333333,30.1
9.4,27.8,33.5,22.8,100.0,64.37986111111114,30.9
11.6,31.2,34.2,24.0,96.0,70.67847222222218,32.5
16.7,81.6,20.6,20.2,96.2,90.56458333333336,20.5
17.4,39.5,34.3,24.7,97.6,70.2888888888889,35.3
15.5,44.8,35.2,25.6,96.6,73.35972222222223,34.1
16.6,58.6,31.7,24.1,100.0,81.45416666666667,28.6
19.1,52.3,34.4,25.9,93.4,78.025,33.6
18.9,63.1,30.0,23.7,100.0,81.64583333333333,28.1
18.9,71.8,27.1,23.7,98.5,88.16736111111116,27.5
17.5,75.6,24.0,21.7,98.8,90.83333333333331,24.0
16.2,34.8,36.0,27.6,95.8,65.82847222222222,38.4
16.3,41.2,32.8,27.8,100.0,73.17569444444442,36.0
17.0,38.7,32.5,28.9,98.2,70.07569444444452,36.1
17.0,36.7,32.8,28.3,92.7,68.03055555555554,35.9
17.9,42.1,32.0,26.7,95.6,75.1625,35.2
17.9,81.7,25.4,23.0,100.0,92.77291666666667,26.0
19.5,49.5,31.8,26.1,100.0,84.78333333333335,35.0
18.7,46.5,30.3,26.1,99.7,83.72986111111112,35.4
19.7,40.7,35.2,27.5,100.0,80.94166666666666,37.4
19.4,61.8,30.0,24.4,97.3,82.11944444444444,29.9
21.8,57.5,32.9,26.1,92.5,79.78194444444446,34.0
20.1,46.4,33.5,27.4,93.7,68.72083333333333,36.0
18.7,45.4,32.5,25.3,89.1,67.47986111111109,32.3
16.7,50.0,31.9,25.6,92.8,75.81111111111113,31.6
19.8,74.0,26.4,23.7,99.9,89.97500000000004,26.1
17.4,52.7,32.4,24.3,98.4,79.23472222222223,31.1
16.5,45.9,34.0,26.1,99.5,76.7645833333333,35.9
18.6,62.5,31.1,23.6,98.1,87.5333333333333,29.2
18.8,53.8,33.2,25.5,98.8,84.4701388888889,34.0
19.8,92.8,24.2,22.8,100.0,97.23263888888887,23.8
19.4,68.0,29.3,24.2,100.0,86.81319444444439,28.8
17.8,43.1,36.9,26.1,95.9,73.3298611111111,34.7
18.5,73.0,25.8,23.3,100.0,93.41111111111107,25.5
18.4,49.9,35.3,25.9,100.0,83.01458333333336,34.6
20.0,47.0,37.8,27.8,98.0,74.28958333333331,36.8
22.1,59.6,35.7,28.5,98.4,83.9861111111111,36.4
23.7,61.8,35.1,28.2,98.3,86.0986111111112,35.2
24.0,58.4,38.0,29.4,100.0,85.9854166666667,37.6
24.7,68.7,33.3,28.5,100.0,88.62638888888893,33.6
25.1,64.7,35.6,28.8,100.0,89.45972222222225,35.9
24.9,60.0,36.3,30.4,100.0,84.79861111111113,37.1
24.3,66.2,36.1,29.3,98.7,86.25694444444453,35.8
24.0,66.9,35.6,29.1,100.0,85.6,34.3
24.6,81.6,30.2,27.3,99.2,92.58333333333334,29.6
24.5,88.2,27.6,26.3,99.9,95.45000000000006,27.4
24.0,82.6,30.0,29.4,100.0,95.04652777777771,29.3
24.8,66.7,32.6,31.9,100.0,90.76597222222223,31.4
24.1,60.6,37.6,29.2,100.0,85.44652777777776,35.4
23.0,62.7,39.4,29.5,97.9,83.87916666666662,36.0
23.3,60.5,38.7,29.5,98.2,83.08611111111112,35.7
24.5,60.0,37.0,30.1,98.0,82.70902777777775,35.4
25.6,51.9,40.3,29.8,98.9,81.83472222222224,37.7
24.6,51.3,38.5,29.2,97.0,75.9597222222222,36.2
24.5,55.6,38.9,30.0,95.6,79.41874999999995,36.2
25.1,61.3,39.9,30.5,97.3,80.47083333333335,36.8
25.8,61.3,39.2,30.6,96.6,83.17430555555559,37.0
26.6,70.6,38.0,30.7,98.7,86.36875000000002,36.0
26.7,65.0,38.9,31.1,97.8,83.69583333333338,36.9
26.9,67.2,38.5,30.8,98.7,84.76180555555554,36.1
26.1,69.5,35.7,29.6,96.2,84.70625,34.2
25.5,53.3,33.5,27.9,97.4,82.54097222222221,37.5
26.4,42.6,37.2,31.7,98.9,81.9638888888889,40.8
26.3,63.5,36.1,30.3,99.6,87.34375000000004,36.3
25.9,45.8,37.1,32.1,100.0,83.52986111111116,41.2
26.6,49.7,37.7,32.3,98.9,83.47291666666666,41.0
25.2,62.0,36.3,30.1,99.6,91.73611111111107,36.9
25.4,63.5,34.3,29.8,100.0,87.9652777777778,35.4
22.7,29.4,36.1,27.1,83.6,59.97500000000001,35.5
19.8,40.6,34.8,27.8,86.4,66.1541666666667,35.1
19.7,39.6,35.2,27.8,91.2,70.36527777777779,35.0
20.9,59.2,32.4,27.3,100.0,81.13888888888884,32.4
25.6,56.1,38.7,30.3,95.7,80.71111111111115,38.5
26.3,48.7,41.8,31.1,98.8,78.65416666666665,40.5
26.9,66.3,38.0,30.5,99.1,82.84305555555557,37.6
26.9,71.4,34.4,29.5,100.0,91.54027777777776,34.9
26.1,71.7,37.0,29.7,98.3,89.67430555555555,35.4
24.5,54.2,38.3,30.7,99.5,81.92569444444443,38.9
23.9,53.6,38.3,30.3,97.2,79.67361111111114,38.7
24.3,59.3,38.9,29.6,97.1,82.02013888888888,36.7
24.9,55.7,38.6,30.1,97.6,82.30069444444446,37.1
25.1,66.7,35.9,29.6,100.0,88.80069444444445,33.1
24.3,54.1,40.3,30.9,100.0,82.81527777777772,38.0
24.1,68.6,32.2,27.5,95.9,85.71597222222223,30.5
23.6,61.1,37.0,28.9,95.7,84.1111111111111,35.2
23.0,55.3,40.3,29.3,94.7,80.6541666666667,37.5
24.7,78.6,35.3,28.3,97.7,92.36458333333336,32.6
24.3,61.9,38.2,29.0,99.2,84.52777777777774,35.8
22.7,55.9,36.3,27.3,94.5,82.61527777777779,31.8
23.2,76.6,32.8,27.4,96.4,87.62013888888886,30.6
25.0,72.7,34.6,28.0,95.9,87.76527777777773,33.2
24.9,62.5,38.5,29.3,98.3,86.05208333333331,36.8
21.7,83.5,31.0,26.9,96.1,91.00416666666666,29.2
20.0,63.4,29.9,24.8,90.2,80.18680555555551,27.6
19.9,61.4,27.8,23.8,90.3,78.28194444444446,27.2
19.7,54.2,32.5,24.4,90.9,78.40069444444447,30.4
20.6,77.2,28.1,24.3,94.8,87.23194444444445,27.0
22.0,75.8,27.7,24.5,97.2,91.56458333333336,27.5
22.5,57.5,36.2,27.1,97.5,82.95555555555555,34.4
23.4,42.0,33.4,25.9,88.9,67.40347222222225,32.2
19.5,46.8,34.1,26.4,90.1,71.04236111111112,33.1
19.1,45.9,36.0,29.4,90.8,73.22638888888889,32.9
20.1,81.6,24.0,22.9,93.1,88.12430555555551,23.7
19.4,80.8,24.0,23.0,93.4,89.35555555555555,23.7
21.6,54.6,35.4,25.2,95.5,77.32430555555545,31.7
20.0,49.6,36.5,25.2,91.8,75.6215277777778,31.5
21.8,58.7,33.6,26.2,97.9,84.93680555555558,30.8
20.1,79.1,24.4,24.0,94.6,88.72986111111112,23.9
18.5,61.7,28.0,23.7,94.4,83.6215277777778,26.6
17.2,67.4,24.3,22.1,95.8,86.10416666666666,23.3
14.8,48.6,36.2,23.3,92.7,77.2638888888889,30.5
19.1,78.4,21.3,21.6,92.0,85.30208333333333,21.2
19.9,71.3,29.9,23.9,99.7,89.6215277777778,28.4
18.4,49.1,38.9,26.2,93.5,75.2645833333333,34.4
16.3,41.5,38.0,25.0,90.4,71.42916666666662,33.5
16.2,43.9,39.0,24.7,91.5,76.77916666666668,34.2
19.8,77.7,27.8,23.8,94.2,89.03263888888887,26.5
21.0,65.9,31.3,24.1,95.7,86.44624999999998,28.9
14.2,44.3,30.0,22.1,94.7,80.825,31.7
11.3,40.6,27.7,21.0,91.4,72.99027777777776,29.5
9.8,40.3,28.6,20.5,92.8,75.94236111111117,29.9
10.0,37.7,29.2,20.5,94.7,71.93611111111113,31.6
11.2,39.8,26.8,19.6,90.1,72.04861111111113,29.4
9.1,34.7,26.9,18.5,91.3,71.86597222222224,27.3
8.6,35.8,28.0,19.3,92.1,75.42916666666662,30.6
14.3,58.3,26.4,19.8,94.5,87.32986111111109,26.7
15.0,85.9,23.0,19.3,96.7,93.03611111111107,24.5
15.4,74.3,28.0,21.0,97.5,91.83888888888893,30.2
17.1,72.6,24.9,21.0,97.9,92.77083333333331,25.4
15.7,63.8,27.2,21.6,99.9,88.23680555555546,30.2
16.1,46.9,29.6,22.1,98.5,86.71388888888886,31.9
16.8,81.1,23.6,20.5,98.5,94.45833333333331,25.2
16.4,59.7,27.9,22.0,98.5,87.1284722222222,30.3
13.8,61.9,26.5,21.2,96.1,83.7020833333333,28.8
14.9,65.4,25.2,20.7,96.4,86.67291666666668,26.9
16.5,79.1,23.6,20.6,94.4,89.91388888888888,25.1
14.1,61.6,25.6,20.6,95.7,84.6215277777778,28.3
12.5,53.7,24.0,19.9,96.0,83.08611111111115,25.4
12.5,64.1,26.0,20.3,96.0,84.02013888888888,28.6
14.4,62.6,25.5,20.4,98.1,85.32222222222228,27.7
13.6,64.5,25.1,20.3,98.3,83.87847222222231,26.9
14.7,79.5,22.0,19.2,94.4,89.53125000000001,22.6
13.2,52.1,23.2,19.1,95.4,83.61666666666669,25.2
12.1,53.2,25.7,19.4,98.3,84.75555555555553,28.2
13.9,73.8,23.0,19.2,92.8,89.46319444444447,24.3
12.7,61.6,25.0,19.7,93.2,83.93750000000003,26.4
11.9,59.8,24.3,18.9,92.3,83.49097222222224,27.2
12.0,58.9,23.1,18.6,93.0,82.78819444444451,24.8
12.5,74.2,23.0,18.7,96.6,88.50277777777784,24.9
13.3,63.1,24.1,19.1,99.8,85.5847222222222,25.4
12.6,62.7,24.3,18.9,99.1,89.77916666666664,25.7
13.3,60.3,24.8,19.5,96.5,86.47569444444441,26.4
12.4,63.0,23.8,19.2,94.3,85.99374999999998,25.7
12.1,68.8,23.5,19.8,95.3,89.9159722222222,25.3
13.1,64.0,22.9,18.6,98.6,90.32430555555551,24.9
14.4,57.4,26.0,18.9,98.5,91.02361111111112,27.3
16.9,77.7,24.8,19.6,100.0,96.6083333333333,25.6
15.6,59.5,25.3,20.6,97.4,87.98263888888896,26.9
15.2,89.8,21.0,18.9,98.6,95.06388888888893,21.3
13.0,77.4,22.0,19.1,98.7,93.14652777777776,23.2
12.4,62.6,23.2,18.8,97.1,87.4125,24.8
12.5,66.3,23.0,18.4,93.5,86.2284722222222,24.3
12.2,75.1,21.9,17.4,93.8,88.41319444444444,23.2
12.0,62.9,22.3,17.3,95.6,88.78958333333334,23.5
12.8,71.3,22.1,18.0,100.0,93.46180555555551,23.4
12.5,61.5,24.0,18.1,98.4,89.29444444444441,23.9
12.8,61.8,25.1,18.0,93.9,86.52500000000002,23.9
12.6,59.9,25.2,18.0,92.1,84.19097222222223,24.1
12.3,69.8,22.5,17.7,96.0,88.73472222222222,23.5
13.0,55.0,26.6,18.2,96.7,88.34722222222229,25.3
12.9,66.3,23.0,17.6,97.5,89.65902777777781,22.7
12.4,59.2,23.7,17.5,95.3,87.95902777777776,23.7
12.6,77.9,21.8,17.0,98.3,92.2819444444444,23.1
12.6,53.8,23.2,17.4,94.7,85.31875,22.9
12.0,54.4,33.2,23.4,100.0,89.42430555555558,32.4
11.1,75.4,21.0,16.0,98.2,92.42152777777777,21.6
12.2,58.9,34.1,22.0,97.9,89.54374999999996,37.7
12.0,84.7,21.8,16.2,100.0,95.81597222222223,22.6
11.4,41.7,40.2,20.1,100.0,85.72569444444447,34.2
11.0,41.1,40.2,20.4,98.9,85.19097222222223,34.3
