H_mean_x,T60_min_x,H_min_x,T20_max_x,ST_max_x,T60_max_x,H_max_x,housa_x,H_mean_y,T60_min_y,H_min_y,T20_max_y,ST_max_y,T60_max_y,H_max_y,housa_y,H_mean_z,T60_min_z,H_min_z,T20_max_z,ST_max_z,T60_max_z,H_max_z,housa_z,days
76.95,21.7,49.0,37.0,28.0,35.5,100.0,4.66164179200416,82.52083333333333,23.9,55.0,35.7,28.2,34.6,100.0,3.661342892241629,87.47916666666669,25.0,64.0,35.8,28.7,34.2,100.0,2.722717069801732,50.0
86.82847222222217,19.2,65.7,31.3,24.8,28.9,100.0,2.2858081735989164,76.95,21.7,49.0,37.0,28.0,35.5,100.0,4.66164179200416,82.52083333333333,23.9,55.0,35.7,28.2,34.6,100.0,3.661342892241629,51.0
88.19236111111113,19.2,72.5,28.9,24.4,28.9,97.9,1.9274264698915404,86.82847222222217,19.2,65.7,31.3,24.8,28.9,100.0,2.2858081735989164,76.95,21.7,49.0,37.0,28.0,35.5,100.0,4.66164179200416,52.0
90.05625000000003,18.1,75.1,24.8,22.3,24.6,97.2,1.4583243869499127,88.19236111111113,19.2,72.5,28.9,24.4,28.9,97.9,1.9274264698915404,86.82847222222217,19.2,65.7,31.3,24.8,28.9,100.0,2.2858081735989164,53.0
66.05416666666667,16.1,34.9,35.1,27.4,39.5,95.4,6.50812301367742,90.05625000000003,18.1,75.1,24.8,22.3,24.6,97.2,1.4583243869499127,88.19236111111113,19.2,72.5,28.9,24.4,28.9,97.9,1.9274264698915404,54.0
73.2097222222222,16.9,40.4,33.5,27.4,36.7,100.0,5.0223881850580545,66.05416666666667,16.1,34.9,35.1,27.4,39.5,95.4,6.50812301367742,90.05625000000003,18.1,75.1,24.8,22.3,24.6,97.2,1.4583243869499127,55.0
70.1875,17.5,34.5,34.2,28.0,39.1,93.9,5.862330515172597,73.2097222222222,16.9,40.4,33.5,27.4,36.7,100.0,5.0223881850580545,66.05416666666667,16.1,34.9,35.1,27.4,39.5,95.4,6.50812301367742,56.0
69.72569444444447,18.0,37.1,34.7,27.9,38.6,91.9,6.079916812655659,70.1875,17.5,34.5,34.2,28.0,39.1,93.9,5.862330515172597,73.2097222222222,16.9,40.4,33.5,27.4,36.7,100.0,5.0223881850580545,57.0
80.25069444444442,18.7,43.8,33.8,26.6,35.4,99.8,3.640576995599537,69.72569444444447,18.0,37.1,34.7,27.9,38.6,91.9,6.079916812655659,70.1875,17.5,34.5,34.2,28.0,39.1,93.9,5.862330515172597,58.0
96.96319444444441,14.0,90.4,26.4,24.1,26.4,100.0,0.4523560080112348,80.25069444444442,18.7,43.8,33.8,26.6,35.4,99.8,3.640576995599537,69.72569444444447,18.0,37.1,34.7,27.9,38.6,91.9,6.079916812655659,59.0
87.66736111111109,13.9,51.0,32.2,25.8,34.5,100.0,1.982561100621319,96.96319444444441,14.0,90.4,26.4,24.1,26.4,100.0,0.4523560080112348,80.25069444444442,18.7,43.8,33.8,26.6,35.4,99.8,3.640576995599537,60.0
84.33611111111105,19.1,53.9,33.2,26.3,35.4,98.5,2.8866736170808456,87.66736111111109,13.9,51.0,32.2,25.8,34.5,100.0,1.982561100621319,96.96319444444441,14.0,90.4,26.4,24.1,26.4,100.0,0.4523560080112348,61.0
83.33680555555559,20.6,48.1,35.5,27.4,35.8,100.0,3.2390591244725595,84.33611111111105,19.1,53.9,33.2,26.3,35.4,98.5,2.8866736170808456,87.66736111111109,13.9,51.0,32.2,25.8,34.5,100.0,1.982561100621319,62.0
86.81875000000008,19.9,68.9,30.5,25.2,29.5,100.0,2.329030360651243,83.33680555555559,20.6,48.1,35.5,27.4,35.8,100.0,3.2390591244725595,84.33611111111105,19.1,53.9,33.2,26.3,35.4,98.5,2.8866736170808456,63.0
83.74652777777777,21.8,62.7,34.7,26.3,33.8,99.8,3.1573530631477227,86.81875000000008,19.9,68.9,30.5,25.2,29.5,100.0,2.329030360651243,83.33680555555559,20.6,48.1,35.5,27.4,35.8,100.0,3.2390591244725595,64.0
71.96666666666665,20.5,47.9,35.4,27.6,36.9,95.8,5.757645918468446,83.74652777777777,21.8,62.7,34.7,26.3,33.8,99.8,3.1573530631477227,86.81875000000008,19.9,68.9,30.5,25.2,29.5,100.0,2.329030360651243,65.0
71.2708333333334,18.7,46.3,34.3,26.0,34.2,87.4,5.239881835314876,71.96666666666665,20.5,47.9,35.4,27.6,36.9,95.8,5.757645918468446,83.74652777777777,21.8,62.7,34.7,26.3,33.8,99.8,3.1573530631477227,66.0
77.14097222222225,17.7,52.5,33.2,26.1,33.8,92.5,4.2285801144638295,71.2708333333334,18.7,46.3,34.3,26.0,34.2,87.4,5.239881835314876,71.96666666666665,20.5,47.9,35.4,27.6,36.9,95.8,5.757645918468446,67.0
89.90555555555555,20.2,75.1,28.2,24.7,27.0,96.9,1.7026214568747966,77.14097222222225,17.7,52.5,33.2,26.1,33.8,92.5,4.2285801144638295,71.2708333333334,18.7,46.3,34.3,26.0,34.2,87.4,5.239881835314876,68.0
81.80624999999998,17.6,59.1,31.6,24.8,29.8,97.2,3.018204562665509,89.90555555555555,20.2,75.1,28.2,24.7,27.0,96.9,1.7026214568747966,77.14097222222225,17.7,52.5,33.2,26.1,33.8,92.5,4.2285801144638295,69.0
77.32638888888884,17.0,51.4,35.2,26.1,34.7,96.1,4.162450775408582,81.80624999999998,17.6,59.1,31.6,24.8,29.8,97.2,3.018204562665509,89.90555555555555,20.2,75.1,28.2,24.7,27.0,96.9,1.7026214568747966,70.0
87.80833333333334,19.0,71.1,31.8,24.5,29.1,94.8,1.981858933024884,77.32638888888884,17.0,51.4,35.2,26.1,34.7,96.1,4.162450775408582,81.80624999999998,17.6,59.1,31.6,24.8,29.8,97.2,3.018204562665509,71.0
90.65555555555555,15.2,70.9,34.4,25.5,32.6,100.0,1.6396279527477042,87.80833333333334,19.0,71.1,31.8,24.5,29.1,94.8,1.981858933024884,77.32638888888884,17.0,51.4,35.2,26.1,34.7,96.1,4.162450775408582,72.0
99.28472222222223,20.3,96.9,24.7,23.5,24.2,100.0,0.11668477735273006,90.65555555555555,15.2,70.9,34.4,25.5,32.6,100.0,1.6396279527477042,87.80833333333334,19.0,71.1,31.8,24.5,29.1,94.8,1.981858933024884,73.0
94.43819444444449,19.9,77.1,30.3,24.7,27.8,100.0,0.9668910599961152,99.28472222222223,20.3,96.9,24.7,23.5,24.2,100.0,0.11668477735273006,90.65555555555555,15.2,70.9,34.4,25.5,32.6,100.0,1.6396279527477042,74.0
82.9055555555556,17.3,54.3,34.5,26.4,33.6,100.0,3.1892387271362086,94.43819444444449,19.9,77.1,30.3,24.7,27.8,100.0,0.9668910599961152,99.28472222222223,20.3,96.9,24.7,23.5,24.2,100.0,0.11668477735273006,75.0
96.14027777777778,19.2,81.0,25.4,23.6,25.4,100.0,0.6006568920829016,82.9055555555556,17.3,54.3,34.5,26.4,33.6,100.0,3.1892387271362086,94.43819444444449,19.9,77.1,30.3,24.7,27.8,100.0,0.9668910599961152,76.0
86.21666666666663,18.8,58.9,34.5,26.4,34.8,100.0,2.5851297299732074,96.14027777777778,19.2,81.0,25.4,23.6,25.4,100.0,0.6006568920829016,82.9055555555556,17.3,54.3,34.5,26.4,33.6,100.0,3.1892387271362086,77.0
81.79930555555555,20.2,55.3,38.3,28.5,37.6,100.0,3.8335366466778367,86.21666666666663,18.8,58.9,34.5,26.4,34.8,100.0,2.5851297299732074,96.14027777777778,19.2,81.0,25.4,23.6,25.4,100.0,0.6006568920829016,78.0
87.88680555555555,22.6,64.2,38.4,28.8,37.6,100.0,2.5787908772551082,81.79930555555555,20.2,55.3,38.3,28.5,37.6,100.0,3.8335366466778367,86.21666666666663,18.8,58.9,34.5,26.4,34.8,100.0,2.5851297299732074,79.0
91.56527777777771,23.8,73.3,38.4,28.4,34.1,100.0,1.7730715850752747,87.88680555555555,22.6,64.2,38.4,28.8,37.6,100.0,2.5787908772551082,81.79930555555555,20.2,55.3,38.3,28.5,37.6,100.0,3.8335366466778367,80.0
89.58263888888891,24.4,66.4,40.2,29.5,37.2,100.0,2.2952118780339097,91.56527777777771,23.8,73.3,38.4,28.4,34.1,100.0,1.7730715850752747,87.88680555555555,22.6,64.2,38.4,28.8,37.6,100.0,2.5787908772551082,81.0
90.87430555555555,25.1,75.9,37.7,28.9,33.9,100.0,2.0059441949922805,89.58263888888891,24.4,66.4,40.2,29.5,37.2,100.0,2.2952118780339097,91.56527777777771,23.8,73.3,38.4,28.4,34.1,100.0,1.7730715850752747,82.0
95.24722222222216,25.5,71.1,38.3,29.1,37.0,100.0,1.0380341918302474,90.87430555555555,25.1,75.9,37.7,28.9,33.9,100.0,2.0059441949922805,89.58263888888891,24.4,66.4,40.2,29.5,37.2,100.0,2.2952118780339097,83.0
88.23263888888886,25.4,69.9,40.9,30.3,36.6,100.0,2.7502760836473343,95.24722222222216,25.5,71.1,38.3,29.1,37.0,100.0,1.0380341918302474,90.87430555555555,25.1,75.9,37.7,28.9,33.9,100.0,2.0059441949922805,84.0
94.63125,24.7,80.9,39.7,29.5,33.0,100.0,1.1723282317760315,88.23263888888886,25.4,69.9,40.9,30.3,36.6,100.0,2.7502760836473343,95.24722222222216,25.5,71.1,38.3,29.1,37.0,100.0,1.0380341918302474,85.0
94.10902777777771,16.6,73.9,38.8,29.5,34.2,100.0,1.2453523958152573,94.63125,24.7,80.9,39.7,29.5,33.0,100.0,1.1723282317760315,88.23263888888886,25.4,69.9,40.9,30.3,36.6,100.0,2.7502760836473343,86.0
96.72222222222223,24.7,86.8,32.7,27.9,29.8,100.0,0.6747715542181779,94.10902777777771,16.6,73.9,38.8,29.5,34.2,100.0,1.2453523958152573,94.63125,24.7,80.9,39.7,29.5,33.0,100.0,1.1723282317760315,87.0
98.80416666666667,24.6,94.2,28.3,26.7,27.4,100.0,0.23445563589781304,96.72222222222223,24.7,86.8,32.7,27.9,29.8,100.0,0.6747715542181779,94.10902777777771,16.6,73.9,38.8,29.5,34.2,100.0,1.2453523958152573,88.0
99.2375,23.0,92.4,30.3,27.9,28.5,100.0,0.15014908679563518,98.80416666666667,24.6,94.2,28.3,26.7,27.4,100.0,0.23445563589781304,96.72222222222223,24.7,86.8,32.7,27.9,29.8,100.0,0.6747715542181779,89.0
97.3201388888889,24.4,75.7,33.1,31.5,31.9,100.0,0.5456920660221781,99.2375,23.0,92.4,30.3,27.9,28.5,100.0,0.15014908679563518,98.80416666666667,24.6,94.2,28.3,26.7,27.4,100.0,0.23445563589781304,90.0
74.56319444444446,24.3,43.7,38.0,29.9,35.6,100.0,5.68953128079085,97.3201388888889,24.4,75.7,33.1,31.5,31.9,100.0,0.5456920660221781,99.2375,23.0,92.4,30.3,27.9,28.5,100.0,0.15014908679563518,91.0
76.25763888888885,22.9,46.4,43.3,30.2,35.0,98.2,5.191433384319669,74.56319444444446,24.3,43.7,38.0,29.9,35.6,100.0,5.68953128079085,97.3201388888889,24.4,75.7,33.1,31.5,31.9,100.0,0.5456920660221781,92.0
70.07986111111113,23.4,42.0,40.8,30.1,34.6,97.9,6.595736855520173,76.25763888888885,22.9,46.4,43.3,30.2,35.0,98.2,5.191433384319669,74.56319444444446,24.3,43.7,38.0,29.9,35.6,100.0,5.68953128079085,93.0
54.18263888888888,24.8,33.6,38.0,29.6,35.4,75.2,10.401388106306902,70.07986111111113,23.4,42.0,40.8,30.1,34.6,97.9,6.595736855520173,76.25763888888885,22.9,46.4,43.3,30.2,35.0,98.2,5.191433384319669,94.0
62.369444444444454,25.8,36.7,40.1,30.3,36.2,97.5,8.571313044894756,54.18263888888888,24.8,33.6,38.0,29.6,35.4,75.2,10.401388106306902,70.07986111111113,23.4,42.0,40.8,30.1,34.6,97.9,6.595736855520173,95.0
55.12083333333332,25.0,35.8,43.2,30.9,36.1,93.4,10.561062538637023,62.369444444444454,25.8,36.7,40.1,30.3,36.2,97.5,8.571313044894756,54.18263888888888,24.8,33.6,38.0,29.6,35.4,75.2,10.401388106306902,96.0
54.38194444444443,25.0,35.2,41.8,30.8,35.5,90.6,10.695135973458298,55.12083333333332,25.0,35.8,43.2,30.9,36.1,93.4,10.561062538637023,62.369444444444454,25.8,36.7,40.1,30.3,36.2,97.5,8.571313044894756,97.0
48.02777777777776,25.6,33.8,43.8,31.2,36.1,66.7,12.75818378872474,54.38194444444443,25.0,35.2,41.8,30.8,35.5,90.6,10.695135973458298,55.12083333333332,25.0,35.8,43.2,30.9,36.1,93.4,10.561062538637023,1.0
54.06388888888888,25.9,35.2,39.0,31.1,35.5,95.2,10.852171058537559,48.02777777777776,25.6,33.8,43.8,31.2,36.1,66.7,12.75818378872474,54.38194444444443,25.0,35.2,41.8,30.8,35.5,90.6,10.695135973458298,2.0
46.546527777777754,27.0,33.7,38.1,31.1,35.7,62.7,12.999666376981645,54.06388888888888,25.9,35.2,39.0,31.1,35.5,95.2,10.852171058537559,48.02777777777776,25.6,33.8,43.8,31.2,36.1,66.7,12.75818378872474,3.0
51.131944444444436,27.0,32.7,41.2,31.7,35.2,91.6,12.074986159206428,46.546527777777754,27.0,33.7,38.1,31.1,35.7,62.7,12.999666376981645,54.06388888888888,25.9,35.2,39.0,31.1,35.5,95.2,10.852171058537559,4.0
42.77361111111113,27.2,29.0,41.2,31.3,36.0,55.0,13.993875968552544,51.131944444444436,27.0,32.7,41.2,31.7,35.2,91.6,12.074986159206428,46.546527777777754,27.0,33.7,38.1,31.1,35.7,62.7,12.999666376981645,5.0
51.83750000000001,26.2,30.6,39.6,30.3,34.1,93.5,10.902930282752127,42.77361111111113,27.2,29.0,41.2,31.3,36.0,55.0,13.993875968552544,51.131944444444436,27.0,32.7,41.2,31.7,35.2,91.6,12.074986159206428,6.0
47.88055555555553,25.9,24.4,33.5,28.5,32.1,95.0,11.601660853452447,51.83750000000001,26.2,30.6,39.6,30.3,34.1,93.5,10.902930282752127,42.77361111111113,27.2,29.0,41.2,31.3,36.0,55.0,13.993875968552544,27.0
83.47222222222223,26.8,50.0,38.4,33.1,39.4,100.0,4.104170039623955,47.88055555555553,25.9,24.4,33.5,28.5,32.1,95.0,11.601660853452447,51.83750000000001,26.2,30.6,39.6,30.3,34.1,93.5,10.902930282752127,28.0
89.9375,26.7,65.0,36.9,31.5,35.2,100.0,2.35567675553356,83.47222222222223,26.8,50.0,38.4,33.1,39.4,100.0,4.104170039623955,47.88055555555553,25.9,24.4,33.5,28.5,32.1,95.0,11.601660853452447,29.0
86.44444444444444,26.3,58.0,38.3,34.0,37.7,100.0,3.3311718737707103,89.9375,26.7,65.0,36.9,31.5,35.2,100.0,2.35567675553356,83.47222222222223,26.8,50.0,38.4,33.1,39.4,100.0,4.104170039623955,30.0
85.22916666666667,26.9,59.0,39.5,32.9,37.3,100.0,3.6130729896822404,86.44444444444444,26.3,58.0,38.3,34.0,37.7,100.0,3.3311718737707103,89.9375,26.7,65.0,36.9,31.5,35.2,100.0,2.35567675553356,31.0
93.70833333333331,25.8,68.0,37.7,30.7,35.4,100.0,1.3458616441633249,85.22916666666667,26.9,59.0,39.5,32.9,37.3,100.0,3.6130729896822404,86.44444444444444,26.3,58.0,38.3,34.0,37.7,100.0,3.3311718737707103,32.0
90.25,25.9,67.0,35.3,30.5,33.7,100.0,2.148537855839872,93.70833333333331,25.8,68.0,37.7,30.7,35.4,100.0,1.3458616441633249,85.22916666666667,26.9,59.0,39.5,32.9,37.3,100.0,3.6130729896822404,33.0
66.13194444444444,22.5,36.0,39.9,30.8,35.5,83.0,7.344616847573827,90.25,25.9,67.0,35.3,30.5,33.7,100.0,2.148537855839872,93.70833333333331,25.8,68.0,37.7,30.7,35.4,100.0,1.3458616441633249,34.0
69.34027777777777,20.1,47.0,38.6,29.3,34.0,87.0,5.9579175237565885,66.13194444444444,22.5,36.0,39.9,30.8,35.5,83.0,7.344616847573827,90.25,25.9,67.0,35.3,30.5,33.7,100.0,2.148537855839872,35.0
73.47222222222223,20.0,48.0,38.2,29.1,34.5,92.0,5.167219978135631,69.34027777777777,20.1,47.0,38.6,29.3,34.0,87.0,5.9579175237565885,66.13194444444444,22.5,36.0,39.9,30.8,35.5,83.0,7.344616847573827,36.0
84.65972222222223,21.4,64.0,35.8,28.6,33.3,100.0,3.1064560559369285,73.47222222222223,20.0,48.0,38.2,29.1,34.5,92.0,5.167219978135631,69.34027777777777,20.1,47.0,38.6,29.3,34.0,87.0,5.9579175237565885,37.0
86.67361111111109,25.8,64.0,41.9,31.6,37.7,100.0,3.1983186153873984,84.65972222222223,21.4,64.0,35.8,28.6,33.3,100.0,3.1064560559369285,73.47222222222223,20.0,48.0,38.2,29.1,34.5,92.0,5.167219978135631,38.0
83.84027777777777,26.7,58.0,43.8,32.3,38.1,100.0,4.031999854674895,86.67361111111109,25.8,64.0,41.9,31.6,37.7,100.0,3.1983186153873984,84.65972222222223,21.4,64.0,35.8,28.6,33.3,100.0,3.1064560559369285,39.0
87.95833333333331,26.7,74.0,43.4,31.8,37.7,99.0,2.8483988514497467,83.84027777777777,26.7,58.0,43.8,32.3,38.1,100.0,4.031999854674895,86.67361111111109,25.8,64.0,41.9,31.6,37.7,100.0,3.1983186153873984,40.0
92.32638888888887,27.4,77.0,36.4,30.1,34.0,100.0,1.7312429127451343,87.95833333333331,26.7,74.0,43.4,31.8,37.7,99.0,2.8483988514497467,83.84027777777777,26.7,58.0,43.8,32.3,38.1,100.0,4.031999854674895,41.0
90.63194444444444,26.7,77.0,39.1,30.3,33.3,99.0,2.147981591369228,92.32638888888887,27.4,77.0,36.4,30.1,34.0,100.0,1.7312429127451343,87.95833333333331,26.7,74.0,43.4,31.8,37.7,99.0,2.8483988514497467,42.0
84.8125,25.1,62.0,39.9,31.7,36.2,100.0,3.6329607694331534,90.63194444444444,26.7,77.0,39.1,30.3,33.3,99.0,2.147981591369228,92.32638888888887,27.4,77.0,36.4,30.1,34.0,100.0,1.7312429127451343,43.0
82.36805555555556,24.6,63.0,39.7,31.2,35.6,99.0,4.161140606592316,84.8125,25.1,62.0,39.9,31.7,36.2,100.0,3.6329607694331534,90.63194444444444,26.7,77.0,39.1,30.3,33.3,99.0,2.147981591369228,44.0
85.8263888888889,24.9,66.0,39.3,30.5,35.2,98.0,3.22026956998478,82.36805555555556,24.6,63.0,39.7,31.2,35.6,99.0,4.161140606592316,84.8125,25.1,62.0,39.9,31.7,36.2,100.0,3.6329607694331534,45.0
84.4861111111111,25.7,66.0,39.6,30.6,34.6,96.0,3.61572936009142,85.8263888888889,24.9,66.0,39.3,30.5,35.2,98.0,3.22026956998478,82.36805555555556,24.6,63.0,39.7,31.2,35.6,99.0,4.161140606592316,46.0
90.27777777777777,25.6,64.0,40.9,30.3,32.8,100.0,2.2022302811189047,84.4861111111111,25.7,66.0,39.6,30.6,34.6,96.0,3.61572936009142,85.8263888888889,24.9,66.0,39.3,30.5,35.2,98.0,3.22026956998478,47.0
86.16666666666669,25.8,63.0,41.6,31.5,35.7,100.0,3.2705684328507347,90.27777777777777,25.6,64.0,40.9,30.3,32.8,100.0,2.2022302811189047,84.4861111111111,25.7,66.0,39.6,30.6,34.6,96.0,3.61572936009142,48.0
89.4375,25.0,80.0,36.3,28.4,30.2,95.0,2.1733109437504083,86.16666666666669,25.8,63.0,41.6,31.5,35.7,100.0,3.2705684328507347,90.27777777777777,25.6,64.0,40.9,30.3,32.8,100.0,2.2022302811189047,49.0
87.19444444444444,24.3,64.0,39.8,29.6,33.9,96.0,2.7066365958181025,89.4375,25.0,80.0,36.3,28.4,30.2,95.0,2.1733109437504083,86.16666666666669,25.8,63.0,41.6,31.5,35.7,100.0,3.2705684328507347,50.0
84.06944444444444,23.8,65.0,43.1,30.0,35.6,95.0,3.5062372296247433,87.19444444444444,24.3,64.0,39.8,29.6,33.9,96.0,2.7066365958181025,89.4375,25.0,80.0,36.3,28.4,30.2,95.0,2.1733109437504083,51.0
95.26388888888887,25.2,88.0,35.2,28.8,31.4,100.0,0.9989382140972946,84.06944444444444,23.8,65.0,43.1,30.0,35.6,95.0,3.5062372296247433,87.19444444444444,24.3,64.0,39.8,29.6,33.9,96.0,2.7066365958181025,52.0
87.88194444444444,25.1,68.0,38.9,29.7,34.2,100.0,2.662983599379371,95.26388888888887,25.2,88.0,35.2,28.8,31.4,100.0,0.9989382140972946,84.06944444444444,23.8,65.0,43.1,30.0,35.6,95.0,3.5062372296247433,53.0
87.3125,23.3,73.0,35.5,28.4,32.0,97.0,2.617495972705927,87.88194444444444,25.1,68.0,38.9,29.7,34.2,100.0,2.662983599379371,95.26388888888887,25.2,88.0,35.2,28.8,31.4,100.0,0.9989382140972946,54.0
90.22916666666669,24.0,81.0,32.4,28.0,30.0,98.0,2.0376540610615974,87.3125,23.3,73.0,35.5,28.4,32.0,97.0,2.617495972705927,87.88194444444444,25.1,68.0,38.9,29.7,34.2,100.0,2.662983599379371,55.0
90.22222222222223,25.7,74.0,34.3,28.6,32.2,97.0,2.1019594654719604,90.22916666666669,24.0,81.0,32.4,28.0,30.0,98.0,2.0376540610615974,87.3125,23.3,73.0,35.5,28.4,32.0,97.0,2.617495972705927,56.0
88.22222222222223,25.5,67.0,37.7,29.8,34.8,99.0,2.6019652909749507,90.22222222222223,25.7,74.0,34.3,28.6,32.2,97.0,2.1019594654719604,90.22916666666669,24.0,81.0,32.4,28.0,30.0,98.0,2.0376540610615974,57.0
93.23611111111113,22.2,87.0,32.0,27.4,28.6,98.0,1.2883619489947742,88.22222222222223,25.5,67.0,37.7,29.8,34.8,99.0,2.6019652909749507,90.22222222222223,25.7,74.0,34.3,28.6,32.2,97.0,2.1019594654719604,58.0
85.56944444444444,20.3,76.0,30.2,25.6,28.1,94.0,2.5361286752822534,93.23611111111113,22.2,87.0,32.0,27.4,28.6,98.0,1.2883619489947742,88.22222222222223,25.5,67.0,37.7,29.8,34.8,99.0,2.6019652909749507,59.0
84.84027777777777,20.2,74.0,30.1,24.7,26.2,100.0,2.4927880169462417,85.56944444444444,20.3,76.0,30.2,25.6,28.1,94.0,2.5361286752822534,93.23611111111113,22.2,87.0,32.0,27.4,28.6,98.0,1.2883619489947742,60.0
84.59722222222223,20.0,70.0,36.3,25.6,31.1,94.0,2.7269657513644483,84.84027777777777,20.2,74.0,30.1,24.7,26.2,100.0,2.4927880169462417,85.56944444444444,20.3,76.0,30.2,25.6,28.1,94.0,2.5361286752822534,61.0
90.96527777777777,20.8,82.0,28.5,25.0,26.6,99.0,1.572614501321686,84.59722222222223,20.0,70.0,36.3,25.6,31.1,94.0,2.7269657513644483,84.84027777777777,20.2,74.0,30.1,24.7,26.2,100.0,2.4927880169462417,62.0
94.97222222222223,22.6,83.0,29.2,25.1,27.0,100.0,0.9024209412528612,90.96527777777777,20.8,82.0,28.5,25.0,26.6,99.0,1.572614501321686,84.59722222222223,20.0,70.0,36.3,25.6,31.1,94.0,2.7269657513644483,63.0
86.46527777777777,23.1,67.0,39.5,28.1,33.8,100.0,2.838866980112776,94.97222222222223,22.6,83.0,29.2,25.1,27.0,100.0,0.9024209412528612,90.96527777777777,20.8,82.0,28.5,25.0,26.6,99.0,1.572614501321686,64.0
75.5625,23.2,57.0,40.1,28.4,33.7,95.0,5.148568672014694,86.46527777777777,23.1,67.0,39.5,28.1,33.8,100.0,2.838866980112776,94.97222222222223,22.6,83.0,29.2,25.1,27.0,100.0,0.9024209412528612,65.0
78.03472222222223,20.2,63.0,37.3,27.4,31.7,93.0,4.206562724516484,75.5625,23.2,57.0,40.1,28.4,33.7,95.0,5.148568672014694,86.46527777777777,23.1,67.0,39.5,28.1,33.8,100.0,2.838866980112776,66.0
79.52083333333333,19.3,53.0,39.3,29.2,32.1,94.0,3.786506082312152,78.03472222222223,20.2,63.0,37.3,27.4,31.7,93.0,4.206562724516484,75.5625,23.2,57.0,40.1,28.4,33.7,95.0,5.148568672014694,67.0
90.67361111111113,20.4,85.0,24.3,23.9,24.0,97.0,1.4705843905446807,79.52083333333333,19.3,53.0,39.3,29.2,32.1,94.0,3.786506082312152,78.03472222222223,20.2,63.0,37.3,27.4,31.7,93.0,4.206562724516484,68.0
92.51388888888887,19.7,88.0,25.3,23.6,24.2,96.0,1.2079128062432058,90.67361111111113,20.4,85.0,24.3,23.9,24.0,97.0,1.4705843905446807,79.52083333333333,19.3,53.0,39.3,29.2,32.1,94.0,3.786506082312152,69.0
83.15277777777777,21.6,61.0,36.1,27.1,32.9,100.0,3.2252946279432364,92.51388888888887,19.7,88.0,25.3,23.6,24.2,96.0,1.2079128062432058,90.67361111111113,20.4,85.0,24.3,23.9,24.0,97.0,1.4705843905446807,70.0
82.2361111111111,20.2,63.0,35.6,26.7,31.3,94.0,3.334234510533852,83.15277777777777,21.6,61.0,36.1,27.1,32.9,100.0,3.2252946279432364,92.51388888888887,19.7,88.0,25.3,23.6,24.2,96.0,1.2079128062432058,71.0
89.29861111111109,22.1,72.0,33.7,26.7,30.0,100.0,2.0419490260724125,82.2361111111111,20.2,63.0,35.6,26.7,31.3,94.0,3.334234510533852,83.15277777777777,21.6,61.0,36.1,27.1,32.9,100.0,3.2252946279432364,72.0
92.74305555555556,20.5,86.0,24.9,24.8,24.4,98.0,1.209338953422284,89.29861111111109,22.1,72.0,33.7,26.7,30.0,100.0,2.0419490260724125,82.2361111111111,20.2,63.0,35.6,26.7,31.3,94.0,3.334234510533852,73.0
88.85416666666669,19.0,71.0,29.5,24.5,26.8,100.0,1.830315875477424,92.74305555555556,20.5,86.0,24.9,24.8,24.4,98.0,1.209338953422284,89.29861111111109,22.1,72.0,33.7,26.7,30.0,100.0,2.0419490260724125,74.0
92.36111111111113,17.3,76.0,26.6,23.2,25.0,100.0,1.136290900468056,88.85416666666669,19.0,71.0,29.5,24.5,26.8,100.0,1.830315875477424,92.74305555555556,20.5,86.0,24.9,24.8,24.4,98.0,1.209338953422284,75.0
82.10416666666667,14.8,59.0,36.8,24.6,29.7,99.0,2.8455619713103486,92.36111111111113,17.3,76.0,26.6,23.2,25.0,100.0,1.136290900468056,88.85416666666669,19.0,71.0,29.5,24.5,26.8,100.0,1.830315875477424,76.0
88.08333333333331,19.3,81.0,22.0,22.0,21.6,94.0,1.7721712929251812,82.10416666666667,14.8,59.0,36.8,24.6,29.7,99.0,2.8455619713103486,92.36111111111113,17.3,76.0,26.6,23.2,25.0,100.0,1.136290900468056,77.0
94.38194444444444,20.1,78.0,30.0,24.5,28.0,100.0,1.0073522977950693,88.08333333333331,19.3,81.0,22.0,22.0,21.6,94.0,1.7721712929251812,82.10416666666667,14.8,59.0,36.8,24.6,29.7,99.0,2.8455619713103486,78.0
72.9513888888889,19.0,45.0,29.9,24.1,34.0,91.0,5.156388484863854,94.38194444444444,20.1,78.0,30.0,24.5,28.0,100.0,1.0073522977950693,88.08333333333331,19.3,81.0,22.0,22.0,21.6,94.0,1.7721712929251812,104.0
76.59236111,5.6,35.8,35.9,20.5,32.1,93.4,2.778180546449,71.50694444,8.2,25.7,29.8,20.2,25.6,93.8,3.343632909959892,81.55833333,10.7,35.4,25.6,20.6,23.9,99.6,2.386306274657213,1.0
69.425,9.0,20.6,35.8,22.0,32.7,94.7,4.190183319029487,76.59236111,5.6,35.8,35.9,20.5,32.1,93.4,2.778180546449,71.50694444,8.2,25.7,29.8,20.2,25.6,93.8,3.343632909959892,2.0
94.09513889,12.6,86.7,23.9,18.8,22.7,100.0,0.7576817736845416,69.425,9.0,20.6,35.8,22.0,32.7,94.7,4.190183319029487,76.59236111,5.6,35.8,35.9,20.5,32.1,93.4,2.778180546449,3.0
77.93333333,13.8,25.4,34.0,22.8,29.6,100.0,3.378333587633971,94.09513889,12.6,86.7,23.9,18.8,22.7,100.0,0.7576817736845416,69.425,9.0,20.6,35.8,22.0,32.7,94.7,4.190183319029487,4.0
69.03333333,11.7,27.6,31.4,22.2,28.1,95.2,4.151370881247749,77.93333333,13.8,25.4,34.0,22.8,29.6,100.0,3.378333587633971,94.09513889,12.6,86.7,23.9,18.8,22.7,100.0,0.7576817736845416,5.0
86.73819444,11.8,45.7,32.1,21.8,30.2,99.4,1.8378318327929,69.03333333,11.7,27.6,31.4,22.2,28.1,95.2,4.151370881247749,77.93333333,13.8,25.4,34.0,22.8,29.6,100.0,3.378333587633971,6.0
88.05625,11.8,47.2,27.6,20.9,25.4,100.0,1.6281264149975148,86.73819444,11.8,45.7,32.1,21.8,30.2,99.4,1.8378318327929,69.03333333,11.7,27.6,31.4,22.2,28.1,95.2,4.151370881247749,7.0
74.15694444,10.0,35.8,31.9,21.6,29.0,96.0,3.4697704165224343,88.05625,11.8,47.2,27.6,20.9,25.4,100.0,1.6281264149975148,86.73819444,11.8,45.7,32.1,21.8,30.2,99.4,1.8378318327929,8.0
92.90694444,13.7,63.9,27.0,20.1,26.0,99.8,0.905155259795004,74.15694444,10.0,35.8,31.9,21.6,29.0,96.0,3.4697704165224343,88.05625,11.8,47.2,27.6,20.9,25.4,100.0,1.6281264149975148,9.0
84.26527778,13.3,50.0,31.9,21.2,28.5,100.0,2.1483060358999744,92.90694444,13.7,63.9,27.0,20.1,26.0,99.8,0.905155259795004,74.15694444,10.0,35.8,31.9,21.6,29.0,96.0,3.4697704165224343,10.0
77.22569444,11.6,38.0,31.9,23.1,28.7,97.3,3.2501311758593334,84.26527778,13.3,50.0,31.9,21.2,28.5,100.0,2.1483060358999744,92.90694444,13.7,63.9,27.0,20.1,26.0,99.8,0.905155259795004,11.0
70.46319444,12.1,36.7,32.8,23.1,29.8,95.2,4.423642454994419,77.22569444,11.6,38.0,31.9,23.1,28.7,97.3,3.2501311758593334,84.26527778,13.3,50.0,31.9,21.2,28.5,100.0,2.1483060358999744,12.0
73.05208333,12.6,38.0,35.9,25.2,32.0,95.3,4.206781854563522,70.46319444,12.1,36.7,32.8,23.1,29.8,95.2,4.423642454994419,77.22569444,11.6,38.0,31.9,23.1,28.7,97.3,3.2501311758593334,13.0
73.66944444,12.7,32.7,35.6,25.4,32.7,94.5,4.089191583385527,73.05208333,12.6,38.0,35.9,25.2,32.0,95.3,4.206781854563522,70.46319444,12.1,36.7,32.8,23.1,29.8,95.2,4.423642454994419,14.0
75.14444444,14.1,42.2,35.3,25.9,33.8,94.7,4.175933755983326,73.66944444,12.7,32.7,35.6,25.4,32.7,94.5,4.089191583385527,73.05208333,12.6,38.0,35.9,25.2,32.0,95.3,4.206781854563522,15.0
90.72569444,18.1,72.7,25.2,21.3,24.5,99.4,1.3493918028588414,75.14444444,14.1,42.2,35.3,25.9,33.8,94.7,4.175933755983326,73.66944444,12.7,32.7,35.6,25.4,32.7,94.5,4.089191583385527,16.0
81.76180556,14.8,55.4,31.9,24.5,27.7,100.0,2.7373272146475323,90.72569444,18.1,72.7,25.2,21.3,24.5,99.4,1.3493918028588414,75.14444444,14.1,42.2,35.3,25.9,33.8,94.7,4.175933755983326,17.0
67.55347222,13.0,38.7,33.3,23.9,30.9,91.3,4.7859689695716305,81.76180556,14.8,55.4,31.9,24.5,27.7,100.0,2.7373272146475323,90.72569444,18.1,72.7,25.2,21.3,24.5,99.4,1.3493918028588414,18.0
77.47638889,15.1,59.1,28.0,21.8,25.7,92.6,3.2669516459941264,67.55347222,13.0,38.7,33.3,23.9,30.9,91.3,4.7859689695716305,81.76180556,14.8,55.4,31.9,24.5,27.7,100.0,2.7373272146475323,19.0
63.8875,12.5,34.9,33.6,23.6,29.2,91.6,5.289355207167941,77.47638889,15.1,59.1,28.0,21.8,25.7,92.6,3.2669516459941264,67.55347222,13.0,38.7,33.3,23.9,30.9,91.3,4.7859689695716305,20.0
70.88402778,12.7,35.7,34.5,25.1,31.7,93.7,4.5285106862683415,63.8875,12.5,34.9,33.6,23.6,29.2,91.6,5.289355207167941,77.47638889,15.1,59.1,28.0,21.8,25.7,92.6,3.2669516459941264,21.0
75.33402778,13.6,48.0,33.4,23.5,30.3,92.8,3.7016614770062506,70.88402778,12.7,35.7,34.5,25.1,31.7,93.7,4.5285106862683415,63.8875,12.5,34.9,33.6,23.6,29.2,91.6,5.289355207167941,22.0
73.53888889,14.2,41.0,33.5,24.6,30.6,93.2,4.2319482232870875,75.33402778,13.6,48.0,33.4,23.5,30.3,92.8,3.7016614770062506,70.88402778,12.7,35.7,34.5,25.1,31.7,93.7,4.5285106862683415,23.0
88.81527778,15.2,69.9,27.1,21.2,26.2,99.8,1.5864121234845825,73.53888889,14.2,41.0,33.5,24.6,30.6,93.2,4.2319482232870875,75.33402778,13.6,48.0,33.4,23.5,30.3,92.8,3.7016614770062506,24.0
80.32291667,14.0,59.2,26.6,21.9,25.1,100.0,2.940999864324345,88.81527778,15.2,69.9,27.1,21.2,26.2,99.8,1.5864121234845825,73.53888889,14.2,41.0,33.5,24.6,30.6,93.2,4.2319482232870875,25.0
64.46319444,11.3,36.3,29.6,22.9,25.9,90.0,4.651627753476673,80.32291667,14.0,59.2,26.6,21.9,25.1,100.0,2.940999864324345,88.81527778,15.2,69.9,27.1,21.2,26.2,99.8,1.5864121234845825,26.0
67.02152778,9.5,37.0,30.1,22.3,28.1,91.8,4.504431532472712,64.46319444,11.3,36.3,29.6,22.9,25.9,90.0,4.651627753476673,80.32291667,14.0,59.2,26.6,21.9,25.1,100.0,2.940999864324345,27.0
71.50416667,11.8,35.6,33.8,24.0,31.0,91.5,4.262571258752908,67.02152778,9.5,37.0,30.1,22.3,28.1,91.8,4.504431532472712,64.46319444,11.3,36.3,29.6,22.9,25.9,90.0,4.651627753476673,28.0
97.57361111,15.5,89.7,20.7,19.4,20.3,100.0,0.3162470512157319,71.50416667,11.8,35.6,33.8,24.0,31.0,91.5,4.262571258752908,67.02152778,9.5,37.0,30.1,22.3,28.1,91.8,4.504431532472712,29.0
94.175,15.3,83.1,23.2,20.2,22.4,100.0,0.792924692082775,97.57361111,15.5,89.7,20.7,19.4,20.3,100.0,0.3162470512157319,71.50416667,11.8,35.6,33.8,24.0,31.0,91.5,4.262571258752908,30.0
80.79722222,13.5,45.6,31.3,22.1,28.4,99.2,2.6466992350336738,94.175,15.3,83.1,23.2,20.2,22.4,100.0,0.792924692082775,97.57361111,15.5,89.7,20.7,19.4,20.3,100.0,0.3162470512157319,31.0
62.18888889,10.8,35.6,29.0,22.3,26.8,85.6,4.877567448573871,80.79722222,13.5,45.6,31.3,22.1,28.4,99.2,2.6466992350336738,94.175,15.3,83.1,23.2,20.2,22.4,100.0,0.792924692082775,32.0
66.69236111,8.9,27.6,32.2,22.8,28.8,92.1,4.4951705771178165,62.18888889,10.8,35.6,29.0,22.3,26.8,85.6,4.877567448573871,80.79722222,13.5,45.6,31.3,22.1,28.4,99.2,2.6466992350336738,33.0
73.73402778,11.2,38.0,33.8,23.4,30.9,94.1,3.8250625503342164,66.69236111,8.9,27.6,32.2,22.8,28.8,92.1,4.4951705771178165,62.18888889,10.8,35.6,29.0,22.3,26.8,85.6,4.877567448573871,34.0
94.29027778,16.3,87.2,20.5,19.4,20.2,99.9,0.7736202263473501,73.73402778,11.2,38.0,33.8,23.4,30.9,94.1,3.8250625503342164,66.69236111,8.9,27.6,32.2,22.8,28.8,92.1,4.4951705771178165,35.0
74.05416667,17.1,42.7,33.1,25.2,29.9,100.0,4.314510331309641,94.29027778,16.3,87.2,20.5,19.4,20.2,99.9,0.7736202263473501,73.73402778,11.2,38.0,33.8,23.4,30.9,94.1,3.8250625503342164,36.0
75.31805556,14.9,49.5,33.8,26.0,32.6,93.4,4.139353846518923,74.05416667,17.1,42.7,33.1,25.2,29.9,100.0,4.314510331309641,94.29027778,16.3,87.2,20.5,19.4,20.2,99.9,0.7736202263473501,37.0
80.32430556,16.7,58.7,31.3,23.8,28.6,92.9,3.3178685771842784,75.31805556,14.9,49.5,33.8,26.0,32.6,93.4,4.139353846518923,74.05416667,17.1,42.7,33.1,25.2,29.9,100.0,4.314510331309641,38.0
80.41625,19.1,56.7,35.1,25.5,32.7,93.3,3.4856460037555377,80.32430556,16.7,58.7,31.3,23.8,28.6,92.9,3.3178685771842784,75.31805556,14.9,49.5,33.8,26.0,32.6,93.4,4.139353846518923,50.0
85.99236111,18.8,63.3,31.0,24.5,29.3,100.0,2.434645401660015,80.41625,19.1,56.7,35.1,25.5,32.7,93.3,3.4856460037555377,80.32430556,16.7,58.7,31.3,23.8,28.6,92.9,3.3178685771842784,51.0
88.84652778,18.9,71.0,28.5,24.0,29.1,99.8,1.8124528872141696,85.99236111,18.8,63.3,31.0,24.5,29.3,100.0,2.434645401660015,80.41625,19.1,56.7,35.1,25.5,32.7,93.3,3.4856460037555377,52.0
91.42708333,17.7,76.4,24.9,22.0,24.8,99.2,1.2451563273781063,88.84652778,18.9,71.0,28.5,24.0,29.1,99.8,1.8124528872141696,85.99236111,18.8,63.3,31.0,24.5,29.3,100.0,2.434645401660015,53.0
64.98055556,15.9,30.1,36.4,26.9,40.5,96.3,6.875833875480031,91.42708333,17.7,76.4,24.9,22.0,24.8,99.2,1.2451563273781063,88.84652778,18.9,71.0,28.5,24.0,29.1,99.8,1.8124528872141696,54.0
72.4875,16.5,34.6,33.7,26.9,39.3,100.0,5.170447024303508,64.98055556,15.9,30.1,36.4,26.9,40.5,96.3,6.875833875480031,91.42708333,17.7,76.4,24.9,22.0,24.8,99.2,1.2451563273781063,55.0
70.14375,17.0,32.5,33.9,27.9,39.0,97.5,5.802182489321575,72.4875,16.5,34.6,33.7,26.9,39.3,100.0,5.170447024303508,64.98055556,15.9,30.1,36.4,26.9,40.5,96.3,6.875833875480031,56.0
68.44166667,17.3,33.7,34.9,27.6,39.3,93.3,6.297779365564254,70.14375,17.0,32.5,33.9,27.9,39.0,97.5,5.802182489321575,72.4875,16.5,34.6,33.7,26.9,39.3,100.0,5.170447024303508,57.0
75.97916667,18.0,39.7,33.4,26.6,35.9,96.0,4.444112022231996,68.44166667,17.3,33.7,34.9,27.6,39.3,93.3,6.297779365564254,70.14375,17.0,32.5,33.9,27.9,39.0,97.5,5.802182489321575,58.0
93.57777778,18.0,83.6,26.7,23.5,26.4,100.0,1.006794178082694,75.97916667,18.0,39.7,33.4,26.6,35.9,96.0,4.444112022231996,68.44166667,17.3,33.7,34.9,27.6,39.3,93.3,6.297779365564254,59.0
85.01875,19.6,46.0,33.1,26.2,37.8,100.0,2.7362063623249657,93.57777778,18.0,83.6,26.7,23.5,26.4,100.0,1.006794178082694,75.97916667,18.0,39.7,33.4,26.6,35.9,96.0,4.444112022231996,60.0
83.61527778,18.6,42.1,34.2,26.5,40.5,100.0,3.0751561812706494,85.01875,19.6,46.0,33.1,26.2,37.8,100.0,2.7362063623249657,93.57777778,18.0,83.6,26.7,23.5,26.4,100.0,1.006794178082694,61.0
79.64166667,19.8,38.6,36.6,27.5,40.7,100.0,4.101542461759498,83.61527778,18.6,42.1,34.2,26.5,40.5,100.0,3.0751561812706494,85.01875,19.6,46.0,33.1,26.2,37.8,100.0,2.7362063623249657,62.0
84.43472222,19.4,64.3,31.0,24.9,29.4,96.3,2.718815648175501,79.64166667,19.8,38.6,36.6,27.5,40.7,100.0,4.101542461759498,83.61527778,18.6,42.1,34.2,26.5,40.5,100.0,3.0751561812706494,63.0
82.44861111,21.6,59.0,36.1,26.2,34.7,94.9,3.4320478187883,84.43472222,19.4,64.3,31.0,24.9,29.4,96.3,2.718815648175501,79.64166667,19.8,38.6,36.6,27.5,40.7,100.0,4.101542461759498,64.0
71.05625,20.1,48.0,36.6,28.0,36.9,95.1,6.015139417390572,82.44861111,21.6,59.0,36.1,26.2,34.7,94.9,3.4320478187883,84.43472222,19.4,64.3,31.0,24.9,29.4,96.3,2.718815648175501,65.0
69.60069444,18.2,47.7,35.5,25.8,33.6,89.1,5.485551172791852,71.05625,20.1,48.0,36.6,28.0,36.9,95.1,6.015139417390572,82.44861111,21.6,59.0,36.1,26.2,34.7,94.9,3.4320478187883,66.0
76.89583333,17.0,47.0,33.5,25.8,33.5,93.1,4.235471602703991,69.60069444,18.2,47.7,35.5,25.8,33.6,89.1,5.485551172791852,71.05625,20.1,48.0,36.6,28.0,36.9,95.1,6.015139417390572,67.0
90.24652778,19.9,74.3,28.1,24.4,26.5,98.2,1.6244617663962382,76.89583333,17.0,47.0,33.5,25.8,33.5,93.1,4.235471602703991,69.60069444,18.2,47.7,35.5,25.8,33.6,89.1,5.485551172791852,68.0
80.75277778,17.3,54.7,32.5,24.6,30.6,95.9,3.182660890016082,90.24652778,19.9,74.3,28.1,24.4,26.5,98.2,1.6244617663962382,76.89583333,17.0,47.0,33.5,25.8,33.5,93.1,4.235471602703991,69.0
77.06180556,16.6,48.8,34.6,26.1,35.1,98.1,4.1799021567205425,80.75277778,17.3,54.7,32.5,24.6,30.6,95.9,3.182660890016082,90.24652778,19.9,74.3,28.1,24.4,26.5,98.2,1.6244617663962382,70.0
87.97361111,18.6,68.0,31.9,24.2,29.1,95.5,1.9294438420531632,77.06180556,16.6,48.8,34.6,26.1,35.1,98.1,4.1799021567205425,80.75277778,17.3,54.7,32.5,24.6,30.6,95.9,3.182660890016082,71.0
84.15347222,19.0,54.1,34.9,25.5,35.1,97.6,2.836249312768892,87.97361111,18.6,68.0,31.9,24.2,29.1,95.5,1.9294438420531632,77.06180556,16.6,48.8,34.6,26.1,35.1,98.1,4.1799021567205425,72.0
97.41319444,19.9,92.2,24.6,23.3,24.0,100.0,0.4168613429713779,84.15347222,19.0,54.1,34.9,25.5,35.1,97.6,2.836249312768892,87.97361111,18.6,68.0,31.9,24.2,29.1,95.5,1.9294438420531632,73.0
87.02638889,19.0,66.7,30.6,24.5,30.0,100.0,2.2925017763553663,97.41319444,19.9,92.2,24.6,23.3,24.0,100.0,0.4168613429713779,84.15347222,19.0,54.1,34.9,25.5,35.1,97.6,2.836249312768892,74.0
73.47152778,17.0,44.7,37.2,26.1,34.8,94.4,5.052528329680727,87.02638889,19.0,66.7,30.6,24.5,30.0,100.0,2.2925017763553663,97.41319444,19.9,92.2,24.6,23.3,24.0,100.0,0.4168613429713779,75.0
92.81666667,18.8,73.7,25.9,24.0,25.7,100.0,1.103579087981253,73.47152778,17.0,44.7,37.2,26.1,34.8,94.4,5.052528329680727,87.02638889,19.0,66.7,30.6,24.5,30.0,100.0,2.2925017763553663,76.0
82.00972222,18.6,45.5,34.7,27.4,36.4,100.0,3.3868866724618085,92.81666667,18.8,73.7,25.9,24.0,25.7,100.0,1.103579087981253,73.47152778,17.0,44.7,37.2,26.1,34.8,94.4,5.052528329680727,77.0
73.56597222,19.7,41.1,38.2,29.9,39.3,96.4,5.7437384311417565,82.00972222,18.6,45.5,34.7,27.4,36.4,100.0,3.3868866724618085,92.81666667,18.8,73.7,25.9,24.0,25.7,100.0,1.103579087981253,78.0
83.85902778,22.1,53.8,36.4,29.4,39.0,97.4,3.4367352362733503,73.56597222,19.7,41.1,38.2,29.9,39.3,96.4,5.7437384311417565,82.00972222,18.6,45.5,34.7,27.4,36.4,100.0,3.3868866724618085,79.0
85.44027778,23.6,52.5,35.4,28.4,39.2,97.5,3.137168691711145,83.85902778,22.1,53.8,36.4,29.4,39.0,97.4,3.4367352362733503,73.56597222,19.7,41.1,38.2,29.9,39.3,96.4,5.7437384311417565,80.0
85.76666667,24.0,58.7,38.9,29.9,38.9,100.0,3.155293706100612,85.44027778,23.6,52.5,35.4,28.4,39.2,97.5,3.137168691711145,83.85902778,22.1,53.8,36.4,29.4,39.0,97.4,3.4367352362733503,81.0
88.27569444,24.7,70.0,34.8,29.1,34.5,99.9,2.5663760693572555,85.76666667,24.0,58.7,38.9,29.9,38.9,100.0,3.155293706100612,85.44027778,23.6,52.5,35.4,28.4,39.2,97.5,3.137168691711145,82.0
89.30694444,25.2,61.1,36.8,29.8,38.4,100.0,2.38474652988323,88.27569444,24.7,70.0,34.8,29.1,34.5,99.9,2.5663760693572555,85.76666667,24.0,58.7,38.9,29.9,38.9,100.0,3.155293706100612,83.0
85.34583333,25.0,62.8,36.9,30.4,37.6,100.0,3.419595016726108,89.30694444,25.2,61.1,36.8,29.8,38.4,100.0,2.38474652988323,88.27569444,24.7,70.0,34.8,29.1,34.5,99.9,2.5663760693572555,84.0
86.34722222,24.3,66.2,37.2,29.7,36.3,98.3,3.0805133522073325,85.34583333,25.0,62.8,36.9,30.4,37.6,100.0,3.419595016726108,89.30694444,25.2,61.1,36.8,29.8,38.4,100.0,2.38474652988323,85.0
85.68472222,24.0,65.0,37.0,29.6,35.7,99.9,3.2141565081192236,86.34722222,24.3,66.2,37.2,29.7,36.3,98.3,3.0805133522073325,85.34583333,25.0,62.8,36.9,30.4,37.6,100.0,3.419595016726108,86.0
92.24166667,24.6,82.6,31.2,27.7,29.9,99.5,1.5861827093474918,85.68472222,24.0,65.0,37.0,29.6,35.7,99.9,3.2141565081192236,86.34722222,24.3,66.2,37.2,29.7,36.3,98.3,3.0805133522073325,87.0
93.95069444,24.5,88.0,27.9,26.5,27.4,98.8,1.1820453784469722,92.24166667,24.6,82.6,31.2,27.7,29.9,99.5,1.5861827093474918,85.68472222,24.0,65.0,37.0,29.6,35.7,99.9,3.2141565081192236,88.0
93.44166667,24.2,79.3,30.0,29.4,30.5,100.0,1.312639837394206,93.95069444,24.5,88.0,27.9,26.5,27.4,98.8,1.1820453784469722,92.24166667,24.6,82.6,31.2,27.7,29.9,99.5,1.5861827093474918,89.0
89.90555556,24.7,62.0,33.3,32.2,34.0,100.0,2.121458593888096,93.44166667,24.2,79.3,30.0,29.4,30.5,100.0,1.312639837394206,93.95069444,24.5,88.0,27.9,26.5,27.4,98.8,1.1820453784469722,90.0
86.49444444,24.0,62.6,40.0,29.6,36.6,100.0,3.0473977678855566,89.90555556,24.7,62.0,33.3,32.2,34.0,100.0,2.121458593888096,93.44166667,24.2,79.3,30.0,29.4,30.5,100.0,1.312639837394206,91.0
85.09375,22.9,65.5,40.7,29.9,36.7,97.3,3.3627717367444427,86.49444444,24.0,62.6,40.0,29.6,36.6,100.0,3.0473977678855566,89.90555556,24.7,62.0,33.3,32.2,34.0,100.0,2.121458593888096,92.0
83.25972222,23.2,63.6,41.4,29.8,36.8,97.2,3.815330212403933,85.09375,22.9,65.5,40.7,29.9,36.7,97.3,3.3627717367444427,86.49444444,24.0,62.6,40.0,29.6,36.6,100.0,3.0473977678855566,93.0
83.71180556,24.5,58.7,39.1,29.2,36.7,99.3,3.7054376948387016,83.25972222,23.2,63.6,41.4,29.8,36.8,97.2,3.815330212403933,85.09375,22.9,65.5,40.7,29.9,36.7,97.3,3.3627717367444427,94.0
83.97708333,25.5,56.8,42.6,30.2,38.0,99.2,3.7408761439876126,83.71180556,24.5,58.7,39.1,29.2,36.7,99.3,3.7054376948387016,83.25972222,23.2,63.6,41.4,29.8,36.8,97.2,3.815330212403933,95.0
80.72152778,24.6,60.6,44.0,30.7,38.2,96.2,4.667564194674836,83.97708333,25.5,56.8,42.6,30.2,38.0,99.2,3.7408761439876126,83.71180556,24.5,58.7,39.1,29.2,36.7,99.3,3.7054376948387016,96.0
82.90763889,24.5,62.5,41.4,30.7,37.3,97.3,4.098043633398191,80.72152778,24.6,60.6,44.0,30.7,38.2,96.2,4.667564194674836,83.97708333,25.5,56.8,42.6,30.2,38.0,99.2,3.7408761439876126,97.0
83.55208333,25.0,66.8,42.5,31.2,37.0,97.7,4.045173794132573,82.90763889,24.5,62.5,41.4,30.7,37.3,97.3,4.098043633398191,80.72152778,24.6,60.6,44.0,30.7,38.2,96.2,4.667564194674836,1.0
85.03819444,25.5,64.6,41.8,31.0,37.6,96.8,3.603655479693361,83.55208333,25.0,66.8,42.5,31.2,37.0,97.7,4.045173794132573,82.90763889,24.5,62.5,41.4,30.7,37.3,97.3,4.098043633398191,2.0
86.80625,26.6,70.5,40.0,31.0,36.6,99.0,3.2036474641153725,85.03819444,25.5,64.6,41.8,31.0,37.6,96.8,3.603655479693361,83.55208333,25.0,66.8,42.5,31.2,37.0,97.7,4.045173794132573,3.0
85.44236111,26.6,68.6,41.2,31.6,37.5,99.4,3.696746251159039,86.80625,26.6,70.5,40.0,31.0,36.6,99.0,3.2036474641153725,85.03819444,25.5,64.6,41.8,31.0,37.6,96.8,3.603655479693361,4.0
86.27986111,26.9,66.9,41.2,31.2,36.6,98.2,3.354054552928764,85.44236111,26.6,68.6,41.2,31.6,37.5,99.4,3.696746251159039,86.80625,26.6,70.5,40.0,31.0,36.6,99.0,3.2036474641153725,5.0
87.27013889,26.0,69.9,39.7,30.0,34.7,97.0,2.9567487775019865,86.27986111,26.9,66.9,41.2,31.2,36.6,98.2,3.354054552928764,85.44236111,26.6,68.6,41.2,31.6,37.5,99.4,3.696746251159039,6.0
85.24166667,25.4,64.6,35.1,28.3,32.4,98.8,3.361471584300186,87.27013889,26.0,69.9,39.7,30.0,34.7,97.0,2.9567487775019865,86.27986111,26.9,66.9,41.2,31.2,36.6,98.2,3.354054552928764,27.0
80.72430556,26.4,49.9,39.9,34.2,39.4,97.2,4.81121932207602,85.24166667,25.4,64.6,35.1,28.3,32.4,98.8,3.361471584300186,87.27013889,26.0,69.9,39.7,30.0,34.7,97.0,2.9567487775019865,28.0
85.86805556,26.3,62.4,37.6,31.8,37.0,97.2,3.34507994221341,80.72430556,26.4,49.9,39.9,34.2,39.4,97.2,4.81121932207602,85.24166667,25.4,64.6,35.1,28.3,32.4,98.8,3.361471584300186,29.0
82.46527778,25.9,57.1,40.9,34.1,39.0,99.1,4.385392203977928,85.86805556,26.3,62.4,37.6,31.8,37.0,97.2,3.34507994221341,80.72430556,26.4,49.9,39.9,34.2,39.4,97.2,4.81121932207602,30.0
82.37569444,26.6,58.6,38.7,33.4,39.0,97.0,4.354275223346208,82.46527778,25.9,57.1,40.9,34.1,39.0,99.1,4.385392203977928,85.86805556,26.3,62.4,37.6,31.8,37.0,97.2,3.34507994221341,31.0
90.16805556,25.4,61.5,37.6,31.0,37.8,98.0,2.09498057644226,82.37569444,26.6,58.6,38.7,33.4,39.0,97.0,4.354275223346208,82.46527778,25.9,57.1,40.9,34.1,39.0,99.1,4.385392203977928,32.0
86.64583333,25.5,63.4,35.7,30.6,36.1,100.0,2.9647948874312884,90.16805556,25.4,61.5,37.6,31.0,37.8,98.0,2.09498057644226,82.37569444,26.6,58.6,38.7,33.4,39.0,97.0,4.354275223346208,33.0
63.01180556,22.1,26.7,40.0,31.3,41.9,83.6,8.428397784555091,86.64583333,25.5,63.4,35.7,30.6,36.1,100.0,2.9647948874312884,90.16805556,25.4,61.5,37.6,31.0,37.8,98.0,2.09498057644226,34.0
65.82083333,19.7,40.5,37.0,29.4,40.6,86.4,6.900604679482773,63.01180556,22.1,26.7,40.0,31.3,41.9,83.6,8.428397784555091,86.64583333,25.5,63.4,35.7,30.6,36.1,100.0,2.9647948874312884,35.0
70.52152778,19.5,33.9,38.3,29.6,39.8,91.8,5.931646274854756,65.82083333,19.7,40.5,37.0,29.4,40.6,86.4,6.900604679482773,63.01180556,22.1,26.7,40.0,31.3,41.9,83.6,8.428397784555091,36.0
82.48263889,20.9,54.6,37.5,28.7,37.6,100.0,3.5962206781227724,70.52152778,19.5,33.9,38.3,29.6,39.8,91.8,5.931646274854756,65.82083333,19.7,40.5,37.0,29.4,40.6,86.4,6.900604679482773,37.0
83.57083333,25.5,52.0,41.0,31.7,43.5,100.0,4.075350345809387,82.48263889,20.9,54.6,37.5,28.7,37.6,100.0,3.5962206781227724,70.52152778,19.5,33.9,38.3,29.6,39.8,91.8,5.931646274854756,38.0
80.01527778,26.1,46.0,43.8,32.3,43.3,99.7,5.178411746871318,83.57083333,25.5,52.0,41.0,31.7,43.5,100.0,4.075350345809387,82.48263889,20.9,54.6,37.5,28.7,37.6,100.0,3.5962206781227724,39.0
84.72847222,26.2,58.8,42.3,31.5,40.4,99.2,3.677518352208647,80.01527778,26.1,46.0,43.8,32.3,43.3,99.7,5.178411746871318,83.57083333,25.5,52.0,41.0,31.7,43.5,100.0,4.075350345809387,40.0
90.26875,26.9,67.0,35.8,30.1,36.5,100.0,2.1992380627622814,84.72847222,26.2,58.8,42.3,31.5,40.4,99.2,3.677518352208647,80.01527778,26.1,46.0,43.8,32.3,43.3,99.7,5.178411746871318,41.0
88.66180556,26.0,67.3,39.0,30.2,36.7,99.7,2.6207351582985607,90.26875,26.9,67.0,35.8,30.1,36.5,100.0,2.1992380627622814,84.72847222,26.2,58.8,42.3,31.5,40.4,99.2,3.677518352208647,42.0
82.70833333,24.4,58.5,41.0,31.7,39.6,100.0,4.288443933107485,88.66180556,26.0,67.3,39.0,30.2,36.7,99.7,2.6207351582985607,90.26875,26.9,67.0,35.8,30.1,36.5,100.0,2.1992380627622814,43.0
81.16597222,23.8,54.3,41.8,31.2,39.8,99.4,4.558591158199987,82.70833333,24.4,58.5,41.0,31.7,39.6,100.0,4.288443933107485,88.66180556,26.0,67.3,39.0,30.2,36.7,99.7,2.6207351582985607,44.0
85.25277778,24.1,62.3,41.5,30.4,37.2,99.1,3.364137752344365,81.16597222,23.8,54.3,41.8,31.2,39.8,99.4,4.558591158199987,82.70833333,24.4,58.5,41.0,31.7,39.6,100.0,4.288443933107485,45.0
83.85277778,24.7,61.6,40.9,30.5,37.9,98.9,3.7950978997289972,85.25277778,24.1,62.3,41.5,30.4,37.2,99.1,3.364137752344365,81.16597222,23.8,54.3,41.8,31.2,39.8,99.4,4.558591158199987,46.0
90.18194444,24.8,66.9,38.0,30.1,33.8,100.0,2.1987012488211106,83.85277778,24.7,61.6,40.9,30.5,37.9,98.9,3.7950978997289972,85.25277778,24.1,62.3,41.5,30.4,37.2,99.1,3.364137752344365,47.0
84.99861111,24.6,55.6,43.1,31.4,39.2,100.0,3.5677708104651304,90.18194444,24.8,66.9,38.0,30.1,33.8,100.0,2.1987012488211106,83.85277778,24.7,61.6,40.9,30.5,37.9,98.9,3.7950978997289972,48.0
89.43055556,24.2,73.9,36.6,28.1,31.1,98.0,2.131293592787511,84.99861111,24.6,55.6,43.1,31.4,39.2,100.0,3.5677708104651304,90.18194444,24.8,66.9,38.0,30.1,33.8,100.0,2.1987012488211106,49.0
87.51527778,23.6,70.5,41.0,29.3,35.2,97.5,2.6189888704339963,89.43055556,24.2,73.9,36.6,28.1,31.1,98.0,2.131293592787511,84.99861111,24.6,55.6,43.1,31.4,39.2,100.0,3.5677708104651304,50.0
83.73680556,23.2,59.4,42.3,29.6,38.2,96.1,3.5839250159696023,87.51527778,23.6,70.5,41.0,29.3,35.2,97.5,2.6189888704339963,89.43055556,24.2,73.9,36.6,28.1,31.1,98.0,2.131293592787511,51.0
94.45694444,24.6,81.7,35.6,28.4,32.1,99.4,1.1495375827695444,83.73680556,23.2,59.4,42.3,29.6,38.2,96.1,3.5839250159696023,87.51527778,23.6,70.5,41.0,29.3,35.2,97.5,2.6189888704339963,52.0
86.79722222,24.5,60.4,40.1,29.3,36.1,100.0,2.903413928092029,94.45694444,24.6,81.7,35.6,28.4,32.1,99.4,1.1495375827695444,83.73680556,23.2,59.4,42.3,29.6,38.2,96.1,3.5839250159696023,53.0
86.79097222,22.6,69.1,35.2,28.0,32.7,97.4,2.7009398679853445,86.79722222,24.5,60.4,40.1,29.3,36.1,100.0,2.903413928092029,94.45694444,24.6,81.7,35.6,28.4,32.1,99.4,1.1495375827695444,54.0
89.81736111,23.3,80.8,31.9,27.8,30.5,97.5,2.0975103793512218,86.79097222,22.6,69.1,35.2,28.0,32.7,97.4,2.7009398679853445,86.79722222,24.5,60.4,40.1,29.3,36.1,100.0,2.903413928092029,55.0
89.67916667,25.1,72.5,34.6,28.3,33.1,97.6,2.2003466677388457,89.81736111,23.3,80.8,31.9,27.8,30.5,97.5,2.0975103793512218,86.79097222,22.6,69.1,35.2,28.0,32.7,97.4,2.7009398679853445,56.0
87.65347222,25.0,61.5,37.0,29.4,37.2,99.2,2.7308387878808698,89.67916667,25.1,72.5,34.6,28.3,33.1,97.6,2.2003466677388457,89.81736111,23.3,80.8,31.9,27.8,30.5,97.5,2.0975103793512218,57.0
93.18958333,21.6,84.5,31.9,27.3,29.1,98.3,1.269142168037102,87.65347222,25.0,61.5,37.0,29.4,37.2,99.2,2.7308387878808698,89.67916667,25.1,72.5,34.6,28.3,33.1,97.6,2.2003466677388457,58.0
85.31111111,20.2,71.0,31.0,25.4,28.6,94.0,2.5559949654235488,93.18958333,21.6,84.5,31.9,27.3,29.1,98.3,1.269142168037102,87.65347222,25.0,61.5,37.0,29.4,37.2,99.2,2.7308387878808698,59.0
82.88263889,19.8,68.1,30.1,24.4,27.5,93.8,2.7871835808564627,85.31111111,20.2,71.0,31.0,25.4,28.6,94.0,2.5559949654235488,93.18958333,21.6,84.5,31.9,27.3,29.1,98.3,1.269142168037102,60.0
82.98194444,19.7,58.4,35.8,25.1,32.4,92.3,2.9942119243505587,82.88263889,19.8,68.1,30.1,24.4,27.5,93.8,2.7871835808564627,85.31111111,20.2,71.0,31.0,25.4,28.6,94.0,2.5559949654235488,61.0
90.41805556,20.6,80.7,28.4,24.7,26.9,97.7,1.6406413379277978,82.98194444,19.7,58.4,35.8,25.1,32.4,92.3,2.9942119243505587,82.88263889,19.8,68.1,30.1,24.4,27.5,93.8,2.7871835808564627,62.0
94.28055556,22.2,80.6,28.8,24.9,27.4,100.0,1.0091065585062908,90.41805556,20.6,80.7,28.4,24.7,26.9,97.7,1.6406413379277978,82.98194444,19.7,58.4,35.8,25.1,32.4,92.3,2.9942119243505587,63.0
85.86180556,22.6,65.3,39.3,27.7,35.0,99.8,2.9692775183095765,94.28055556,22.2,80.6,28.8,24.9,27.4,100.0,1.0091065585062908,90.41805556,20.6,80.7,28.4,24.7,26.9,97.7,1.6406413379277978,64.0
77.95833333,22.7,54.6,38.5,27.7,34.5,93.0,4.591353286512458,85.86180556,22.6,65.3,39.3,27.7,35.0,99.8,2.9692775183095765,94.28055556,22.2,80.6,28.8,24.9,27.4,100.0,1.0091065585062908,65.0
78.03472222,19.6,59.9,39.3,27.0,33.2,93.1,4.2000474828405245,77.95833333,22.7,54.6,38.5,27.7,34.5,93.0,4.591353286512458,85.86180556,22.6,65.3,39.3,27.7,35.0,99.8,2.9692775183095765,66.0
78.51388889,18.7,52.4,37.3,28.7,33.4,93.0,3.981218280613721,78.03472222,19.6,59.9,39.3,27.0,33.2,93.1,4.2000474828405245,77.95833333,22.7,54.6,38.5,27.7,34.5,93.0,4.591353286512458,67.0
89.96388889,20.0,82.4,24.4,23.4,24.3,94.8,1.5724424590111263,78.51388889,18.7,52.4,37.3,28.7,33.4,93.0,3.981218280613721,78.03472222,19.6,59.9,39.3,27.0,33.2,93.1,4.2000474828405245,68.0
92.06319444,19.4,86.2,25.1,23.4,24.0,95.7,1.2638370647819746,89.96388889,20.0,82.4,24.4,23.4,24.3,94.8,1.5724424590111263,78.51388889,18.7,52.4,37.3,28.7,33.4,93.0,3.981218280613721,69.0
83.67083333,21.1,64.0,36.6,26.2,33.4,98.2,3.0712980841499107,92.06319444,19.4,86.2,25.1,23.4,24.0,95.7,1.2638370647819746,89.96388889,20.0,82.4,24.4,23.4,24.3,94.8,1.5724424590111263,70.0
82.00416667,19.9,59.6,33.6,25.9,32.1,95.7,3.334149384663021,83.67083333,21.1,64.0,36.6,26.2,33.4,98.2,3.0712980841499107,92.06319444,19.4,86.2,25.1,23.4,24.0,95.7,1.2638370647819746,71.0
89.39027778,21.6,71.8,34.0,26.1,30.5,98.9,1.9959604503084485,82.00416667,19.9,59.6,33.6,25.9,32.1,95.7,3.334149384663021,83.67083333,21.1,64.0,36.6,26.2,33.4,98.2,3.0712980841499107,72.0
93.13402778,20.4,83.9,25.5,24.7,24.3,98.7,1.1202183647407682,89.39027778,21.6,71.8,34.0,26.1,30.5,98.9,1.9959604503084485,82.00416667,19.9,59.6,33.6,25.9,32.1,95.7,3.334149384663021,73.0
88.28611111,18.8,71.1,30.0,24.1,27.2,99.7,1.9104404590884128,93.13402778,20.4,83.9,25.5,24.7,24.3,98.7,1.1202183647407682,89.39027778,21.6,71.8,34.0,26.1,30.5,98.9,1.9959604503084485,74.0
90.5875,17.1,72.8,26.9,22.9,24.7,97.2,1.3823870699875838,88.28611111,18.8,71.1,30.0,24.1,27.2,99.7,1.9104404590884128,93.13402778,20.4,83.9,25.5,24.7,24.3,98.7,1.1202183647407682,75.0
80.89097222,14.8,53.5,34.0,23.9,29.9,96.0,3.0260338818308683,90.5875,17.1,72.8,26.9,22.9,24.7,97.2,1.3823870699875838,88.28611111,18.8,71.1,30.0,24.1,27.2,99.7,1.9104404590884128,76.0
88.38541667,18.9,82.8,21.8,22.0,21.4,94.4,1.7046431410979423,80.89097222,14.8,53.5,34.0,23.9,29.9,96.0,3.0260338818308683,90.5875,17.1,72.8,26.9,22.9,24.7,97.2,1.3823870699875838,77.0
93.22361111,19.8,74.8,29.9,24.4,28.3,100.0,1.2059556708298755,88.38541667,18.9,82.8,21.8,22.0,21.4,94.4,1.7046431410979423,80.89097222,14.8,53.5,34.0,23.9,29.9,96.0,3.0260338818308683,78.0
69.71875,18.1,41.5,37.8,24.1,34.5,92.7,5.783989231307952,93.22361111,19.8,74.8,29.9,24.4,28.3,100.0,1.2059556708298755,88.38541667,18.9,82.8,21.8,22.0,21.4,94.4,1.7046431410979423,104.0
88.54375,14.8,63.0,29.3,22.2,30.8,99.2,1.6985425962121754,69.71875,18.1,41.5,37.8,24.1,34.5,92.7,5.783989231307952,93.22361111,19.8,74.8,29.9,24.4,28.3,100.0,1.2059556708298755,20.0
80.25833333,11.9,52.7,28.2,21.5,29.4,94.6,2.669715916005692,88.54375,14.8,63.0,29.3,22.2,30.8,99.2,1.6985425962121754,69.71875,18.1,41.5,37.8,24.1,34.5,92.7,5.783989231307952,21.0
81.53472222,10.2,55.3,27.1,20.9,28.7,93.7,2.4069620072614337,80.25833333,11.9,52.7,28.2,21.5,29.4,94.6,2.669715916005692,88.54375,14.8,63.0,29.3,22.2,30.8,99.2,1.6985425962121754,22.0
80.79166667,10.6,51.2,28.4,20.8,29.8,95.4,2.4970084551194884,81.53472222,10.2,55.3,27.1,20.9,28.7,93.7,2.4069620072614337,80.25833333,11.9,52.7,28.2,21.5,29.4,94.6,2.669715916005692,23.0
83.37361111,11.5,52.8,26.5,20.1,29.1,95.0,2.0861247610767224,80.79166667,10.6,51.2,28.4,20.8,29.8,95.4,2.4970084551194884,81.53472222,10.2,55.3,27.1,20.9,28.7,93.7,2.4069620072614337,24.0
85.87986111,9.9,60.2,24.8,19.4,27.0,96.9,1.6874979631546256,83.37361111,11.5,52.8,26.5,20.1,29.1,95.0,2.0861247610767224,80.79166667,10.6,51.2,28.4,20.8,29.8,95.4,2.4970084551194884,25.0
82.27777778,9.3,48.9,27.6,19.5,30.0,96.1,2.2442375668378727,85.87986111,9.9,60.2,24.8,19.4,27.0,96.9,1.6874979631546256,83.37361111,11.5,52.8,26.5,20.1,29.1,95.0,2.0861247610767224,26.0
90.40694444,14.5,56.4,25.2,19.9,26.4,99.3,1.2922860168209962,82.27777778,9.3,48.9,27.6,19.5,30.0,96.1,2.2442375668378727,85.87986111,9.9,60.2,24.8,19.4,27.0,96.9,1.6874979631546256,27.0
96.18055556,15.4,85.2,23.2,19.6,24.2,100.0,0.51114373808575,90.40694444,14.5,56.4,25.2,19.9,26.4,99.3,1.2922860168209962,82.27777778,9.3,48.9,27.6,19.5,30.0,96.1,2.2442375668378727,28.0
93.90902778,15.6,70.2,27.9,21.0,29.4,100.0,0.9129102351150058,96.18055556,15.4,85.2,23.2,19.6,24.2,100.0,0.51114373808575,90.40694444,14.5,56.4,25.2,19.9,26.4,99.3,1.2922860168209962,29.0
97.525,18.0,77.4,24.8,21.2,25.6,100.0,0.3692495083808012,93.90902778,15.6,70.2,27.9,21.0,29.4,100.0,0.9129102351150058,96.18055556,15.4,85.2,23.2,19.6,24.2,100.0,0.51114373808575,30.0
91.43402778,16.3,66.2,27.3,21.8,28.6,100.0,1.2977401101381758,97.525,18.0,77.4,24.8,21.2,25.6,100.0,0.3692495083808012,93.90902778,15.6,70.2,27.9,21.0,29.4,100.0,0.9129102351150058,31.0
89.78819444,16.8,56.5,29.2,22.4,31.0,100.0,1.5908701669268268,91.43402778,16.3,66.2,27.3,21.8,28.6,100.0,1.2977401101381758,97.525,18.0,77.4,24.8,21.2,25.6,100.0,0.3692495083808012,32.0
98.66111111,17.6,86.7,24.0,20.9,24.9,100.0,0.19115568245240147,89.78819444,16.8,56.5,29.2,22.4,31.0,100.0,1.5908701669268268,91.43402778,16.3,66.2,27.3,21.8,28.6,100.0,1.2977401101381758,33.0
90.48541667,17.2,59.2,27.6,21.9,29.1,100.0,1.4679701630219462,98.66111111,17.6,86.7,24.0,20.9,24.9,100.0,0.19115568245240147,89.78819444,16.8,56.5,29.2,22.4,31.0,100.0,1.5908701669268268,34.0
87.10416667,14.6,57.2,26.8,21.4,27.6,99.6,1.8535471523828675,90.48541667,17.2,59.2,27.6,21.9,29.1,100.0,1.4679701630219462,98.66111111,17.6,86.7,24.0,20.9,24.9,100.0,0.19115568245240147,35.0
91.23125,15.9,63.1,25.5,21.1,26.6,100.0,1.2804516215004664,87.10416667,14.6,57.2,26.8,21.4,27.6,99.6,1.8535471523828675,90.48541667,17.2,59.2,27.6,21.9,29.1,100.0,1.4679701630219462,36.0
94.91597222,17.2,77.0,23.7,21.0,24.3,100.0,0.7213901829612801,91.23125,15.9,63.1,25.5,21.1,26.6,100.0,1.2804516215004664,87.10416667,14.6,57.2,26.8,21.4,27.6,99.6,1.8535471523828675,37.0
88.48888889,14.7,57.1,25.8,20.9,26.8,99.5,1.6089427924596675,94.91597222,17.2,77.0,23.7,21.0,24.3,100.0,0.7213901829612801,91.23125,15.9,63.1,25.5,21.1,26.6,100.0,1.2804516215004664,38.0
86.32430556,13.3,52.6,24.1,20.1,25.0,99.6,1.812236662198224,88.48888889,14.7,57.1,25.8,20.9,26.8,99.5,1.6089427924596675,94.91597222,17.2,77.0,23.7,21.0,24.3,100.0,0.7213901829612801,39.0
87.34305556,13.5,58.6,26.4,20.4,27.2,98.9,1.7283378070653896,86.32430556,13.3,52.6,24.1,20.1,25.0,99.6,1.812236662198224,88.48888889,14.7,57.1,25.8,20.9,26.8,99.5,1.6089427924596675,40.0
87.70763889,15.3,53.0,25.3,20.6,25.9,100.0,1.7423278806734006,87.34305556,13.5,58.6,26.4,20.4,27.2,98.9,1.7283378070653896,86.32430556,13.3,52.6,24.1,20.1,25.0,99.6,1.812236662198224,41.0
87.43125,14.5,57.0,25.5,20.5,26.4,100.0,1.7176576456653267,87.70763889,15.3,53.0,25.3,20.6,25.9,100.0,1.7423278806734006,87.34305556,13.5,58.6,26.4,20.4,27.2,98.9,1.7283378070653896,42.0
96.52916667,15.4,89.1,21.8,19.8,22.7,99.7,0.4599046604716818,87.43125,14.5,57.0,25.5,20.5,26.4,100.0,1.7176576456653267,87.70763889,15.3,53.0,25.3,20.6,25.9,100.0,1.7423278806734006,43.0
88.50138889,13.9,53.1,22.8,19.6,24.9,99.9,1.4963501015818268,96.52916667,15.4,89.1,21.8,19.8,22.7,99.7,0.4599046604716818,87.43125,14.5,57.0,25.5,20.5,26.4,100.0,1.7176576456653267,44.0
88.33819444,13.1,48.0,26.1,19.8,28.1,100.0,1.5357608158595966,88.50138889,13.9,53.1,22.8,19.6,24.9,99.9,1.4963501015818268,96.52916667,15.4,89.1,21.8,19.8,22.7,99.7,0.4599046604716818,45.0
94.69166667,14.7,69.6,22.9,19.7,23.7,99.5,0.6843923048268798,88.33819444,13.1,48.0,26.1,19.8,28.1,100.0,1.5357608158595966,88.50138889,13.9,53.1,22.8,19.6,24.9,99.9,1.4963501015818268,46.0
88.23194444,13.4,56.8,24.7,19.9,25.6,98.5,1.5090831437204122,94.69166667,14.7,69.6,22.9,19.7,23.7,99.5,0.6843923048268798,88.33819444,13.1,48.0,26.1,19.8,28.1,100.0,1.5357608158595966,47.0
84.96666667,12.7,52.9,24.6,19.2,26.2,97.3,1.8854856988982407,88.23194444,13.4,56.8,24.7,19.9,25.6,98.5,1.5090831437204122,94.69166667,14.7,69.6,22.9,19.7,23.7,99.5,0.6843923048268798,48.0
84.63680556,12.8,53.6,23.3,19.1,24.0,97.1,1.9346078023737368,84.96666667,12.7,52.9,24.6,19.2,26.2,97.3,1.8854856988982407,88.23194444,13.4,56.8,24.7,19.9,25.6,98.5,1.5090831437204122,49.0
75.56458333,5.6,34.5,36.9,20.1,36.2,92.6,3.107919928844459,70.80694444,8.3,23.5,32.6,21.3,37.4,94.3,3.813773036071851,82.96666667,10.7,42.7,28.8,21.7,28.1,100.0,2.3378054637351173,1.0
68.15694444,9.3,24.0,33.1,20.9,35.5,93.8,4.579827043325447,75.56458333,5.6,34.5,36.9,20.1,36.2,92.6,3.107919928844459,70.80694444,8.3,23.5,32.6,21.3,37.4,94.3,3.813773036071851,2.0
92.68194444,12.7,80.3,25.8,19.4,24.1,99.9,0.9732372190123374,68.15694444,9.3,24.0,33.1,20.9,35.5,93.8,4.579827043325447,75.56458333,5.6,34.5,36.9,20.1,36.2,92.6,3.107919928844459,3.0
76.64583333,14.7,26.9,34.5,22.5,38.2,99.7,3.942995660623652,92.68194444,12.7,80.3,25.8,19.4,24.1,99.9,0.9732372190123374,68.15694444,9.3,24.0,33.1,20.9,35.5,93.8,4.579827043325447,4.0
67.84027778,12.3,21.5,33.6,24.3,36.3,93.5,4.8794652080532135,76.64583333,14.7,26.9,34.5,22.5,38.2,99.7,3.942995660623652,92.68194444,12.7,80.3,25.8,19.4,24.1,99.9,0.9732372190123374,5.0
83.37013889,12.2,45.4,31.0,20.9,29.1,95.8,2.363821925505176,67.84027778,12.3,21.5,33.6,24.3,36.3,93.5,4.8794652080532135,76.64583333,14.7,26.9,34.5,22.5,38.2,99.7,3.942995660623652,6.0
86.48055556,12.3,46.4,31.9,21.5,29.6,100.0,1.9542790344158,83.37013889,12.2,45.4,31.0,20.9,29.1,95.8,2.363821925505176,67.84027778,12.3,21.5,33.6,24.3,36.3,93.5,4.8794652080532135,7.0
73.69861111,10.4,32.7,31.8,20.9,34.6,94.5,3.817496770033906,86.48055556,12.3,46.4,31.9,21.5,29.6,100.0,1.9542790344158,83.37013889,12.2,45.4,31.0,20.9,29.1,95.8,2.363821925505176,8.0
89.68402778,14.2,62.3,27.6,20.4,26.5,96.1,1.3602019180197509,73.69861111,10.4,32.7,31.8,20.9,34.6,94.5,3.817496770033906,86.48055556,12.3,46.4,31.9,21.5,29.6,100.0,1.9542790344158,9.0
81.58472222,13.8,38.6,34.2,21.2,38.8,97.6,2.6622734006574804,89.68402778,14.2,62.3,27.6,20.4,26.5,96.1,1.3602019180197509,73.69861111,10.4,32.7,31.8,20.9,34.6,94.5,3.817496770033906,10.0
75.36527778,11.7,37.8,31.2,21.8,31.6,94.5,3.673855490704428,81.58472222,13.8,38.6,34.2,21.2,38.8,97.6,2.6622734006574804,89.68402778,14.2,62.3,27.6,20.4,26.5,96.1,1.3602019180197509,11.0
69.42291667,12.3,33.7,33.1,22.9,36.0,99.4,4.956745706091079,75.36527778,11.7,37.8,31.2,21.8,31.6,94.5,3.673855490704428,81.58472222,13.8,38.6,34.2,21.2,38.8,97.6,2.6622734006574804,12.0
70.82083333,13.0,36.7,35.9,23.1,36.1,92.2,4.758718297087365,69.42291667,12.3,33.7,33.1,22.9,36.0,99.4,4.956745706091079,75.36527778,11.7,37.8,31.2,21.8,31.6,94.5,3.673855490704428,13.0
71.17986111,12.9,29.4,34.6,23.5,35.4,92.2,4.6679827802303775,70.82083333,13.0,36.7,35.9,23.1,36.1,92.2,4.758718297087365,69.42291667,12.3,33.7,33.1,22.9,36.0,99.4,4.956745706091079,14.0
71.62777778,14.4,38.8,35.6,23.4,36.2,91.5,4.8125931067838685,71.17986111,12.9,29.4,34.6,23.5,35.4,92.2,4.6679827802303775,70.82083333,13.0,36.7,35.9,23.1,36.1,92.2,4.758718297087365,15.0
87.81875,17.8,67.3,25.8,21.5,24.6,100.0,1.7743125508418518,71.62777778,14.4,38.8,35.6,23.4,36.2,91.5,4.8125931067838685,71.17986111,12.9,29.4,34.6,23.5,35.4,92.2,4.6679827802303775,16.0
77.43819444,14.4,44.5,32.8,23.0,35.9,97.3,3.6667085908774055,87.81875,17.8,67.3,25.8,21.5,24.6,100.0,1.7743125508418518,71.62777778,14.4,38.8,35.6,23.4,36.2,91.5,4.8125931067838685,17.0
64.33125,12.5,30.0,34.6,24.8,35.3,86.4,5.651965486800673,77.43819444,14.4,44.5,32.8,23.0,35.9,97.3,3.6667085908774055,87.81875,17.8,67.3,25.8,21.5,24.6,100.0,1.7743125508418518,18.0
72.53958333,15.6,51.1,29.0,23.5,29.4,88.2,4.227303760558606,64.33125,12.5,30.0,34.6,24.8,35.3,86.4,5.651965486800673,77.43819444,14.4,44.5,32.8,23.0,35.9,97.3,3.6667085908774055,19.0
61.65555556,13.0,29.5,35.1,25.0,37.2,87.8,6.12358668991821,72.53958333,15.6,51.1,29.0,23.5,29.4,88.2,4.227303760558606,64.33125,12.5,30.0,34.6,24.8,35.3,86.4,5.651965486800673,20.0
66.73680556,13.3,32.1,33.8,25.4,34.7,89.9,5.43987772919318,61.65555556,13.0,29.5,35.1,25.0,37.2,87.8,6.12358668991821,72.53958333,15.6,51.1,29.0,23.5,29.4,88.2,4.227303760558606,21.0
71.17777778,14.2,39.9,34.5,25.2,34.2,89.7,4.619990667627146,66.73680556,13.3,32.1,33.8,25.4,34.7,89.9,5.43987772919318,61.65555556,13.0,29.5,35.1,25.0,37.2,87.8,6.12358668991821,22.0
67.94027778,15.2,36.9,33.6,25.5,34.7,90.8,5.5191690451499245,71.17777778,14.2,39.9,34.5,25.2,34.2,89.7,4.619990667627146,66.73680556,13.3,32.1,33.8,25.4,34.7,89.9,5.43987772919318,23.0
84.88541667,15.9,62.4,28.7,22.1,26.3,97.1,2.1868180345644634,67.94027778,15.2,36.9,33.6,25.5,34.7,90.8,5.5191690451499245,71.17777778,14.2,39.9,34.5,25.2,34.2,89.7,4.619990667627146,24.0
77.76944444,14.9,57.7,28.3,23.2,27.7,98.2,3.4776257188721105,84.88541667,15.9,62.4,28.7,22.1,26.3,97.1,2.1868180345644634,67.94027778,15.2,36.9,33.6,25.5,34.7,90.8,5.5191690451499245,25.0
63.94930556,12.0,32.1,30.2,24.0,32.1,99.9,5.1503492768642944,77.76944444,14.9,57.7,28.3,23.2,27.7,98.2,3.4776257188721105,84.88541667,15.9,62.4,28.7,22.1,26.3,97.1,2.1868180345644634,26.0
65.46736111,9.9,32.4,30.5,23.1,31.0,92.6,5.010781039801309,63.94930556,12.0,32.1,30.2,24.0,32.1,99.9,5.1503492768642944,77.76944444,14.9,57.7,28.3,23.2,27.7,98.2,3.4776257188721105,27.0
69.36805556,12.5,32.9,35.5,24.7,34.6,89.4,4.848015907767457,65.46736111,9.9,32.4,30.5,23.1,31.0,92.6,5.010781039801309,63.94930556,12.0,32.1,30.2,24.0,32.1,99.9,5.1503492768642944,28.0
95.08958333,15.5,88.5,21.2,20.4,20.8,100.0,0.6491971532151726,69.36805556,12.5,32.9,35.5,24.7,34.6,89.4,4.848015907767457,65.46736111,9.9,32.4,30.5,23.1,31.0,92.6,5.010781039801309,29.0
89.93541667,15.8,77.4,24.4,20.9,22.9,98.6,1.3903940707599405,95.08958333,15.5,88.5,21.2,20.4,20.8,100.0,0.6491971532151726,69.36805556,12.5,32.9,35.5,24.7,34.6,89.4,4.848015907767457,30.0
78.45486111,14.4,45.6,32.4,22.1,28.7,96.5,3.032834632165849,89.93541667,15.8,77.4,24.4,20.9,22.9,98.6,1.3903940707599405,95.08958333,15.5,88.5,21.2,20.4,20.8,100.0,0.6491971532151726,31.0
60.44583333,11.6,34.0,30.5,22.1,30.1,84.7,5.42582821353674,78.45486111,14.4,45.6,32.4,22.1,28.7,96.5,3.032834632165849,89.93541667,15.8,77.4,24.4,20.9,22.9,98.6,1.3903940707599405,32.0
64.37986111,9.4,27.8,33.5,22.8,30.9,100.0,5.0287374455700515,60.44583333,11.6,34.0,30.5,22.1,30.1,84.7,5.42582821353674,78.45486111,14.4,45.6,32.4,22.1,28.7,96.5,3.032834632165849,33.0
70.67847222,11.6,31.2,34.2,24.0,32.5,96.0,4.445673486283088,64.37986111,9.4,27.8,33.5,22.8,30.9,100.0,5.0287374455700515,60.44583333,11.6,34.0,30.5,22.1,30.1,84.7,5.42582821353674,34.0
90.56458333,16.7,81.6,20.6,20.2,20.5,96.2,1.2979450258535996,70.67847222,11.6,31.2,34.2,24.0,32.5,96.0,4.445673486283088,64.37986111,9.4,27.8,33.5,22.8,30.9,100.0,5.0287374455700515,35.0
70.28888889,17.4,39.5,34.3,24.7,35.3,97.6,5.28328863467931,90.56458333,16.7,81.6,20.6,20.2,20.5,96.2,1.2979450258535996,70.67847222,11.6,31.2,34.2,24.0,32.5,96.0,4.445673486283088,36.0
73.35972222,15.5,44.8,35.2,25.6,34.1,96.6,4.629172880646731,70.28888889,17.4,39.5,34.3,24.7,35.3,97.6,5.28328863467931,90.56458333,16.7,81.6,20.6,20.2,20.5,96.2,1.2979450258535996,37.0
81.45416667,16.6,58.6,31.7,24.1,28.6,100.0,3.1285487592693366,73.35972222,15.5,44.8,35.2,25.6,34.1,96.6,4.629172880646731,70.28888889,17.4,39.5,34.3,24.7,35.3,97.6,5.28328863467931,38.0
78.025,19.1,52.3,34.4,25.9,33.6,93.4,4.020828503133583,81.45416667,16.6,58.6,31.7,24.1,28.6,100.0,3.1285487592693366,73.35972222,15.5,44.8,35.2,25.6,34.1,96.6,4.629172880646731,50.0
81.64583333,18.9,63.1,30.0,23.7,28.1,100.0,3.122577524637151,78.025,19.1,52.3,34.4,25.9,33.6,93.4,4.020828503133583,81.45416667,16.6,58.6,31.7,24.1,28.6,100.0,3.1285487592693366,51.0
88.16736111,18.9,71.8,27.1,23.7,27.5,98.5,1.8991639592997576,81.64583333,18.9,63.1,30.0,23.7,28.1,100.0,3.122577524637151,78.025,19.1,52.3,34.4,25.9,33.6,93.4,4.020828503133583,52.0
90.83333333,17.5,75.6,24.0,21.7,24.0,98.8,1.3207122127588378,88.16736111,18.9,71.8,27.1,23.7,27.5,98.5,1.8991639592997576,81.64583333,18.9,63.1,30.0,23.7,28.1,100.0,3.122577524637151,53.0
65.82847222,16.2,34.8,36.0,27.6,38.4,95.8,6.452994898900442,90.83333333,17.5,75.6,24.0,21.7,24.0,98.8,1.3207122127588378,88.16736111,18.9,71.8,27.1,23.7,27.5,98.5,1.8991639592997576,54.0
73.17569444,16.3,41.2,32.8,27.8,36.0,100.0,4.921029492948394,65.82847222,16.2,34.8,36.0,27.6,38.4,95.8,6.452994898900442,90.83333333,17.5,75.6,24.0,21.7,24.0,98.8,1.3207122127588378,55.0
70.07569444,17.0,38.7,32.5,28.9,36.1,98.2,5.668127148624332,73.17569444,16.3,41.2,32.8,27.8,36.0,100.0,4.921029492948394,65.82847222,16.2,34.8,36.0,27.6,38.4,95.8,6.452994898900442,56.0
68.03055556,17.0,36.7,32.8,28.3,35.9,92.7,6.238525430103357,70.07569444,17.0,38.7,32.5,28.9,36.1,98.2,5.668127148624332,73.17569444,16.3,41.2,32.8,27.8,36.0,100.0,4.921029492948394,57.0
75.1625,17.9,42.1,32.0,26.7,35.2,95.6,4.555752495428255,68.03055556,17.0,36.7,32.8,28.3,35.9,92.7,6.238525430103357,70.07569444,17.0,38.7,32.5,28.9,36.1,98.2,5.668127148624332,58.0
92.77291667,17.9,81.7,25.4,23.0,26.0,100.0,1.1199959738055256,75.1625,17.9,42.1,32.0,26.7,35.2,95.6,4.555752495428255,68.03055556,17.0,36.7,32.8,28.3,35.9,92.7,6.238525430103357,59.0
84.78333333,19.5,49.5,31.8,26.1,35.0,100.0,2.7375604084862117,92.77291667,17.9,81.7,25.4,23.0,26.0,100.0,1.1199959738055256,75.1625,17.9,42.1,32.0,26.7,35.2,95.6,4.555752495428255,60.0
83.72986111,18.7,46.5,30.3,26.1,35.4,99.7,2.9898953266518618,84.78333333,19.5,49.5,31.8,26.1,35.0,100.0,2.7375604084862117,92.77291667,17.9,81.7,25.4,23.0,26.0,100.0,1.1199959738055256,61.0
80.94166667,19.7,40.7,35.2,27.5,37.4,100.0,3.737868542867087,83.72986111,18.7,46.5,30.3,26.1,35.4,99.7,2.9898953266518618,84.78333333,19.5,49.5,31.8,26.1,35.0,100.0,2.7375604084862117,62.0
82.11944444,19.4,61.8,30.0,24.4,29.9,97.3,3.1270448861103506,80.94166667,19.7,40.7,35.2,27.5,37.4,100.0,3.737868542867087,83.72986111,18.7,46.5,30.3,26.1,35.4,99.7,2.9898953266518618,63.0
79.78194444,21.8,57.5,32.9,26.1,34.0,92.5,3.942104946458587,82.11944444,19.4,61.8,30.0,24.4,29.9,97.3,3.1270448861103506,80.94166667,19.7,40.7,35.2,27.5,37.4,100.0,3.737868542867087,64.0
68.72083333,20.1,46.4,33.5,27.4,36.0,93.7,6.2643330487248825,79.78194444,21.8,57.5,32.9,26.1,34.0,92.5,3.942104946458587,82.11944444,19.4,61.8,30.0,24.4,29.9,97.3,3.1270448861103506,65.0
67.47986111,18.7,45.4,32.5,25.3,32.3,89.1,5.814665939086171,68.72083333,20.1,46.4,33.5,27.4,36.0,93.7,6.2643330487248825,79.78194444,21.8,57.5,32.9,26.1,34.0,92.5,3.942104946458587,66.0
75.81111111,16.7,50.0,31.9,25.6,31.6,92.8,4.326225031679317,67.47986111,18.7,45.4,32.5,25.3,32.3,89.1,5.814665939086171,68.72083333,20.1,46.4,33.5,27.4,36.0,93.7,6.2643330487248825,67.0
89.975,19.8,74.0,26.4,23.7,26.1,99.9,1.6411675384811004,75.81111111,16.7,50.0,31.9,25.6,31.6,92.8,4.326225031679317,67.47986111,18.7,45.4,32.5,25.3,32.3,89.1,5.814665939086171,68.0
79.23472222,17.4,52.7,32.4,24.3,31.1,98.4,3.3642897651511987,89.975,19.8,74.0,26.4,23.7,26.1,99.9,1.6411675384811004,75.81111111,16.7,50.0,31.9,25.6,31.6,92.8,4.326225031679317,69.0
76.76458333,16.5,45.9,34.0,26.1,35.9,99.5,4.1704561159378635,79.23472222,17.4,52.7,32.4,24.3,31.1,98.4,3.3642897651511987,89.975,19.8,74.0,26.4,23.7,26.1,99.9,1.6411675384811004,70.0
87.53333333,18.6,62.5,31.1,23.6,29.2,98.1,1.9813761579720968,76.76458333,16.5,45.9,34.0,26.1,35.9,99.5,4.1704561159378635,79.23472222,17.4,52.7,32.4,24.3,31.1,98.4,3.3642897651511987,71.0
84.47013889,18.8,53.8,33.2,25.5,34.0,98.8,2.7400966656164565,87.53333333,18.6,62.5,31.1,23.6,29.2,98.1,1.9813761579720968,76.76458333,16.5,45.9,34.0,26.1,35.9,99.5,4.1704561159378635,72.0
97.23263889,19.8,92.8,24.2,22.8,23.8,100.0,0.4422583336060285,84.47013889,18.8,53.8,33.2,25.5,34.0,98.8,2.7400966656164565,87.53333333,18.6,62.5,31.1,23.6,29.2,98.1,1.9813761579720968,73.0
86.81319444,19.4,68.0,29.3,24.2,28.8,100.0,2.3189976071029075,97.23263889,19.8,92.8,24.2,22.8,23.8,100.0,0.4422583336060285,84.47013889,18.8,53.8,33.2,25.5,34.0,98.8,2.7400966656164565,74.0
73.32986111,17.8,43.1,36.9,26.1,34.7,95.9,5.0275658965920265,86.81319444,19.4,68.0,29.3,24.2,28.8,100.0,2.3189976071029075,97.23263889,19.8,92.8,24.2,22.8,23.8,100.0,0.4422583336060285,75.0
93.41111111,18.5,73.0,25.8,23.3,25.5,100.0,0.99831961152879,73.32986111,17.8,43.1,36.9,26.1,34.7,95.9,5.0275658965920265,86.81319444,19.4,68.0,29.3,24.2,28.8,100.0,2.3189976071029075,76.0
83.01458333,18.4,49.9,35.3,25.9,34.6,100.0,3.1138860755924798,93.41111111,18.5,73.0,25.8,23.3,25.5,100.0,0.99831961152879,73.32986111,17.8,43.1,36.9,26.1,34.7,95.9,5.0275658965920265,77.0
74.28958333,20.0,47.0,37.8,27.8,36.8,98.0,5.459602805555671,83.01458333,18.4,49.9,35.3,25.9,34.6,100.0,3.1138860755924798,93.41111111,18.5,73.0,25.8,23.3,25.5,100.0,0.99831961152879,78.0
83.98611111,22.1,59.6,35.7,28.5,36.4,98.4,3.335860449305869,74.28958333,20.0,47.0,37.8,27.8,36.8,98.0,5.459602805555671,83.01458333,18.4,49.9,35.3,25.9,34.6,100.0,3.1138860755924798,79.0
86.09861111,23.7,61.8,35.1,28.2,35.2,98.3,2.9576742802314624,83.98611111,22.1,59.6,35.7,28.5,36.4,98.4,3.335860449305869,74.28958333,20.0,47.0,37.8,27.8,36.8,98.0,5.459602805555671,80.0
85.98541667,24.0,58.4,38.0,29.4,37.6,100.0,3.072787898967312,86.09861111,23.7,61.8,35.1,28.2,35.2,98.3,2.9576742802314624,83.98611111,22.1,59.6,35.7,28.5,36.4,98.4,3.335860449305869,81.0
88.62638889,24.7,68.7,33.3,28.5,33.6,100.0,2.4490006169212064,85.98541667,24.0,58.4,38.0,29.4,37.6,100.0,3.072787898967312,86.09861111,23.7,61.8,35.1,28.2,35.2,98.3,2.9576742802314624,82.0
89.45972222,25.1,64.7,35.6,28.8,35.9,100.0,2.311336379899462,88.62638889,24.7,68.7,33.3,28.5,33.6,100.0,2.4490006169212064,85.98541667,24.0,58.4,38.0,29.4,37.6,100.0,3.072787898967312,83.0
84.79861111,24.9,60.0,36.3,30.4,37.1,100.0,3.4698404382159302,89.45972222,25.1,64.7,35.6,28.8,35.9,100.0,2.311336379899462,88.62638889,24.7,68.7,33.3,28.5,33.6,100.0,2.4490006169212064,84.0
86.25694444,24.3,66.2,36.1,29.3,35.8,98.7,3.0609247021131982,84.79861111,24.9,60.0,36.3,30.4,37.1,100.0,3.4698404382159302,89.45972222,25.1,64.7,35.6,28.8,35.9,100.0,2.311336379899462,85.0
85.6,24.0,66.9,35.6,29.1,34.3,100.0,3.1820225892739704,86.25694444,24.3,66.2,36.1,29.3,35.8,98.7,3.0609247021131982,84.79861111,24.9,60.0,36.3,30.4,37.1,100.0,3.4698404382159302,86.0
92.58333333,24.6,81.6,30.2,27.3,29.6,99.2,1.5073994985912358,85.6,24.0,66.9,35.6,29.1,34.3,100.0,3.1820225892739704,86.25694444,24.3,66.2,36.1,29.3,35.8,98.7,3.0609247021131982,87.0
95.45,24.5,88.2,27.6,26.3,27.4,99.9,0.8876746671720519,92.58333333,24.6,81.6,30.2,27.3,29.6,99.2,1.5073994985912358,85.6,24.0,66.9,35.6,29.1,34.3,100.0,3.1820225892739704,88.0
95.04652778,24.0,82.6,30.0,29.4,29.3,100.0,0.9796800191263232,95.45,24.5,88.2,27.6,26.3,27.4,99.9,0.8876746671720519,92.58333333,24.6,81.6,30.2,27.3,29.6,99.2,1.5073994985912358,89.0
90.76597222,24.8,66.7,32.6,31.9,31.4,100.0,1.908275995839425,95.04652778,24.0,82.6,30.0,29.4,29.3,100.0,0.9796800191263232,95.45,24.5,88.2,27.6,26.3,27.4,99.9,0.8876746671720519,90.0
85.44652778,24.1,60.6,37.6,29.2,35.4,100.0,3.2562088595245573,90.76597222,24.8,66.7,32.6,31.9,31.4,100.0,1.908275995839425,95.04652778,24.0,82.6,30.0,29.4,29.3,100.0,0.9796800191263232,91.0
83.87916667,23.0,62.7,39.4,29.5,36.0,97.9,3.60713493901776,85.44652778,24.1,60.6,37.6,29.2,35.4,100.0,3.2562088595245573,90.76597222,24.8,66.7,32.6,31.9,31.4,100.0,1.908275995839425,92.0
83.08611111,23.3,60.5,38.7,29.5,35.7,98.2,3.8246835683572997,83.87916667,23.0,62.7,39.4,29.5,36.0,97.9,3.60713493901776,85.44652778,24.1,60.6,37.6,29.2,35.4,100.0,3.2562088595245573,93.0
82.70902778,24.5,60.0,37.0,30.1,35.4,98.0,3.9229949733698017,83.08611111,23.3,60.5,38.7,29.5,35.7,98.2,3.8246835683572997,83.87916667,23.0,62.7,39.4,29.5,36.0,97.9,3.60713493901776,94.0
81.83472222,25.6,51.9,40.3,29.8,37.7,98.9,4.194679640548838,82.70902778,24.5,60.0,37.0,30.1,35.4,98.0,3.9229949733698017,83.08611111,23.3,60.5,38.7,29.5,35.7,98.2,3.8246835683572997,95.0
75.95972222,24.6,51.3,38.5,29.2,36.2,97.0,5.676164831279317,81.83472222,25.6,51.9,40.3,29.8,37.7,98.9,4.194679640548838,82.70902778,24.5,60.0,37.0,30.1,35.4,98.0,3.9229949733698017,96.0
79.41875,24.5,55.6,38.9,30.0,36.2,95.6,4.886655421982172,75.95972222,24.6,51.3,38.5,29.2,36.2,97.0,5.676164831279317,81.83472222,25.6,51.9,40.3,29.8,37.7,98.9,4.194679640548838,97.0
80.47083333,25.1,61.3,39.9,30.5,36.8,97.3,4.7563771529053245,79.41875,24.5,55.6,38.9,30.0,36.2,95.6,4.886655421982172,75.95972222,24.6,51.3,38.5,29.2,36.2,97.0,5.676164831279317,1.0
83.17430556,25.8,61.3,39.2,30.6,37.0,96.6,4.040978235606223,80.47083333,25.1,61.3,39.9,30.5,36.8,97.3,4.7563771529053245,79.41875,24.5,55.6,38.9,30.0,36.2,95.6,4.886655421982172,2.0
86.36875,26.6,70.6,38.0,30.7,36.0,98.7,3.2993099750654373,83.17430556,25.8,61.3,39.2,30.6,37.0,96.6,4.040978235606223,80.47083333,25.1,61.3,39.9,30.5,36.8,97.3,4.7563771529053245,3.0
83.69583333,26.7,65.0,38.9,31.1,36.9,97.8,4.10054559495299,86.36875,26.6,70.6,38.0,30.7,36.0,98.7,3.2993099750654373,83.17430556,25.8,61.3,39.2,30.6,37.0,96.6,4.040978235606223,4.0
84.76180556,26.9,67.2,38.5,30.8,36.1,98.7,3.717854109858141,83.69583333,26.7,65.0,38.9,31.1,36.9,97.8,4.10054559495299,86.36875,26.6,70.6,38.0,30.7,36.0,98.7,3.2993099750654373,5.0
84.70625,26.1,69.5,35.7,29.6,34.2,96.2,3.582374435663,84.76180556,26.9,67.2,38.5,30.8,36.1,98.7,3.717854109858141,83.69583333,26.7,65.0,38.9,31.1,36.9,97.8,4.10054559495299,6.0
82.54097222,25.5,53.3,33.5,27.9,37.5,97.4,4.033488043635418,84.70625,26.1,69.5,35.7,29.6,34.2,96.2,3.582374435663,84.76180556,26.9,67.2,38.5,30.8,36.1,98.7,3.717854109858141,27.0
81.96388889,26.4,42.6,37.2,31.7,40.8,98.9,4.439312514710322,82.54097222,25.5,53.3,33.5,27.9,37.5,97.4,4.033488043635418,84.70625,26.1,69.5,35.7,29.6,34.2,96.2,3.582374435663,28.0
87.34375,26.3,63.5,36.1,30.3,36.3,99.6,2.937188729485732,81.96388889,26.4,42.6,37.2,31.7,40.8,98.9,4.439312514710322,82.54097222,25.5,53.3,33.5,27.9,37.5,97.4,4.033488043635418,29.0
83.52986111,25.9,45.8,37.1,32.1,41.2,100.0,4.088499430175128,87.34375,26.3,63.5,36.1,30.3,36.3,99.6,2.937188729485732,81.96388889,26.4,42.6,37.2,31.7,40.8,98.9,4.439312514710322,30.0
83.47291667,26.6,49.7,37.7,32.3,41.0,98.9,4.084144401661167,83.52986111,25.9,45.8,37.1,32.1,41.2,100.0,4.088499430175128,87.34375,26.3,63.5,36.1,30.3,36.3,99.6,2.937188729485732,31.0
91.73611111,25.2,62.0,36.3,30.1,36.9,99.6,1.7431338130322955,83.47291667,26.6,49.7,37.7,32.3,41.0,98.9,4.084144401661167,83.52986111,25.9,45.8,37.1,32.1,41.2,100.0,4.088499430175128,32.0
87.96527778,25.4,63.5,34.3,29.8,35.4,100.0,2.642438020117082,91.73611111,25.2,62.0,36.3,30.1,36.9,99.6,1.7431338130322955,83.47291667,26.6,49.7,37.7,32.3,41.0,98.9,4.084144401661167,33.0
59.975,22.7,29.4,36.1,27.1,35.5,83.6,8.378293803277506,87.96527778,25.4,63.5,34.3,29.8,35.4,100.0,2.642438020117082,91.73611111,25.2,62.0,36.3,30.1,36.9,99.6,1.7431338130322955,34.0
66.15416667,19.8,40.6,34.8,27.8,35.1,86.4,6.640387029073574,59.975,22.7,29.4,36.1,27.1,35.5,83.6,8.378293803277506,87.96527778,25.4,63.5,34.3,29.8,35.4,100.0,2.642438020117082,35.0
70.36527778,19.7,39.6,35.2,27.8,35.0,91.2,5.768837793566827,66.15416667,19.8,40.6,34.8,27.8,35.1,86.4,6.640387029073574,59.975,22.7,29.4,36.1,27.1,35.5,83.6,8.378293803277506,36.0
81.13888889,20.9,59.2,32.4,27.3,32.4,100.0,3.7676617713117952,70.36527778,19.7,39.6,35.2,27.8,35.0,91.2,5.768837793566827,66.15416667,19.8,40.6,34.8,27.8,35.1,86.4,6.640387029073574,37.0
80.71111111,25.6,56.1,38.7,30.3,38.5,95.7,4.652529671020191,81.13888889,20.9,59.2,32.4,27.3,32.4,100.0,3.7676617713117952,70.36527778,19.7,39.6,35.2,27.8,35.0,91.2,5.768837793566827,38.0
78.65416667,26.3,48.7,41.8,31.1,40.5,98.8,5.421068987680111,80.71111111,25.6,56.1,38.7,30.3,38.5,95.7,4.652529671020191,81.13888889,20.9,59.2,32.4,27.3,32.4,100.0,3.7676617713117952,39.0
82.84305556,26.9,66.3,38.0,30.5,37.6,99.1,4.037004038366057,78.65416667,26.3,48.7,41.8,31.1,40.5,98.8,5.421068987680111,80.71111111,25.6,56.1,38.7,30.3,38.5,95.7,4.652529671020191,40.0
91.54027778,26.9,71.4,34.4,29.5,34.9,100.0,1.8889633931198588,82.84305556,26.9,66.3,38.0,30.5,37.6,99.1,4.037004038366057,78.65416667,26.3,48.7,41.8,31.1,40.5,98.8,5.421068987680111,41.0
89.67430556,26.1,71.7,37.0,29.7,35.4,98.3,2.3524130505435763,91.54027778,26.9,71.4,34.4,29.5,34.9,100.0,1.8889633931198588,82.84305556,26.9,66.3,38.0,30.5,37.6,99.1,4.037004038366057,42.0
81.92569444,24.5,54.2,38.3,30.7,38.9,99.5,4.368151889061228,89.67430556,26.1,71.7,37.0,29.7,35.4,98.3,2.3524130505435763,91.54027778,26.9,71.4,34.4,29.5,34.9,100.0,1.8889633931198588,43.0
79.67361111,23.9,53.6,38.3,30.3,38.7,97.2,4.854435466929858,81.92569444,24.5,54.2,38.3,30.7,38.9,99.5,4.368151889061228,89.67430556,26.1,71.7,37.0,29.7,35.4,98.3,2.3524130505435763,44.0
82.02013889,24.3,59.3,38.9,29.6,36.7,97.1,4.061352939381447,79.67361111,23.9,53.6,38.3,30.3,38.7,97.2,4.854435466929858,81.92569444,24.5,54.2,38.3,30.7,38.9,99.5,4.368151889061228,45.0
82.30069444,24.9,55.7,38.6,30.1,37.1,97.6,4.124656772838615,82.02013889,24.3,59.3,38.9,29.6,36.7,97.1,4.061352939381447,79.67361111,23.9,53.6,38.3,30.3,38.7,97.2,4.854435466929858,46.0
88.80069444,25.1,66.7,35.9,29.6,33.1,100.0,2.474251816300088,82.30069444,24.9,55.7,38.6,30.1,37.1,97.6,4.124656772838615,82.02013889,24.3,59.3,38.9,29.6,36.7,97.1,4.061352939381447,47.0
82.81527778,24.3,54.1,40.3,30.9,38.0,100.0,4.009167766182779,88.80069444,25.1,66.7,35.9,29.6,33.1,100.0,2.474251816300088,82.30069444,24.9,55.7,38.6,30.1,37.1,97.6,4.124656772838615,48.0
85.71597222,24.1,68.6,32.2,27.5,30.5,95.9,2.849446285136161,82.81527778,24.3,54.1,40.3,30.9,38.0,100.0,4.009167766182779,88.80069444,25.1,66.7,35.9,29.6,33.1,100.0,2.474251816300088,49.0
84.11111111,23.6,61.1,37.0,28.9,35.2,95.7,3.317377261613033,85.71597222,24.1,68.6,32.2,27.5,30.5,95.9,2.849446285136161,82.81527778,24.3,54.1,40.3,30.9,38.0,100.0,4.009167766182779,50.0
80.65416667,23.0,55.3,40.3,29.3,37.5,94.7,4.270739017457851,84.11111111,23.6,61.1,37.0,28.9,35.2,95.7,3.317377261613033,85.71597222,24.1,68.6,32.2,27.5,30.5,95.9,2.849446285136161,51.0
92.36458333,24.7,78.6,35.3,28.3,32.6,97.7,1.5911868859364393,80.65416667,23.0,55.3,40.3,29.3,37.5,94.7,4.270739017457851,84.11111111,23.6,61.1,37.0,28.9,35.2,95.7,3.317377261613033,52.0
84.52777778,24.3,61.9,38.2,29.0,35.8,99.2,3.3747693766999656,92.36458333,24.7,78.6,35.3,28.3,32.6,97.7,1.5911868859364393,80.65416667,23.0,55.3,40.3,29.3,37.5,94.7,4.270739017457851,53.0
82.61527778,22.7,55.9,36.3,27.3,31.8,94.5,3.52503688415281,84.52777778,24.3,61.9,38.2,29.0,35.8,99.2,3.3747693766999656,92.36458333,24.7,78.6,35.3,28.3,32.6,97.7,1.5911868859364393,54.0
87.62013889,23.2,76.6,32.8,27.4,30.6,96.4,2.546985616744017,82.61527778,22.7,55.9,36.3,27.3,31.8,94.5,3.52503688415281,84.52777778,24.3,61.9,38.2,29.0,35.8,99.2,3.3747693766999656,55.0
87.76527778,25.0,72.7,34.6,28.0,33.2,95.9,2.5894985685071714,87.62013889,23.2,76.6,32.8,27.4,30.6,96.4,2.546985616744017,82.61527778,22.7,55.9,36.3,27.3,31.8,94.5,3.52503688415281,56.0
86.05208333,24.9,62.5,38.5,29.3,36.8,98.3,3.074329400489308,87.76527778,25.0,72.7,34.6,28.0,33.2,95.9,2.5894985685071714,87.62013889,23.2,76.6,32.8,27.4,30.6,96.4,2.546985616744017,57.0
91.00416667,21.7,83.5,31.0,26.9,29.2,96.1,1.666804045749703,86.05208333,24.9,62.5,38.5,29.3,36.8,98.3,3.074329400489308,87.76527778,25.0,72.7,34.6,28.0,33.2,95.9,2.5894985685071714,58.0
80.18680556,20.0,63.4,29.9,24.8,27.6,90.2,3.400179575238527,91.00416667,21.7,83.5,31.0,26.9,29.2,96.1,1.666804045749703,86.05208333,24.9,62.5,38.5,29.3,36.8,98.3,3.074329400489308,59.0
78.28194444,19.9,61.4,27.8,23.8,27.2,90.3,3.5366786169150664,80.18680556,20.0,63.4,29.9,24.8,27.6,90.2,3.400179575238527,91.00416667,21.7,83.5,31.0,26.9,29.2,96.1,1.666804045749703,60.0
78.40069444,19.7,54.2,32.5,24.4,30.4,90.9,3.750211039359413,78.28194444,19.9,61.4,27.8,23.8,27.2,90.3,3.5366786169150664,80.18680556,20.0,63.4,29.9,24.8,27.6,90.2,3.400179575238527,61.0
87.23194444,20.6,77.2,28.1,24.3,27.0,94.8,2.1850273176909027,78.40069444,19.7,54.2,32.5,24.4,30.4,90.9,3.750211039359413,78.28194444,19.9,61.4,27.8,23.8,27.2,90.3,3.5366786169150664,62.0
91.56458333,22.0,75.8,27.7,24.5,27.5,97.2,1.4790931758537806,87.23194444,20.6,77.2,28.1,24.3,27.0,94.8,2.1850273176909027,78.40069444,19.7,54.2,32.5,24.4,30.4,90.9,3.750211039359413,63.0
82.95555556,22.5,57.5,36.2,27.1,34.4,97.5,3.5320867038192443,91.56458333,22.0,75.8,27.7,24.5,27.5,97.2,1.4790931758537806,87.23194444,20.6,77.2,28.1,24.3,27.0,94.8,2.1850273176909027,64.0
67.40347222,23.4,42.0,33.4,25.9,32.2,88.9,6.75560466192788,82.95555556,22.5,57.5,36.2,27.1,34.4,97.5,3.5320867038192443,91.56458333,22.0,75.8,27.7,24.5,27.5,97.2,1.4790931758537806,65.0
71.04236111,19.5,46.8,34.1,26.4,33.1,90.1,5.567286577716677,67.40347222,23.4,42.0,33.4,25.9,32.2,88.9,6.75560466192788,82.95555556,22.5,57.5,36.2,27.1,34.4,97.5,3.5320867038192443,66.0
73.22638889,19.1,45.9,36.0,29.4,32.9,90.8,4.954777028862357,71.04236111,19.5,46.8,34.1,26.4,33.1,90.1,5.567286577716677,67.40347222,23.4,42.0,33.4,25.9,32.2,88.9,6.75560466192788,67.0
88.12430556,20.1,81.6,24.0,22.9,23.7,93.1,1.8582289274954689,73.22638889,19.1,45.9,36.0,29.4,32.9,90.8,4.954777028862357,71.04236111,19.5,46.8,34.1,26.4,33.1,90.1,5.567286577716677,68.0
89.35555556,19.4,80.8,24.0,23.0,23.7,93.4,1.6829338523011217,88.12430556,20.1,81.6,24.0,22.9,23.7,93.1,1.8582289274954689,73.22638889,19.1,45.9,36.0,29.4,32.9,90.8,4.954777028862357,69.0
77.32430556,21.6,54.6,35.4,25.2,31.7,95.5,4.245594615840546,89.35555556,19.4,80.8,24.0,23.0,23.7,93.4,1.6829338523011217,88.12430556,20.1,81.6,24.0,22.9,23.7,93.1,1.8582289274954689,70.0
75.62152778,20.0,49.6,36.5,25.2,31.5,91.8,4.525911303911139,77.32430556,21.6,54.6,35.4,25.2,31.7,95.5,4.245594615840546,89.35555556,19.4,80.8,24.0,23.0,23.7,93.4,1.6829338523011217,71.0
84.93680556,21.8,58.7,33.6,26.2,30.8,97.9,2.841020900302928,75.62152778,20.0,49.6,36.5,25.2,31.5,91.8,4.525911303911139,77.32430556,21.6,54.6,35.4,25.2,31.7,95.5,4.245594615840546,72.0
88.72986111,20.1,79.1,24.4,24.0,23.9,94.6,1.8209188743326403,84.93680556,21.8,58.7,33.6,26.2,30.8,97.9,2.841020900302928,75.62152778,20.0,49.6,36.5,25.2,31.5,91.8,4.525911303911139,73.0
83.62152778,18.5,61.7,28.0,23.7,26.6,94.4,2.652906071360252,88.72986111,20.1,79.1,24.4,24.0,23.9,94.6,1.8209188743326403,84.93680556,21.8,58.7,33.6,26.2,30.8,97.9,2.841020900302928,74.0
86.10416667,17.2,67.4,24.3,22.1,23.3,95.8,2.012718486299468,83.62152778,18.5,61.7,28.0,23.7,26.6,94.4,2.652906071360252,88.72986111,20.1,79.1,24.4,24.0,23.9,94.6,1.8209188743326403,75.0
77.26388889,14.8,48.6,36.2,23.3,30.5,92.7,3.5809714403236734,86.10416667,17.2,67.4,24.3,22.1,23.3,95.8,2.012718486299468,83.62152778,18.5,61.7,28.0,23.7,26.6,94.4,2.652906071360252,76.0
85.30208333,19.1,78.4,21.3,21.6,21.2,92.0,2.1625776606846245,77.26388889,14.8,48.6,36.2,23.3,30.5,92.7,3.5809714403236734,86.10416667,17.2,67.4,24.3,22.1,23.3,95.8,2.012718486299468,77.0
89.62152778,19.9,71.3,29.9,23.9,28.4,99.7,1.8537566816879805,85.30208333,19.1,78.4,21.3,21.6,21.2,92.0,2.1625776606846245,77.26388889,14.8,48.6,36.2,23.3,30.5,92.7,3.5809714403236734,78.0
75.26458333,18.4,49.1,38.9,26.2,34.4,93.5,4.6739698929985805,89.62152778,19.9,71.3,29.9,23.9,28.4,99.7,1.8537566816879805,85.30208333,19.1,78.4,21.3,21.6,21.2,92.0,2.1625776606846245,79.0
71.42916667,16.3,41.5,38.0,25.0,33.5,90.4,4.930078236820265,75.26458333,18.4,49.1,38.9,26.2,34.4,93.5,4.6739698929985805,89.62152778,19.9,71.3,29.9,23.9,28.4,99.7,1.8537566816879805,80.0
76.77916667,16.2,43.9,39.0,24.7,34.2,91.5,3.9791215777413815,71.42916667,16.3,41.5,38.0,25.0,33.5,90.4,4.930078236820265,75.26458333,18.4,49.1,38.9,26.2,34.4,93.5,4.6739698929985805,81.0
89.03263889,19.8,77.7,27.8,23.8,26.5,94.2,1.832547039750916,76.77916667,16.2,43.9,39.0,24.7,34.2,91.5,3.9791215777413815,71.42916667,16.3,41.5,38.0,25.0,33.5,90.4,4.930078236820265,82.0
86.44625,21.0,65.9,31.3,24.1,28.9,95.7,2.3836770432711365,89.03263889,19.8,77.7,27.8,23.8,26.5,94.2,1.832547039750916,76.77916667,16.2,43.9,39.0,24.7,34.2,91.5,3.9791215777413815,104.0
80.825,14.2,44.3,30.0,22.1,31.7,94.7,2.865241899265337,86.44625,21.0,65.9,31.3,24.1,28.9,95.7,2.3836770432711365,89.03263889,19.8,77.7,27.8,23.8,26.5,94.2,1.832547039750916,20.0
72.99027778,11.3,40.6,27.7,21.0,29.5,91.4,3.610047326843636,80.825,14.2,44.3,30.0,22.1,31.7,94.7,2.865241899265337,86.44625,21.0,65.9,31.3,24.1,28.9,95.7,2.3836770432711365,21.0
75.94236111,9.8,40.3,28.6,20.5,29.9,92.8,3.134905454372332,72.99027778,11.3,40.6,27.7,21.0,29.5,91.4,3.610047326843636,80.825,14.2,44.3,30.0,22.1,31.7,94.7,2.865241899265337,22.0
71.93611111,10.0,37.7,29.2,20.5,31.6,94.7,3.636945979848452,75.94236111,9.8,40.3,28.6,20.5,29.9,92.8,3.134905454372332,72.99027778,11.3,40.6,27.7,21.0,29.5,91.4,3.610047326843636,23.0
72.04861111,11.2,39.8,26.8,19.6,29.4,90.1,3.4413064896278844,71.93611111,10.0,37.7,29.2,20.5,31.6,94.7,3.636945979848452,75.94236111,9.8,40.3,28.6,20.5,29.9,92.8,3.134905454372332,24.0
71.86597222,9.1,34.7,26.9,18.5,27.3,91.3,3.285967177863008,72.04861111,11.2,39.8,26.8,19.6,29.4,90.1,3.4413064896278844,71.93611111,10.0,37.7,29.2,20.5,31.6,94.7,3.636945979848452,25.0
75.42916667,8.6,35.8,28.0,19.3,30.6,92.1,3.0884383253865053,71.86597222,9.1,34.7,26.9,18.5,27.3,91.3,3.285967177863008,72.04861111,11.2,39.8,26.8,19.6,29.4,90.1,3.4413064896278844,26.0
87.32986111,14.3,58.3,26.4,19.8,26.7,94.5,1.6955418293085704,75.42916667,8.6,35.8,28.0,19.3,30.6,92.1,3.0884383253865053,71.86597222,9.1,34.7,26.9,18.5,27.3,91.3,3.285967177863008,27.0
93.03611111,15.0,85.9,23.0,19.3,24.5,96.7,0.9193823004615572,87.32986111,14.3,58.3,26.4,19.8,26.7,94.5,1.6955418293085704,75.42916667,8.6,35.8,28.0,19.3,30.6,92.1,3.0884383253865053,28.0
91.83888889,15.4,74.3,28.0,21.0,30.2,97.5,1.2217436068363603,93.03611111,15.0,85.9,23.0,19.3,24.5,96.7,0.9193823004615572,87.32986111,14.3,58.3,26.4,19.8,26.7,94.5,1.6955418293085704,29.0
92.77083333,17.1,72.6,24.9,21.0,25.4,97.9,1.06423332562331,91.83888889,15.4,74.3,28.0,21.0,30.2,97.5,1.2217436068363603,93.03611111,15.0,85.9,23.0,19.3,24.5,96.7,0.9193823004615572,30.0
88.23680556,15.7,63.8,27.2,21.6,30.2,99.9,1.7685939095097138,92.77083333,17.1,72.6,24.9,21.0,25.4,97.9,1.06423332562331,91.83888889,15.4,74.3,28.0,21.0,30.2,97.5,1.2217436068363603,31.0
86.71388889,16.1,46.9,29.6,22.1,31.9,98.5,2.0518302954979943,88.23680556,15.7,63.8,27.2,21.6,30.2,99.9,1.7685939095097138,92.77083333,17.1,72.6,24.9,21.0,25.4,97.9,1.06423332562331,32.0
94.45833333,16.8,81.1,23.6,20.5,25.2,98.5,0.776500074765605,86.71388889,16.1,46.9,29.6,22.1,31.9,98.5,2.0518302954979943,88.23680556,15.7,63.8,27.2,21.6,30.2,99.9,1.7685939095097138,33.0
87.12847222,16.4,59.7,27.9,22.0,30.3,98.5,2.0050791245790367,94.45833333,16.8,81.1,23.6,20.5,25.2,98.5,0.776500074765605,86.71388889,16.1,46.9,29.6,22.1,31.9,98.5,2.0518302954979943,34.0
83.70208333,13.8,61.9,26.5,21.2,28.8,96.1,2.3003919502317345,87.12847222,16.4,59.7,27.9,22.0,30.3,98.5,2.0050791245790367,94.45833333,16.8,81.1,23.6,20.5,25.2,98.5,0.776500074765605,35.0
86.67291667,14.9,65.4,25.2,20.7,26.9,96.4,1.9132676599225802,83.70208333,13.8,61.9,26.5,21.2,28.8,96.1,2.3003919502317345,87.12847222,16.4,59.7,27.9,22.0,30.3,98.5,2.0050791245790367,36.0
89.91388889,16.5,79.1,23.6,20.6,25.1,94.4,1.4021772618726616,86.67291667,14.9,65.4,25.2,20.7,26.9,96.4,1.9132676599225802,83.70208333,13.8,61.9,26.5,21.2,28.8,96.1,2.3003919502317345,37.0
84.62152778,14.1,61.6,25.6,20.6,28.3,95.7,2.118606233119574,89.91388889,16.5,79.1,23.6,20.6,25.1,94.4,1.4021772618726616,86.67291667,14.9,65.4,25.2,20.7,26.9,96.4,1.9132676599225802,38.0
83.08611111,12.5,53.7,24.0,19.9,25.4,96.0,2.189252133934953,84.62152778,14.1,61.6,25.6,20.6,28.3,95.7,2.118606233119574,89.91388889,16.5,79.1,23.6,20.6,25.1,94.4,1.4021772618726616,39.0
84.02013889,12.5,64.1,26.0,20.3,28.6,96.0,2.1399257484279413,83.08611111,12.5,53.7,24.0,19.9,25.4,96.0,2.189252133934953,84.62152778,14.1,61.6,25.6,20.6,28.3,95.7,2.118606233119574,40.0
85.32222222,14.4,62.6,25.5,20.4,27.7,98.1,2.0676254378065946,84.02013889,12.5,64.1,26.0,20.3,28.6,96.0,2.1399257484279413,83.08611111,12.5,53.7,24.0,19.9,25.4,96.0,2.189252133934953,41.0
83.87847222,13.6,64.5,25.1,20.3,26.9,98.3,2.1617105266754915,85.32222222,14.4,62.6,25.5,20.4,27.7,98.1,2.0676254378065946,84.02013889,12.5,64.1,26.0,20.3,28.6,96.0,2.1399257484279413,42.0
89.53125,14.7,79.5,22.0,19.2,22.6,94.4,1.3487816425619459,83.87847222,13.6,64.5,25.1,20.3,26.9,98.3,2.1617105266754915,85.32222222,14.4,62.6,25.5,20.4,27.7,98.1,2.0676254378065946,43.0
83.61666667,13.2,52.1,23.2,19.1,25.2,95.4,2.091767502327216,89.53125,14.7,79.5,22.0,19.2,22.6,94.4,1.3487816425619459,83.87847222,13.6,64.5,25.1,20.3,26.9,98.3,2.1617105266754915,44.0
84.75555556,12.1,53.2,25.7,19.4,28.2,98.3,1.9679374990627896,83.61666667,13.2,52.1,23.2,19.1,25.2,95.4,2.091767502327216,89.53125,14.7,79.5,22.0,19.2,22.6,94.4,1.3487816425619459,45.0
89.46319444,13.9,73.8,23.0,19.2,24.3,92.8,1.3299954348683272,84.75555556,12.1,53.2,25.7,19.4,28.2,98.3,1.9679374990627896,83.61666667,13.2,52.1,23.2,19.1,25.2,95.4,2.091767502327216,46.0
83.9375,12.7,61.6,25.0,19.7,26.4,93.2,2.016697805532791,89.46319444,13.9,73.8,23.0,19.2,24.3,92.8,1.3299954348683272,84.75555556,12.1,53.2,25.7,19.4,28.2,98.3,1.9679374990627896,47.0
83.49097222,11.9,59.8,24.3,18.9,27.2,92.3,2.032179143885631,83.9375,12.7,61.6,25.0,19.7,26.4,93.2,2.016697805532791,89.46319444,13.9,73.8,23.0,19.2,24.3,92.8,1.3299954348683272,48.0
82.78819444,12.0,58.9,23.1,18.6,24.8,93.0,2.115355702781895,83.49097222,11.9,59.8,24.3,18.9,27.2,92.3,2.032179143885631,83.9375,12.7,61.6,25.0,19.7,26.4,93.2,2.016697805532791,49.0
88.50277778,12.5,74.2,23.0,18.7,24.9,96.6,1.4525996261219642,82.78819444,12.0,58.9,23.1,18.6,24.8,93.0,2.115355702781895,83.49097222,11.9,59.8,24.3,18.9,27.2,92.3,2.032179143885631,50.0
85.58472222,13.3,63.1,24.1,19.1,25.4,99.8,1.8696453589694584,88.50277778,12.5,74.2,23.0,18.7,24.9,96.6,1.4525996261219642,82.78819444,12.0,58.9,23.1,18.6,24.8,93.0,2.115355702781895,51.0
89.77916667,12.6,62.7,24.3,18.9,25.7,99.1,1.326594371243043,85.58472222,13.3,63.1,24.1,19.1,25.4,99.8,1.8696453589694584,88.50277778,12.5,74.2,23.0,18.7,24.9,96.6,1.4525996261219642,52.0
86.47569444,13.3,60.3,24.8,19.5,26.4,96.5,1.7664910081646548,89.77916667,12.6,62.7,24.3,18.9,25.7,99.1,1.326594371243043,85.58472222,13.3,63.1,24.1,19.1,25.4,99.8,1.8696453589694584,53.0
85.99375,12.4,63.0,23.8,19.2,25.7,94.3,1.7695345151793809,86.47569444,13.3,60.3,24.8,19.5,26.4,96.5,1.7664910081646548,89.77916667,12.6,62.7,24.3,18.9,25.7,99.1,1.326594371243043,54.0
89.91597222,12.1,68.8,23.5,19.8,25.3,95.3,1.2442494939168052,85.99375,12.4,63.0,23.8,19.2,25.7,94.3,1.7695345151793809,86.47569444,13.3,60.3,24.8,19.5,26.4,96.5,1.7664910081646548,55.0
90.32430556,13.1,64.0,22.9,18.6,24.9,98.6,1.1893309163013963,89.91597222,12.1,68.8,23.5,19.8,25.3,95.3,1.2442494939168052,85.99375,12.4,63.0,23.8,19.2,25.7,94.3,1.7695345151793809,56.0
91.02361111,14.4,57.4,26.0,18.9,27.3,98.5,1.2059396163935572,90.32430556,13.1,64.0,22.9,18.6,24.9,98.6,1.1893309163013963,89.91597222,12.1,68.8,23.5,19.8,25.3,95.3,1.2442494939168052,57.0
96.60833333,16.9,77.7,24.8,19.6,25.6,100.0,0.49892586191158295,91.02361111,14.4,57.4,26.0,18.9,27.3,98.5,1.2059396163935572,90.32430556,13.1,64.0,22.9,18.6,24.9,98.6,1.1893309163013963,58.0
87.98263889,15.6,59.5,25.3,20.6,26.9,97.4,1.7368992843344344,96.60833333,16.9,77.7,24.8,19.6,25.6,100.0,0.49892586191158295,91.02361111,14.4,57.4,26.0,18.9,27.3,98.5,1.2059396163935572,59.0
95.06388889,15.2,89.8,21.0,18.9,21.3,98.6,0.6299273447974091,87.98263889,15.6,59.5,25.3,20.6,26.9,97.4,1.7368992843344344,96.60833333,16.9,77.7,24.8,19.6,25.6,100.0,0.49892586191158295,60.0
93.14652778,13.0,77.4,22.0,19.1,23.2,98.7,0.8555877120694118,95.06388889,15.2,89.8,21.0,18.9,21.3,98.6,0.6299273447974091,87.98263889,15.6,59.5,25.3,20.6,26.9,97.4,1.7368992843344344,61.0
87.4125,12.4,62.6,23.2,18.8,24.8,97.1,1.4896911722630088,93.14652778,13.0,77.4,22.0,19.1,23.2,98.7,0.8555877120694118,95.06388889,15.2,89.8,21.0,18.9,21.3,98.6,0.6299273447974091,62.0
86.22847222,12.5,66.3,23.0,18.4,24.3,93.5,1.6188755226679206,87.4125,12.4,62.6,23.2,18.8,24.8,97.1,1.4896911722630088,93.14652778,13.0,77.4,22.0,19.1,23.2,98.7,0.8555877120694118,63.0
88.41319444,12.2,75.1,21.9,17.4,23.2,93.8,1.3060486490601837,86.22847222,12.5,66.3,23.0,18.4,24.3,93.5,1.6188755226679206,87.4125,12.4,62.6,23.2,18.8,24.8,97.1,1.4896911722630088,64.0
88.78958333,12.0,62.9,22.3,17.3,23.5,95.6,1.2774460580179967,88.41319444,12.2,75.1,21.9,17.4,23.2,93.8,1.3060486490601837,86.22847222,12.5,66.3,23.0,18.4,24.3,93.5,1.6188755226679206,65.0
93.46180556,12.8,71.3,22.1,18.0,23.4,100.0,0.7814658301669324,88.78958333,12.0,62.9,22.3,17.3,23.5,95.6,1.2774460580179967,88.41319444,12.2,75.1,21.9,17.4,23.2,93.8,1.3060486490601837,66.0
89.29444444,12.5,61.5,24.0,18.1,23.9,98.4,1.2813968401749096,93.46180556,12.8,71.3,22.1,18.0,23.4,100.0,0.7814658301669324,88.78958333,12.0,62.9,22.3,17.3,23.5,95.6,1.2774460580179967,67.0
86.525,12.8,61.8,25.1,18.0,23.9,93.9,1.6131805739094822,89.29444444,12.5,61.5,24.0,18.1,23.9,98.4,1.2813968401749096,93.46180556,12.8,71.3,22.1,18.0,23.4,100.0,0.7814658301669324,68.0
84.19097222,12.6,59.9,25.2,18.0,24.1,92.1,1.8737041005578448,86.525,12.8,61.8,25.1,18.0,23.9,93.9,1.6131805739094822,89.29444444,12.5,61.5,24.0,18.1,23.9,98.4,1.2813968401749096,69.0
88.73472222,12.3,69.8,22.5,17.7,23.5,96.0,1.3053586528238208,84.19097222,12.6,59.9,25.2,18.0,24.1,92.1,1.8737041005578448,86.525,12.8,61.8,25.1,18.0,23.9,93.9,1.6131805739094822,70.0
88.34722222,13.0,55.0,26.6,18.2,25.3,96.7,1.418828920980254,88.73472222,12.3,69.8,22.5,17.7,23.5,96.0,1.3053586528238208,84.19097222,12.6,59.9,25.2,18.0,24.1,92.1,1.8737041005578448,71.0
89.65902778,12.9,66.3,23.0,17.6,22.7,97.5,1.2026391109796863,88.34722222,13.0,55.0,26.6,18.2,25.3,96.7,1.418828920980254,88.73472222,12.3,69.8,22.5,17.7,23.5,96.0,1.3053586528238208,72.0
87.95902778,12.4,59.2,23.7,17.5,23.7,95.3,1.3923101639614388,89.65902778,12.9,66.3,23.0,17.6,22.7,97.5,1.2026391109796863,88.34722222,13.0,55.0,26.6,18.2,25.3,96.7,1.418828920980254,73.0
92.28194444,12.6,77.9,21.8,17.0,23.1,98.3,0.8909985532748768,87.95902778,12.4,59.2,23.7,17.5,23.7,95.3,1.3923101639614388,89.65902778,12.9,66.3,23.0,17.6,22.7,97.5,1.2026391109796863,74.0
85.31875,12.6,53.8,23.2,17.4,22.9,94.7,1.7362656989758538,92.28194444,12.6,77.9,21.8,17.0,23.1,98.3,0.8909985532748768,87.95902778,12.4,59.2,23.7,17.5,23.7,95.3,1.3923101639614388,93.0
89.42430556,12.0,54.4,33.2,23.4,32.4,100.0,1.369115645468363,85.31875,12.6,53.8,23.2,17.4,22.9,94.7,1.7362656989758538,92.28194444,12.6,77.9,21.8,17.0,23.1,98.3,0.8909985532748768,94.0
92.42152778,11.1,75.4,21.0,16.0,21.6,98.2,0.8035760259997773,89.42430556,12.0,54.4,33.2,23.4,32.4,100.0,1.369115645468363,85.31875,12.6,53.8,23.2,17.4,22.9,94.7,1.7362656989758538,95.0
89.54375,12.2,58.9,34.1,22.0,37.7,97.9,1.4068369602057549,92.42152778,11.1,75.4,21.0,16.0,21.6,98.2,0.8035760259997773,89.42430556,12.0,54.4,33.2,23.4,32.4,100.0,1.369115645468363,96.0
95.81597222,12.0,84.7,21.8,16.2,22.6,100.0,0.4551739877796495,89.54375,12.2,58.9,34.1,22.0,37.7,97.9,1.4068369602057549,92.42152778,11.1,75.4,21.0,16.0,21.6,98.2,0.8035760259997773,97.0
85.72569444,11.4,41.7,40.2,20.1,34.2,100.0,1.950318254167704,95.81597222,12.0,84.7,21.8,16.2,22.6,100.0,0.4551739877796495,89.54375,12.2,58.9,34.1,22.0,37.7,97.9,1.4068369602057549,98.0
85.19097222,11.0,41.1,40.2,20.4,34.3,98.9,2.0098376314836583,85.72569444,11.4,41.7,40.2,20.1,34.2,100.0,1.950318254167704,95.81597222,12.0,84.7,21.8,16.2,22.6,100.0,0.4551739877796495,99.0
94.53194444,11.6,70.6,28.5,18.1,30.2,100.0,0.6402307433438261,85.19097222,11.0,41.1,40.2,20.4,34.3,98.9,2.0098376314836583,85.72569444,11.4,41.7,40.2,20.1,34.2,100.0,1.950318254167704,100.0
