date,disease,H_mean_x,T20_min_x,H_max_x,H_mean_y,ST_max_y,T60_max_y,H_max_y,H_mean_z,H_min_z,ST_max_z,T60_max_z,H_max_z
2016-07-26,0,69.20833333333333,21.4,97.0,66.81944444444444,30.2,35.8,84.0,71.0763888888889,47.0,31.6,35.6,92.0
2016-07-27,0,70.34027777777777,21.6,96.0,69.20833333333333,33.3,39.6,97.0,66.81944444444444,42.0,30.2,35.8,84.0
2016-07-28,0,91.77083333333331,21.6,100.0,70.34027777777777,32.1,41.4,96.0,69.20833333333333,39.0,33.3,39.6,97.0
2016-07-29,0,80.8125,21.8,100.0,91.77083333333331,25.9,26.3,100.0,70.34027777777777,34.0,32.1,41.4,96.0
2016-07-30,0,73.1875,23.8,91.0,80.8125,30.4,39.9,100.0,91.77083333333331,78.0,25.9,26.3,100.0
2016-07-31,0,74.47916666666667,22.1,99.0,73.1875,31.6,41.5,91.0,80.8125,44.0,30.4,39.9,100.0
2016-08-01,0,68.5,21.6,100.0,74.47916666666667,33.4,41.3,99.0,73.1875,40.0,31.6,41.5,91.0
2016-08-02,0,68.19444444444444,22.1,99.0,68.5,31.6,41.0,100.0,74.47916666666667,38.0,33.4,41.3,99.0
2016-08-03,0,76.6111111111111,23.6,100.0,68.19444444444444,32.2,41.2,99.0,68.5,35.0,31.6,41.0,100.0
2016-08-04,0,76.47222222222223,23.7,100.0,76.6111111111111,34.1,43.0,100.0,68.19444444444444,38.0,32.2,41.2,99.0
2016-08-05,0,76.7986111111111,23.9,100.0,76.47222222222223,31.5,42.4,100.0,76.6111111111111,37.0,34.1,43.0,100.0
2016-08-06,0,73.79166666666667,23.7,100.0,76.7986111111111,30.2,39.8,100.0,76.47222222222223,44.0,31.5,42.4,100.0
2016-08-07,0,73.875,24.0,99.0,73.79166666666667,34.1,41.9,100.0,76.7986111111111,48.0,30.2,39.8,100.0
2016-08-08,0,73.375,24.3,99.0,73.875,32.7,42.0,99.0,73.79166666666667,42.0,34.1,41.9,100.0
2016-08-09,0,75.22222222222223,24.3,100.0,73.375,31.4,41.1,99.0,73.875,43.0,32.7,42.0,99.0
2016-08-10,0,66.7361111111111,23.7,98.0,75.22222222222223,32.9,44.9,100.0,73.375,47.0,31.4,41.1,99.0
2016-08-11,0,58.77083333333334,25.2,78.0,66.7361111111111,31.9,41.4,98.0,75.22222222222223,35.0,32.9,44.9,100.0
2016-08-12,0,65.09722222222223,22.9,94.0,58.77083333333334,32.7,40.5,78.0,66.7361111111111,41.0,31.9,41.4,98.0
2016-08-13,0,72.6875,21.4,97.0,65.09722222222223,30.5,40.2,94.0,58.77083333333334,38.0,32.7,40.5,78.0
2016-08-14,0,71.7986111111111,23.6,99.0,72.6875,30.2,40.2,97.0,65.09722222222223,35.0,30.5,40.2,94.0
2016-08-15,0,70.84027777777777,24.5,88.0,71.7986111111111,30.3,40.0,99.0,72.6875,41.0,30.2,40.2,97.0
2016-08-16,0,79.74305555555556,23.8,94.0,70.84027777777777,30.9,41.8,88.0,71.7986111111111,32.0,30.3,40.0,99.0
2016-08-17,0,76.72222222222223,23.5,95.0,79.74305555555556,27.7,33.5,94.0,70.84027777777777,42.0,30.9,41.8,88.0
2016-08-18,0,77.64583333333333,23.8,100.0,76.72222222222223,30.4,41.5,95.0,79.74305555555556,55.0,27.7,33.5,94.0
2016-08-19,0,76.28472222222223,25.9,95.0,77.64583333333333,29.9,41.2,100.0,76.72222222222223,46.0,30.4,41.5,95.0
2016-08-20,0,78.2638888888889,26.7,94.0,76.28472222222223,30.0,36.9,95.0,77.64583333333333,44.0,29.9,41.2,100.0
2016-08-21,0,78.72916666666667,24.9,96.0,78.2638888888889,32.1,42.1,94.0,76.28472222222223,56.0,30.0,36.9,95.0
2016-08-22,0,75.88194444444444,24.1,99.0,78.72916666666667,30.4,39.8,96.0,78.2638888888889,44.0,32.1,42.1,94.0
2016-08-23,0,70.56944444444444,23.8,91.0,75.88194444444444,30.2,37.7,99.0,78.72916666666667,51.0,30.4,39.8,96.0
2016-08-24,0,79.27777777777777,25.6,95.0,70.56944444444444,38.3,39.9,91.0,75.88194444444444,50.0,30.2,37.7,99.0
2016-08-25,0,76.15972222222223,24.4,99.0,79.27777777777777,29.4,34.4,95.0,70.56944444444444,40.0,38.3,39.9,91.0
2016-08-26,0,76.74305555555556,24.7,94.0,76.15972222222223,36.7,38.7,99.0,79.27777777777777,59.0,29.4,34.4,95.0
2016-08-27,0,75.0763888888889,24.4,97.0,76.74305555555556,29.0,35.8,94.0,76.15972222222223,43.0,36.7,38.7,99.0
2016-08-28,0,75.5763888888889,23.1,97.0,75.0763888888889,29.0,36.0,97.0,76.74305555555556,55.0,29.0,35.8,94.0
2016-08-29,0,79.34027777777777,23.8,96.0,75.5763888888889,29.6,37.4,97.0,75.0763888888889,49.0,29.0,36.0,97.0
2016-08-30,0,70.90972222222223,24.6,89.0,79.34027777777777,30.2,36.9,96.0,75.5763888888889,48.0,29.6,37.4,97.0
2016-08-31,0,69.16666666666667,24.8,84.0,70.90972222222223,29.6,36.5,89.0,79.34027777777777,53.0,30.2,36.9,96.0
2016-09-01,0,66.77083333333333,21.2,89.0,69.16666666666667,28.5,35.6,84.0,70.90972222222223,47.0,29.6,36.5,89.0
2016-09-02,0,64.7638888888889,19.3,87.0,66.77083333333333,28.6,35.5,89.0,69.16666666666667,46.0,28.5,35.6,84.0
2016-09-03,0,73.52083333333333,22.5,93.0,64.7638888888889,31.9,36.8,87.0,66.77083333333333,41.0,28.6,35.5,89.0
2016-09-04,0,69.96527777777777,20.9,93.0,73.52083333333333,30.1,38.5,93.0,64.7638888888889,36.0,31.9,36.8,87.0
2016-09-05,0,67.40972222222223,24.3,91.0,69.96527777777777,30.3,39.3,93.0,73.52083333333333,44.0,30.1,38.5,93.0
2016-09-06,0,73.7638888888889,23.2,91.0,67.40972222222223,30.4,38.7,91.0,69.96527777777777,41.0,30.3,39.3,93.0
2016-09-07,0,87.70833333333331,22.4,100.0,73.7638888888889,30.5,38.4,91.0,67.40972222222223,41.0,30.4,38.7,91.0
2016-09-08,0,85.8888888888889,24.4,98.0,87.70833333333331,28.2,32.2,100.0,73.7638888888889,51.0,30.5,38.4,91.0
2016-09-09,0,81.5,23.9,98.0,85.8888888888889,29.2,36.1,98.0,87.70833333333331,68.0,28.2,32.2,100.0
2016-09-10,0,87.72222222222223,22.9,98.0,81.5,29.1,34.5,98.0,85.8888888888889,57.0,29.2,36.1,98.0
2016-09-11,0,69.7638888888889,21.9,83.0,87.72222222222223,28.4,32.5,98.0,81.5,60.0,29.1,34.5,98.0
2016-09-12,0,76.15277777777777,19.5,100.0,69.7638888888889,28.5,35.1,83.0,87.72222222222223,73.0,28.4,32.5,98.0
2016-09-13,0,78.53472222222223,21.6,96.0,76.15277777777777,28.6,36.4,100.0,69.7638888888889,48.0,28.5,35.1,83.0
2016-09-14,0,79.75694444444444,23.6,96.0,78.53472222222223,28.2,35.5,96.0,76.15277777777777,46.0,28.6,36.4,100.0
2016-09-15,0,88.28472222222223,23.0,96.0,79.75694444444444,27.6,32.7,96.0,78.53472222222223,51.0,28.2,35.5,96.0
2016-09-20,0,93.3125,24.1,98.0,81.89583333333333,28.1,34.5,95.0,82.30555555555556,62.0,26.9,31.4,94.0
2016-09-21,1,81.94444444444444,22.4,98.0,93.3125,26.3,27.7,98.0,81.89583333333333,58.0,28.1,34.5,95.0
2016-09-22,1,86.98611111111109,20.6,96.0,81.94444444444444,29.1,35.8,98.0,93.3125,80.0,26.3,27.7,98.0
2016-09-23,1,80.95833333333333,20.6,98.0,86.98611111111109,26.0,27.5,96.0,81.94444444444444,55.0,29.1,35.8,98.0
2016-09-24,1,93.81944444444444,20.4,100.0,80.95833333333333,25.6,29.7,98.0,86.98611111111109,72.0,26.0,27.5,96.0
2016-09-25,1,94.45138888888887,22.1,100.0,93.81944444444444,28.7,29.3,100.0,80.95833333333333,53.0,25.6,29.7,98.0
2016-09-26,1,94.94444444444444,19.8,99.0,94.45138888888887,24.9,28.2,100.0,93.81944444444444,75.0,28.7,29.3,100.0
2016-09-27,1,80.85416666666667,18.5,98.0,94.94444444444444,23.9,24.9,99.0,94.45138888888887,75.0,24.9,28.2,100.0
2016-09-28,1,81.56944444444444,20.8,95.0,80.85416666666667,26.2,32.0,98.0,94.94444444444444,84.0,23.9,24.9,99.0
2016-09-29,1,80.1736111111111,21.4,95.0,81.56944444444444,27.4,34.7,95.0,80.85416666666667,53.0,26.2,32.0,98.0
2016-09-30,1,90.36111111111113,23.9,96.0,80.1736111111111,30.9,36.3,95.0,81.56944444444444,54.0,27.4,34.7,95.0
2016-10-01,1,79.39583333333333,21.4,97.0,90.36111111111113,26.9,30.5,96.0,80.1736111111111,50.0,30.9,36.3,95.0
2016-10-02,1,74.03472222222223,18.3,82.0,79.39583333333333,27.6,32.9,97.0,90.36111111111113,75.0,26.9,30.5,96.0
2016-10-03,1,81.22222222222223,21.4,91.0,74.03472222222223,24.6,28.3,82.0,79.39583333333333,63.0,27.6,32.9,97.0
2016-10-04,1,81.40277777777777,22.6,95.0,81.22222222222223,26.0,30.6,91.0,74.03472222222223,64.0,24.6,28.3,82.0
2016-10-05,1,88.96527777777777,20.9,96.0,81.40277777777777,33.1,34.5,95.0,81.22222222222223,63.0,26.0,30.6,91.0
2016-10-06,1,80.00694444444444,20.1,96.0,88.96527777777777,27.7,28.0,96.0,81.40277777777777,53.0,33.1,34.5,95.0
2016-10-07,1,85.125,19.3,100.0,80.00694444444444,27.4,33.3,96.0,88.96527777777777,73.0,27.7,28.0,96.0
2016-10-08,1,69.0486111111111,18.7,94.0,85.125,25.6,29.8,100.0,80.00694444444444,55.0,27.4,33.3,96.0
2016-10-09,1,68.18055555555556,17.4,87.0,69.0486111111111,31.8,33.1,94.0,85.125,60.0,25.6,29.8,100.0
2016-10-10,1,80.8611111111111,20.5,94.0,68.18055555555556,25.2,31.4,87.0,69.0486111111111,42.0,31.8,33.1,94.0
2016-10-11,1,79.22222222222223,16.3,97.0,80.8611111111111,25.7,32.2,94.0,68.18055555555556,44.0,25.2,31.4,87.0
2016-10-12,1,73.84722222222223,14.7,92.0,79.22222222222223,24.3,26.6,97.0,80.8611111111111,58.0,25.7,32.2,94.0
2016-10-13,0,77.10416666666667,14.9,97.0,73.84722222222223,22.6,27.7,92.0,79.22222222222223,60.0,24.3,26.6,97.0
2016-10-14,0,69.61805555555556,13.7,100.0,77.10416666666667,30.7,33.3,97.0,73.84722222222223,49.0,22.6,27.7,92.0
2016-10-15,0,79.43055555555556,12.6,91.0,69.61805555555556,33.8,33.8,100.0,77.10416666666667,34.0,30.7,33.3,97.0
2016-10-16,0,79.25694444444444,13.5,93.0,79.43055555555556,23.3,25.1,91.0,69.61805555555556,19.0,33.8,33.8,100.0
2016-10-17,0,74.08333333333333,12.4,95.0,79.25694444444444,21.2,25.6,93.0,79.43055555555556,54.0,23.3,25.1,91.0
2016-10-18,0,69.1736111111111,13.2,87.0,74.08333333333333,31.7,30.8,95.0,79.25694444444444,54.0,21.2,25.6,93.0
2016-10-19,0,90.03472222222223,17.9,100.0,69.1736111111111,22.0,30.4,87.0,74.08333333333333,30.0,31.7,30.8,95.0
2016-10-20,0,83.9513888888889,16.1,100.0,90.03472222222223,21.0,23.1,100.0,69.1736111111111,38.0,22.0,30.4,87.0
2016-10-21,0,85.8125,17.4,97.0,83.9513888888889,23.9,30.8,100.0,90.03472222222223,75.0,21.0,23.1,100.0
2016-10-22,0,80.90277777777777,17.5,100.0,85.8125,23.7,29.9,97.0,83.9513888888889,53.0,23.9,30.8,100.0
2016-10-23,0,76.2013888888889,14.6,96.0,80.90277777777777,23.8,29.3,100.0,85.8125,57.0,23.7,29.9,97.0
2016-10-24,0,86.13194444444444,15.4,99.0,76.2013888888889,21.7,26.2,96.0,80.90277777777777,49.0,23.8,29.3,100.0
2016-10-25,0,82.27777777777777,14.3,99.0,86.13194444444444,21.1,25.9,99.0,76.2013888888889,49.0,21.7,26.2,96.0
2016-10-26,0,77.5138888888889,11.9,95.0,82.27777777777777,21.3,24.4,99.0,86.13194444444444,58.0,21.1,25.9,99.0
2016-10-27,0,87.21527777777777,11.6,100.0,77.5138888888889,20.0,24.7,95.0,82.27777777777777,62.0,21.3,24.4,99.0
2016-10-28,0,87.25694444444444,14.9,100.0,87.21527777777777,18.0,19.1,100.0,77.5138888888889,46.0,20.0,24.7,95.0
2016-10-29,0,74.66666666666667,13.2,93.0,87.25694444444444,22.2,29.2,100.0,87.21527777777777,70.0,18.0,19.1,100.0
2016-10-30,0,94.14583333333331,13.4,100.0,74.66666666666667,22.4,28.3,93.0,87.25694444444444,57.0,22.2,29.2,100.0
2016-10-31,0,77.06944444444444,14.0,100.0,94.14583333333331,19.0,19.0,100.0,74.66666666666667,48.0,22.4,28.3,93.0
2016-11-01,0,71.6388888888889,10.8,89.0,77.06944444444444,21.9,27.8,100.0,94.14583333333331,80.0,19.0,19.0,100.0
2016-11-02,0,79.80555555555556,10.6,94.0,71.6388888888889,19.6,25.6,89.0,77.06944444444444,47.0,21.9,27.8,100.0
2016-11-03,0,77.8611111111111,10.9,95.0,79.80555555555556,19.4,25.9,94.0,71.6388888888889,42.0,19.6,25.6,89.0
2016-11-04,0,83.2361111111111,10.5,97.0,77.8611111111111,19.9,25.9,95.0,79.80555555555556,55.0,19.4,25.9,94.0
2016-11-05,0,76.00694444444444,9.3,95.0,83.2361111111111,17.6,20.2,97.0,77.8611111111111,56.0,19.9,25.9,95.0
2016-11-06,0,75.94444444444444,7.9,92.0,76.00694444444444,18.6,24.0,95.0,83.2361111111111,60.0,17.6,20.2,97.0
2016-11-07,0,81.20833333333333,7.1,99.0,75.94444444444444,18.0,23.8,92.0,76.00694444444444,49.0,18.6,24.0,95.0
2016-11-08,0,80.4236111111111,9.2,96.0,81.20833333333333,18.0,24.7,99.0,75.94444444444444,43.0,18.0,23.8,92.0
2016-11-09,0,82.6111111111111,7.9,99.0,80.4236111111111,18.5,25.4,96.0,81.20833333333333,44.0,18.0,24.7,99.0
2016-11-10,0,91.55555555555556,11.3,100.0,82.6111111111111,18.3,23.8,99.0,80.4236111111111,51.0,18.5,25.4,96.0
2016-11-20,0,89.25694444444444,7.8,100.0,83.58333333333333,16.7,21.1,98.0,82.1875,55.0,18.0,23.7,94.0
2016-11-21,0,97.63888888888887,13.7,100.0,89.25694444444444,18.0,24.4,100.0,83.58333333333333,58.0,16.7,21.1,98.0
2016-11-22,0,92.17361111111113,12.4,100.0,97.63888888888887,17.2,20.3,100.0,89.25694444444444,69.0,18.0,24.4,100.0
2016-11-23,0,94.95833333333331,12.2,100.0,92.17361111111113,18.9,24.6,100.0,97.63888888888887,86.0,17.2,20.3,100.0
2016-11-24,0,89.95833333333331,11.8,100.0,94.95833333333331,17.7,20.6,100.0,92.17361111111113,70.0,18.9,24.6,100.0
2016-11-25,0,87.60416666666669,11.2,100.0,89.95833333333331,18.9,22.9,100.0,94.95833333333331,80.0,17.7,20.6,100.0
2016-11-26,0,91.98611111111113,6.8,99.0,87.60416666666669,16.8,18.8,100.0,89.95833333333331,65.0,18.9,22.9,100.0
2016-11-27,0,85.7638888888889,6.0,95.0,91.98611111111113,16.5,21.5,99.0,87.60416666666669,60.0,16.8,18.8,100.0
2016-11-28,0,84.125,10.8,98.0,85.7638888888889,15.8,21.4,95.0,91.98611111111113,71.0,16.5,21.5,99.0
2016-11-29,0,96.56944444444444,13.9,100.0,84.125,16.7,22.9,98.0,85.7638888888889,61.0,15.8,21.4,95.0
2016-11-30,0,87.11111111111109,12.6,100.0,96.56944444444444,17.2,22.7,100.0,84.125,62.0,16.7,22.9,98.0
2016-12-01,0,84.41666666666667,12.5,97.0,87.11111111111109,16.9,21.1,100.0,96.56944444444444,87.0,17.2,22.7,100.0
2016-12-02,0,88.83333333333331,12.6,98.0,84.41666666666667,17.0,20.6,97.0,87.11111111111109,66.0,16.9,21.1,100.0
2016-12-03,0,93.54861111111113,13.3,100.0,88.83333333333331,16.9,21.0,98.0,84.41666666666667,61.0,17.0,20.6,97.0
2016-12-04,0,83.53472222222223,12.5,100.0,93.54861111111113,17.1,22.7,100.0,88.83333333333331,69.0,16.9,21.0,98.0
2016-12-05,0,84.4375,12.3,94.0,83.53472222222223,16.2,18.1,100.0,93.54861111111113,77.0,17.1,22.7,100.0
2016-12-06,0,88.72916666666669,12.4,98.0,84.4375,17.5,23.3,94.0,83.53472222222223,55.0,16.2,18.1,100.0
2016-12-07,0,89.45833333333331,13.1,100.0,88.72916666666669,17.8,23.9,98.0,84.4375,61.0,17.5,23.3,94.0
2016-12-08,0,85.40972222222223,12.3,99.0,89.45833333333331,17.4,20.5,100.0,88.72916666666669,69.0,17.8,23.9,98.0
2016-12-09,0,82.24305555555556,12.1,93.0,85.40972222222223,16.8,20.3,99.0,89.45833333333331,64.0,17.4,20.5,100.0
2016-12-10,0,81.83333333333333,12.0,94.0,82.24305555555556,16.2,18.3,93.0,85.40972222222223,60.0,16.8,20.3,99.0
2016-12-11,0,85.22222222222223,12.3,94.0,81.83333333333333,16.6,20.3,94.0,82.24305555555556,58.0,16.2,18.3,93.0
2016-12-12,0,83.03472222222223,12.1,94.0,85.22222222222223,16.6,22.6,94.0,81.83333333333333,59.0,16.6,20.3,94.0
2016-12-13,0,80.8611111111111,11.9,92.0,83.03472222222223,16.3,20.4,94.0,85.22222222222223,65.0,16.6,22.6,94.0
2016-12-14,0,83.3611111111111,11.9,93.0,80.8611111111111,16.2,19.0,92.0,83.03472222222223,59.0,16.3,20.4,94.0
2016-12-15,0,89.75694444444444,12.6,97.0,83.3611111111111,16.2,20.2,93.0,80.8611111111111,59.0,16.2,19.0,92.0
2016-12-16,0,85.19444444444444,12.2,98.0,89.75694444444444,15.4,16.8,97.0,83.3611111111111,64.0,16.2,20.2,93.0
2016-12-17,0,80.20833333333333,11.9,88.0,85.19444444444444,17.0,21.7,98.0,89.75694444444444,79.0,15.4,16.8,97.0
2016-12-18,0,86.04166666666669,11.1,100.0,80.20833333333333,15.1,16.5,88.0,85.19444444444444,63.0,17.0,21.7,98.0
2016-12-19,0,86.55555555555556,11.3,99.0,86.04166666666669,15.5,17.8,100.0,80.20833333333333,54.0,15.1,16.5,88.0
2016-12-20,0,85.5,12.1,92.0,86.55555555555556,15.2,19.6,99.0,86.04166666666669,57.0,15.5,17.8,100.0
2016-12-21,0,85.81944444444444,12.4,93.0,85.5,17.0,22.5,92.0,86.55555555555556,62.0,15.2,19.6,99.0
2016-12-22,0,89.54166666666669,12.5,93.0,85.81944444444444,17.5,23.0,93.0,85.5,68.0,17.0,22.5,92.0
2016-12-23,0,86.42361111111109,12.5,94.0,89.54166666666669,16.7,19.5,93.0,85.81944444444444,66.0,17.5,23.0,93.0
2016-12-24,0,94.05555555555556,12.6,100.0,86.42361111111109,17.8,23.7,94.0,89.54166666666669,83.0,16.7,19.5,93.0
2016-12-25,0,91.90972222222223,12.9,100.0,94.05555555555556,16.4,19.2,100.0,86.42361111111109,66.0,17.8,23.7,94.0
2016-12-26,0,85.11805555555556,12.7,94.0,91.90972222222223,16.7,19.4,100.0,94.05555555555556,88.0,16.4,19.2,100.0
2016-12-27,0,84.47916666666667,12.4,92.0,85.11805555555556,17.0,20.4,94.0,91.90972222222223,78.0,16.7,19.4,100.0
2016-12-28,0,85.55555555555556,12.3,93.0,84.47916666666667,17.2,21.7,92.0,85.11805555555556,62.0,17.0,20.4,94.0
2016-12-29,0,91.96527777777777,12.7,99.0,85.55555555555556,17.5,22.9,93.0,84.47916666666667,61.0,17.2,21.7,92.0
2016-12-30,0,85.27083333333333,12.1,92.0,91.96527777777777,17.5,22.4,99.0,85.55555555555556,65.0,17.5,22.9,93.0
2016-12-31,0,86.76388888888891,12.3,92.0,85.27083333333333,18.6,26.4,92.0,91.96527777777777,83.0,17.5,22.4,99.0
2017-01-01,0,85.45833333333333,12.0,90.0,86.76388888888891,19.1,27.9,92.0,85.27083333333333,71.0,18.6,26.4,92.0
2017-01-02,0,88.59722222222223,12.1,94.0,85.45833333333333,19.1,27.4,90.0,86.76388888888891,78.0,19.1,27.9,92.0
2017-01-03,0,92.9375,12.4,99.0,88.59722222222223,19.4,28.2,94.0,85.45833333333333,73.0,19.1,27.4,90.0
2017-01-04,0,95.27777777777777,12.3,100.0,92.9375,19.2,28.7,99.0,88.59722222222223,81.0,19.4,28.2,94.0
2017-01-05,0,95.52777777777777,12.6,100.0,95.27777777777777,19.7,29.2,100.0,92.9375,80.0,19.2,28.7,99.0
2017-01-06,0,92.45138888888887,12.5,100.0,95.52777777777777,18.9,28.6,100.0,95.27777777777777,70.0,19.7,29.2,100.0
2017-01-07,0,90.03472222222223,12.0,99.0,92.45138888888887,19.1,25.9,100.0,95.52777777777777,75.0,18.9,28.6,100.0
2017-01-08,0,94.22222222222223,11.8,100.0,90.03472222222223,18.5,26.2,99.0,92.45138888888887,70.0,19.1,25.9,100.0
2017-01-09,0,92.60416666666669,11.9,100.0,94.22222222222223,17.4,21.1,100.0,90.03472222222223,59.0,18.5,26.2,99.0
2017-01-10,0,98.92361111111113,12.7,100.0,92.60416666666669,19.5,30.3,100.0,94.22222222222223,87.0,17.4,21.1,100.0
2017-01-18,0,87.26388888888891,12.7,97.0,87.63194444444444,18.6,24.2,99.0,95.57638888888887,89.0,16.7,20.1,100.0
2017-01-19,0,85.625,12.8,96.0,87.26388888888891,18.8,22.8,97.0,87.63194444444444,55.0,18.6,24.2,99.0
2017-01-20,0,87.25,12.6,97.0,85.625,19.1,24.2,96.0,87.26388888888891,63.0,18.8,22.8,97.0
2017-01-21,0,94.76388888888887,13.1,100.0,87.25,20.4,26.8,97.0,85.625,58.0,19.1,24.2,96.0
2017-01-22,0,95.60416666666669,12.8,100.0,94.76388888888887,20.0,25.1,100.0,87.25,61.0,20.4,26.8,97.0
2017-01-23,0,87.41666666666669,13.0,100.0,95.60416666666669,18.6,25.7,100.0,94.76388888888887,80.0,20.0,25.1,100.0
2017-01-24,0,90.07638888888887,12.6,99.0,87.41666666666669,20.1,25.5,100.0,95.60416666666669,78.0,18.6,25.7,100.0
2017-01-25,0,88.125,12.7,99.0,90.07638888888887,19.5,24.9,99.0,87.41666666666669,57.0,20.1,25.5,100.0
2017-01-26,0,87.72222222222223,12.5,96.0,88.125,19.6,25.3,99.0,90.07638888888887,65.0,19.5,24.9,99.0
2017-01-27,0,85.52777777777777,12.6,100.0,87.72222222222223,19.4,25.8,96.0,88.125,55.0,19.6,25.3,99.0
2017-01-28,0,85.49305555555556,12.5,100.0,85.52777777777777,20.3,26.6,100.0,87.72222222222223,68.0,19.4,25.8,96.0
2017-01-29,0,91.375,12.5,100.0,85.49305555555556,20.6,27.3,100.0,85.52777777777777,54.0,20.3,26.6,100.0
2017-01-30,0,87.27083333333331,12.9,100.0,91.375,19.9,25.6,100.0,85.49305555555556,56.0,20.6,27.3,100.0
2017-01-31,0,93.11111111111113,12.6,100.0,87.27083333333331,20.9,27.2,100.0,91.375,66.0,19.9,25.6,100.0
2017-02-01,0,97.11805555555556,13.5,100.0,93.11111111111113,20.6,25.7,100.0,87.27083333333331,53.0,20.9,27.2,100.0
2017-02-02,0,87.54166666666669,13.1,100.0,97.11805555555556,19.3,23.9,100.0,93.11111111111113,67.0,20.6,25.7,100.0
2017-02-03,0,91.83333333333331,12.4,100.0,87.54166666666669,20.8,26.9,100.0,97.11805555555556,74.0,19.3,23.9,100.0
2017-02-04,0,88.86111111111109,12.7,100.0,91.83333333333331,19.5,24.5,100.0,87.54166666666669,57.0,20.8,26.9,100.0
2017-02-05,0,86.11805555555556,13.0,100.0,88.86111111111109,20.3,25.4,100.0,91.83333333333331,70.0,19.5,24.5,100.0
2017-02-06,0,84.09027777777777,12.8,98.0,86.11805555555556,21.0,27.5,100.0,88.86111111111109,60.0,20.3,25.4,100.0
2017-02-07,0,97.93055555555556,12.6,100.0,84.09027777777777,21.4,27.6,98.0,86.11805555555556,52.0,21.0,27.5,100.0
2017-02-08,0,91.31944444444444,13.0,100.0,97.93055555555556,17.4,15.4,100.0,84.09027777777777,49.0,21.4,27.6,98.0
2017-02-09,0,90.03472222222223,12.8,100.0,91.31944444444444,19.9,25.6,100.0,97.93055555555556,88.0,17.4,15.4,100.0
2017-02-10,0,86.51388888888891,12.6,100.0,90.03472222222223,20.2,24.8,100.0,91.31944444444444,59.0,19.9,25.6,100.0
2017-02-11,0,98.28472222222223,12.6,100.0,86.51388888888891,20.8,26.7,100.0,90.03472222222223,68.0,20.2,24.8,100.0
2017-02-12,0,87.80555555555556,12.5,100.0,98.28472222222223,18.3,19.8,100.0,86.51388888888891,57.0,20.8,26.7,100.0
2017-02-13,0,89.97222222222223,12.3,100.0,87.80555555555556,19.9,25.8,100.0,98.28472222222223,89.0,18.3,19.8,100.0
2017-02-14,0,85.66666666666667,12.2,100.0,89.97222222222223,19.4,23.8,100.0,87.80555555555556,52.0,19.9,25.8,100.0
2017-02-15,0,83.90972222222223,12.3,100.0,85.66666666666667,20.5,26.0,100.0,89.97222222222223,56.0,19.4,23.8,100.0
2017-02-16,1,84.65277777777777,12.4,100.0,83.90972222222223,20.8,26.7,100.0,85.66666666666667,54.0,20.5,26.0,100.0
2017-02-17,1,83.1736111111111,12.6,100.0,84.65277777777777,21.0,26.5,100.0,83.90972222222223,49.0,20.8,26.7,100.0
2017-02-18,0,85.70833333333333,12.6,100.0,83.1736111111111,21.3,27.2,100.0,84.65277777777777,52.0,21.0,26.5,100.0
2017-02-19,0,97.79861111111113,13.1,100.0,85.70833333333333,21.2,28.4,100.0,83.1736111111111,47.0,21.3,27.2,100.0
2017-02-20,0,89.23611111111109,13.2,100.0,97.79861111111113,18.0,19.9,100.0,85.70833333333333,49.0,21.2,28.4,100.0
2017-02-21,0,83.84027777777777,12.9,100.0,89.23611111111109,20.7,26.3,100.0,97.79861111111113,92.0,18.0,19.9,100.0
2017-02-22,1,96.07638888888887,13.1,100.0,83.84027777777777,21.4,26.6,100.0,89.23611111111109,50.0,20.7,26.3,100.0
2017-02-23,1,84.90972222222223,12.7,100.0,96.07638888888887,19.9,23.4,100.0,83.84027777777777,46.0,21.4,26.6,100.0
2017-02-24,1,93.45833333333331,12.5,100.0,84.90972222222223,20.9,26.2,100.0,96.07638888888887,83.0,19.9,23.4,100.0
2017-02-25,1,99.75694444444444,13.8,100.0,93.45833333333331,20.4,24.3,100.0,84.90972222222223,46.0,20.9,26.2,100.0
2017-02-26,1,85.11805555555556,13.1,100.0,99.75694444444444,19.2,21.7,100.0,93.45833333333331,79.0,20.4,24.3,100.0
2017-02-27,1,85.375,12.5,100.0,85.11805555555556,21.4,27.2,100.0,99.75694444444444,97.0,19.2,21.7,100.0
2017-02-28,1,85.47222222222223,12.8,100.0,85.375,21.5,27.0,100.0,85.11805555555556,43.0,21.4,27.2,100.0
2017-03-01,0,84.2013888888889,12.8,100.0,85.47222222222223,21.6,26.6,100.0,85.375,48.0,21.5,27.0,100.0
2017-03-02,0,83.8611111111111,12.9,99.0,84.2013888888889,21.6,27.1,100.0,85.47222222222223,47.0,21.6,26.6,100.0
2017-03-03,0,89.60416666666669,12.5,97.0,83.8611111111111,21.5,26.7,99.0,84.2013888888889,47.0,21.6,27.1,100.0
2017-03-04,1,96.27777777777777,13.0,100.0,89.60416666666669,21.6,26.6,97.0,83.8611111111111,45.0,21.5,26.7,99.0
2017-03-05,1,80.74305555555556,13.0,100.0,96.27777777777777,18.7,21.2,100.0,89.60416666666669,68.0,21.6,26.6,97.0
2017-03-06,1,83.4236111111111,12.7,100.0,80.74305555555556,21.4,28.6,100.0,96.27777777777777,89.0,18.7,21.2,100.0
2017-03-07,0,88.65277777777777,12.4,100.0,83.4236111111111,21.9,27.5,100.0,80.74305555555556,38.0,21.4,28.6,100.0
2017-03-08,1,96.54166666666669,13.6,99.0,88.65277777777777,21.8,29.7,100.0,83.4236111111111,44.0,21.9,27.5,100.0
2017-03-09,1,84.93055555555556,12.8,100.0,96.54166666666669,18.6,20.4,99.0,88.65277777777777,60.0,21.8,29.7,100.0
2017-03-10,1,83.0486111111111,12.5,97.0,84.93055555555556,20.7,26.3,100.0,96.54166666666669,91.0,18.6,20.4,99.0
2017-05-16,0,76.1111111111111,14.4,99.0,91.5,20.4,20.5,99.0,69.27777777777777,34.0,29.8,31.8,99.0
2017-05-17,0,79.27777777777777,17.0,99.0,76.1111111111111,28.6,33.3,99.0,91.5,80.0,20.4,20.5,99.0
2017-05-18,0,59.70833333333334,14.4,99.0,79.27777777777777,25.9,31.3,99.0,76.1111111111111,43.0,28.6,33.3,99.0
2017-05-19,0,73.77083333333333,13.2,99.0,59.70833333333334,24.2,28.1,99.0,79.27777777777777,50.0,25.9,31.3,99.0
2017-05-20,0,70.36805555555556,14.3,99.0,73.77083333333333,23.5,28.1,99.0,59.70833333333334,33.0,24.2,28.1,99.0
2017-05-21,0,69.69444444444444,14.5,99.0,70.36805555555556,29.1,33.5,99.0,73.77083333333333,41.0,23.5,28.1,99.0
2017-05-22,0,64.74305555555556,14.5,99.0,69.69444444444444,32.3,34.8,99.0,70.36805555555556,21.0,29.1,33.5,99.0
2017-05-23,0,66.4236111111111,16.1,99.0,64.74305555555556,31.2,35.9,99.0,69.69444444444444,21.0,32.3,34.8,99.0
2017-05-24,0,69.58333333333333,16.9,95.0,66.4236111111111,31.9,37.7,99.0,64.74305555555556,27.0,31.2,35.9,99.0
2017-05-25,0,71.3125,16.5,99.0,69.58333333333333,30.8,33.3,95.0,66.4236111111111,27.0,31.9,37.7,99.0
2017-05-26,0,70.5625,17.7,93.0,71.3125,30.3,33.6,99.0,69.58333333333333,36.0,30.8,33.3,95.0
2017-05-27,0,89.45138888888891,19.4,99.0,70.5625,30.0,33.2,93.0,71.3125,33.0,30.3,33.6,99.0
2017-05-28,0,87.75694444444444,16.3,99.0,89.45138888888891,24.3,27.7,99.0,70.5625,39.0,30.0,33.2,93.0
2017-05-29,0,54.29166666666666,15.4,94.0,87.75694444444444,27.8,30.7,99.0,89.45138888888891,65.0,24.3,27.7,99.0
2017-05-30,0,57.90277777777778,13.4,88.0,54.29166666666666,27.4,34.9,94.0,87.75694444444444,58.0,27.8,30.7,99.0
2017-05-31,0,65.8888888888889,14.7,97.0,57.90277777777778,30.9,32.7,88.0,54.29166666666666,26.0,27.4,34.9,94.0
2017-06-01,0,67.9861111111111,16.2,98.0,65.8888888888889,30.4,35.0,97.0,57.90277777777778,29.0,30.9,32.7,88.0
2017-06-02,0,82.28472222222223,20.8,99.0,67.9861111111111,29.2,36.4,98.0,65.8888888888889,33.0,30.4,35.0,97.0
2017-06-03,0,78.7013888888889,19.2,99.0,82.28472222222223,27.2,33.7,99.0,67.9861111111111,32.0,29.2,36.4,98.0
2017-06-04,0,64.35416666666667,15.7,99.0,78.7013888888889,28.2,36.0,99.0,82.28472222222223,54.0,27.2,33.7,99.0
2017-06-05,0,50.923611111111114,14.3,80.0,64.35416666666667,26.9,33.3,99.0,78.7013888888889,43.0,28.2,36.0,99.0
2017-06-06,0,51.59722222222222,14.9,89.0,50.923611111111114,25.5,31.4,80.0,64.35416666666667,29.0,26.9,33.3,99.0
2017-06-07,0,63.923611111111114,11.9,97.0,51.59722222222222,27.0,32.7,89.0,50.923611111111114,33.0,25.5,31.4,80.0
2017-06-08,0,74.85416666666667,15.8,99.0,63.923611111111114,26.0,32.8,97.0,51.59722222222222,26.0,27.0,32.7,89.0
2017-06-09,0,85.59722222222223,17.3,99.0,74.85416666666667,26.0,33.0,99.0,63.923611111111114,33.0,26.0,32.8,97.0
2017-06-10,0,92.93055555555556,17.0,99.0,85.59722222222223,23.8,30.7,99.0,74.85416666666667,41.0,26.0,33.0,99.0
2017-06-11,0,74.06944444444444,15.2,99.0,92.93055555555556,23.4,26.5,99.0,85.59722222222223,57.0,23.8,30.7,99.0
2017-06-12,0,62.97916666666666,15.8,99.0,74.06944444444444,27.5,33.6,99.0,92.93055555555556,71.0,23.4,26.5,99.0
2017-06-13,0,56.64583333333334,18.5,79.0,62.97916666666666,28.5,36.6,99.0,74.06944444444444,41.0,27.5,33.6,99.0
2017-06-14,0,47.59722222222222,16.8,73.0,56.64583333333334,23.9,33.7,79.0,62.97916666666666,35.0,28.5,36.6,99.0
2017-06-15,0,68.4861111111111,13.6,99.0,47.59722222222222,27.4,35.0,73.0,56.64583333333334,26.0,23.9,33.7,79.0
2017-06-16,0,73.53472222222223,15.6,99.0,68.4861111111111,25.0,32.1,99.0,47.59722222222222,23.0,27.4,35.0,73.0
2017-06-17,0,69.13194444444444,15.3,99.0,73.53472222222223,26.3,32.4,99.0,68.4861111111111,35.0,25.0,32.1,99.0
2017-06-18,0,61.95138888888889,15.9,95.0,69.13194444444444,26.7,39.1,99.0,73.53472222222223,27.0,26.3,32.4,99.0
2017-06-19,0,67.00694444444444,16.3,87.0,61.95138888888889,26.1,35.0,95.0,69.13194444444444,27.0,26.7,39.1,99.0
2017-06-20,0,84.75694444444444,18.4,98.0,67.00694444444444,26.4,33.2,87.0,61.95138888888889,32.0,26.1,35.0,95.0
2017-06-21,0,69.34722222222223,17.7,99.0,84.75694444444444,23.5,25.2,98.0,67.00694444444444,45.0,26.4,33.2,87.0
2017-06-22,0,79.5,16.8,98.0,69.34722222222223,26.2,34.8,99.0,84.75694444444444,69.0,23.5,25.2,98.0
2017-06-23,0,93.34722222222223,18.1,99.0,79.5,27.3,36.3,98.0,69.34722222222223,34.0,26.2,34.8,99.0
2017-06-24,0,75.08333333333333,19.7,98.0,93.34722222222223,24.5,29.0,99.0,79.5,50.0,27.3,36.3,98.0
2017-06-25,0,78.19444444444444,17.9,99.0,75.08333333333333,25.0,32.1,98.0,93.34722222222223,79.0,24.5,29.0,99.0
2017-06-26,0,79.93055555555556,19.5,99.0,78.19444444444444,27.4,35.8,99.0,75.08333333333333,45.0,25.0,32.1,98.0
2017-06-27,0,92.9375,20.4,99.0,79.93055555555556,26.6,34.2,99.0,78.19444444444444,45.0,27.4,35.8,99.0
2017-06-28,0,79.7361111111111,21.0,99.0,92.9375,24.5,27.0,99.0,79.93055555555556,51.0,26.6,34.2,99.0
2017-06-29,0,85.02777777777777,20.5,99.0,79.7361111111111,25.1,29.2,99.0,92.9375,73.0,24.5,27.0,99.0
2017-06-30,0,90.18055555555556,21.3,99.0,85.02777777777777,25.8,31.9,99.0,79.7361111111111,56.0,25.1,29.2,99.0
2017-07-01,0,89.03472222222223,20.9,99.0,90.18055555555556,25.8,30.2,99.0,85.02777777777777,57.0,25.8,31.9,99.0
2017-07-02,0,93.47916666666669,21.1,99.0,89.03472222222223,25.6,28.8,99.0,90.18055555555556,64.0,25.8,30.2,99.0
2017-07-03,0,81.7361111111111,22.3,99.0,93.47916666666669,25.7,29.1,99.0,89.03472222222223,65.0,25.6,28.8,99.0
2017-07-04,0,78.47222222222223,22.8,99.0,81.7361111111111,28.6,38.8,99.0,93.47916666666669,75.0,25.7,29.1,99.0
2017-07-05,0,73.43055555555556,24.0,99.0,78.47222222222223,30.0,40.1,99.0,81.7361111111111,44.0,28.6,38.8,99.0
2017-07-06,0,82.43055555555556,24.4,99.0,73.43055555555556,30.6,39.7,99.0,78.47222222222223,42.0,30.0,40.1,99.0
2017-08-05,0,73.44444444444444,23.4,98.0,85.4513888888889,29.1,33.3,99.0,81.1111111111111,61.0,30.7,35.6,99.0
2017-08-06,0,73.9236111111111,24.1,98.0,73.44444444444444,29.8,37.9,98.0,85.4513888888889,62.0,29.1,33.3,99.0
2017-08-07,0,83.69444444444444,25.4,98.0,73.9236111111111,29.7,38.4,98.0,73.44444444444444,43.0,29.8,37.9,98.0
2017-08-08,0,79.9861111111111,25.1,99.0,83.69444444444444,29.6,37.8,98.0,73.9236111111111,49.0,29.7,38.4,98.0
2017-08-09,0,93.0,26.3,99.0,79.9861111111111,30.9,40.8,99.0,83.69444444444444,54.0,29.6,37.8,98.0
2017-08-10,0,77.90972222222223,24.8,99.0,93.0,28.8,32.2,99.0,79.9861111111111,44.0,30.9,40.8,99.0
2017-08-11,0,66.09722222222223,24.5,84.0,77.90972222222223,28.7,35.7,99.0,93.0,78.0,28.8,32.2,99.0
2017-08-12,1,73.88194444444444,24.2,96.0,66.09722222222223,29.6,39.2,84.0,77.90972222222223,53.0,28.7,35.7,99.0
2017-08-13,1,85.52777777777777,25.3,97.0,73.88194444444444,30.4,41.3,96.0,66.09722222222223,43.0,29.6,39.2,84.0
2017-08-14,1,84.75,24.5,99.0,85.52777777777777,30.1,36.4,97.0,73.88194444444444,40.0,30.4,41.3,96.0
2017-08-15,1,76.7361111111111,22.6,96.0,84.75,29.4,34.8,99.0,85.52777777777777,60.0,30.1,36.4,97.0
2017-08-16,0,79.1875,23.2,98.0,76.7361111111111,29.4,37.1,96.0,84.75,58.0,29.4,34.8,99.0
2017-08-17,0,86.5625,23.6,96.0,79.1875,28.6,35.3,98.0,76.7361111111111,49.0,29.4,37.1,96.0
2017-08-18,0,84.86805555555556,23.5,99.0,86.5625,28.1,32.3,96.0,79.1875,54.0,28.6,35.3,98.0
2017-08-19,0,79.7986111111111,24.5,98.0,84.86805555555556,28.2,32.5,99.0,86.5625,64.0,28.1,32.3,96.0
2017-08-20,0,85.5486111111111,24.7,97.0,79.7986111111111,29.3,36.5,98.0,84.86805555555556,64.0,28.2,32.5,99.0
2017-08-21,0,78.7638888888889,23.7,99.0,85.5486111111111,28.7,35.0,97.0,79.7986111111111,53.0,29.3,36.5,98.0
2017-08-22,0,81.20833333333333,23.2,95.0,78.7638888888889,29.9,37.6,99.0,85.5486111111111,60.0,28.7,35.0,97.0
2017-08-23,0,80.22916666666667,24.3,96.0,81.20833333333333,29.6,35.5,95.0,78.7638888888889,46.0,29.9,37.6,99.0
2017-08-24,0,81.02083333333333,24.2,97.0,80.22916666666667,29.9,37.3,96.0,81.20833333333333,59.0,29.6,35.5,95.0
2017-08-25,0,77.59722222222223,23.8,95.0,81.02083333333333,29.7,38.9,97.0,80.22916666666667,53.0,29.9,37.3,96.0
2017-08-26,0,75.21527777777777,25.9,91.0,77.59722222222223,29.2,36.3,95.0,81.02083333333333,51.0,29.7,38.9,97.0
2017-08-27,0,76.08333333333333,25.0,94.0,75.21527777777777,30.5,37.9,91.0,77.59722222222223,53.0,29.2,36.3,95.0
2017-08-28,0,68.72222222222223,23.3,96.0,76.08333333333333,30.3,37.3,94.0,75.21527777777777,48.0,30.5,37.9,91.0
2017-08-29,0,71.25,21.5,93.0,68.72222222222223,29.5,36.7,96.0,76.08333333333333,51.0,30.3,37.3,94.0
2017-08-30,0,77.75,22.4,95.0,71.25,28.9,34.9,93.0,68.72222222222223,37.0,29.5,36.7,96.0
2017-08-31,0,80.97222222222223,24.5,97.0,77.75,28.7,37.5,95.0,71.25,45.0,28.9,34.9,93.0
2017-09-01,0,76.34722222222223,24.4,97.0,80.97222222222223,29.9,36.2,97.0,77.75,45.0,28.7,37.5,95.0
2017-09-02,0,70.75,23.5,85.0,76.34722222222223,30.5,37.6,97.0,80.97222222222223,48.0,29.9,36.2,97.0
2017-09-03,0,58.84027777777778,19.6,83.0,70.75,28.9,35.6,85.0,76.34722222222223,44.0,30.5,37.6,97.0
2017-09-04,0,71.13194444444444,20.6,98.0,58.84027777777778,27.7,35.4,83.0,70.75,46.0,28.9,35.6,85.0
2017-09-05,0,64.34027777777777,18.1,93.0,71.13194444444444,27.3,33.4,98.0,58.84027777777778,35.0,27.7,35.4,83.0
2017-09-06,0,75.25694444444444,19.4,93.0,64.34027777777777,26.5,33.0,93.0,71.13194444444444,42.0,27.3,33.4,98.0
2017-09-07,0,80.4236111111111,20.0,98.0,75.25694444444444,26.0,30.1,93.0,64.34027777777777,37.0,26.5,33.0,93.0
2017-09-08,0,87.60416666666669,22.0,99.0,80.4236111111111,26.7,33.8,98.0,75.25694444444444,54.0,26.0,30.1,93.0
2017-09-09,0,86.79861111111109,22.1,99.0,87.60416666666669,26.3,30.5,99.0,80.4236111111111,52.0,26.7,33.8,98.0
2017-09-10,0,74.9375,23.2,99.0,86.79861111111109,27.5,34.3,99.0,87.60416666666669,65.0,26.3,30.5,99.0
2017-09-11,0,77.7638888888889,21.4,98.0,74.9375,27.5,35.2,99.0,86.79861111111109,60.0,27.5,34.3,99.0
2017-09-12,0,81.09722222222223,21.6,99.0,77.7638888888889,27.9,35.2,98.0,74.9375,35.0,27.5,35.2,99.0
2017-09-13,0,82.0138888888889,21.8,97.0,81.09722222222223,27.9,36.1,99.0,77.7638888888889,43.0,27.9,35.2,98.0
2017-09-14,0,92.88888888888887,22.5,99.0,82.0138888888889,26.8,32.9,97.0,81.09722222222223,47.0,27.9,36.1,99.0
2017-09-15,0,71.3263888888889,21.0,94.0,92.88888888888887,26.4,28.6,99.0,82.0138888888889,56.0,26.8,32.9,97.0
2017-09-16,0,63.07638888888889,18.9,98.0,71.3263888888889,27.1,33.6,94.0,92.88888888888887,78.0,26.4,28.6,99.0
2017-09-17,0,70.3611111111111,17.4,89.0,63.07638888888889,26.0,32.2,98.0,71.3263888888889,50.0,27.1,33.6,94.0
2017-09-18,0,92.95833333333331,18.8,99.0,70.3611111111111,24.5,29.9,89.0,63.07638888888889,43.0,26.0,32.2,98.0
2017-09-19,0,91.52083333333331,18.4,99.0,92.95833333333331,23.1,21.6,99.0,70.3611111111111,45.0,24.5,29.9,89.0
2017-09-20,0,76.58333333333333,19.0,99.0,91.52083333333331,24.6,31.0,99.0,92.95833333333331,76.0,23.1,21.6,99.0
2017-09-21,0,77.1388888888889,16.5,99.0,76.58333333333333,26.2,33.0,99.0,91.52083333333331,69.0,24.6,31.0,99.0
2017-09-22,0,82.99305555555556,19.4,99.0,77.1388888888889,25.7,33.2,99.0,76.58333333333333,45.0,26.2,33.0,99.0
2017-09-23,0,65.6875,18.6,96.0,82.99305555555556,24.8,29.9,99.0,77.1388888888889,45.0,25.7,33.2,99.0
2017-09-24,0,89.39583333333331,16.7,99.0,65.6875,25.2,32.7,96.0,82.99305555555556,55.0,24.8,29.9,99.0
2017-09-25,0,84.7986111111111,19.2,99.0,89.39583333333331,23.4,24.8,99.0,65.6875,35.0,25.2,32.7,96.0
2017-10-17,1,94.67361111111113,16.4,99.0,93.75694444444444,22.1,23.3,99.0,83.38194444444444,59.0,22.9,27.2,98.0
2017-10-18,1,96.09027777777777,15.7,99.0,94.67361111111113,21.4,21.7,99.0,93.75694444444444,80.0,22.1,23.3,99.0
2017-10-23,1,96.47916666666669,17.3,99.0,89.9375,26.0,30.7,99.0,94.88888888888887,74.0,18.1,19.0,99.0
2017-10-24,1,99.0,17.3,99.0,96.47916666666669,22.2,22.6,99.0,89.9375,53.0,26.0,30.7,99.0
2017-10-25,1,67.35416666666667,12.4,99.0,99.0,20.4,20.6,99.0,96.47916666666669,83.0,22.2,22.6,99.0
2017-10-26,1,77.74305555555556,12.1,99.0,67.35416666666667,20.7,26.0,99.0,99.0,99.0,20.4,20.6,99.0
2017-10-27,1,76.08333333333333,10.6,83.0,77.74305555555556,19.2,21.0,99.0,67.35416666666667,34.0,20.7,26.0,99.0
2017-10-28,1,65.2638888888889,8.7,99.0,76.08333333333333,19.0,20.9,83.0,77.74305555555556,59.0,19.2,21.0,99.0
2017-10-29,1,58.68055555555557,10.3,97.0,65.2638888888889,19.9,28.6,99.0,76.08333333333333,67.0,19.0,20.9,83.0
2017-10-30,1,58.24305555555557,14.1,82.0,58.68055555555557,19.8,27.1,97.0,65.2638888888889,25.0,19.9,28.6,99.0
2017-10-31,1,92.81944444444444,15.1,98.0,58.24305555555557,18.7,19.7,82.0,58.68055555555557,28.0,19.8,27.1,97.0
2017-11-01,1,63.97916666666666,8.6,98.0,92.81944444444444,19.3,20.5,98.0,58.24305555555557,43.0,18.7,19.7,82.0
2017-11-02,1,56.548611111111114,7.7,74.0,63.97916666666666,20.2,24.9,98.0,92.81944444444444,82.0,19.3,20.5,98.0
2017-11-03,1,60.569444444444436,9.3,79.0,56.548611111111114,20.5,28.1,74.0,63.97916666666666,22.0,20.2,24.9,98.0
2017-11-04,1,58.93055555555557,7.3,75.0,60.569444444444436,21.9,27.6,79.0,56.548611111111114,23.0,20.5,28.1,74.0
2017-11-05,1,58.861111111111114,8.8,77.0,58.93055555555557,20.8,26.6,75.0,60.569444444444436,31.0,21.9,27.6,79.0
2017-11-06,1,52.14583333333334,9.3,72.0,58.861111111111114,19.3,27.5,77.0,58.93055555555557,29.0,20.8,26.6,75.0
2017-11-07,1,50.24305555555557,7.9,70.0,52.14583333333334,19.7,26.1,72.0,58.861111111111114,26.0,19.3,27.5,77.0
2017-11-08,1,60.60416666666666,9.5,79.0,50.24305555555557,18.3,26.0,70.0,52.14583333333334,27.0,19.7,26.1,72.0
2017-11-09,1,59.03472222222222,11.9,74.0,60.60416666666666,19.3,27.8,79.0,50.24305555555557,22.0,18.3,26.0,70.0
2017-11-10,1,73.39583333333333,14.3,79.0,59.03472222222222,19.7,29.3,74.0,60.60416666666666,30.0,19.3,27.8,79.0
2017-11-11,1,46.236111111111114,8.9,78.0,73.39583333333333,19.0,20.5,79.0,59.03472222222222,32.0,19.7,29.3,74.0
2017-11-12,1,61.3125,8.1,88.0,46.236111111111114,18.9,24.7,78.0,73.39583333333333,62.0,19.0,20.5,79.0
2017-11-13,1,61.0625,8.8,89.0,61.3125,18.2,24.2,88.0,46.236111111111114,17.0,18.9,24.7,78.0
2017-11-14,1,57.65277777777778,6.3,73.0,61.0625,18.2,22.6,89.0,61.3125,36.0,18.2,24.2,88.0
2017-11-15,1,68.44444444444444,5.2,91.0,57.65277777777778,16.3,20.4,73.0,61.0625,29.0,18.2,22.6,89.0
2017-11-16,1,75.63194444444444,10.3,83.0,68.44444444444444,17.4,26.0,91.0,57.65277777777778,35.0,16.3,20.4,73.0
2017-11-17,1,65.61805555555556,9.0,84.0,75.63194444444444,16.5,18.4,83.0,68.44444444444444,35.0,17.4,26.0,91.0
2017-11-18,1,58.9375,6.5,75.0,65.61805555555556,17.7,25.4,84.0,75.63194444444444,67.0,16.5,18.4,83.0
2017-11-19,1,62.16666666666666,5.8,78.0,58.9375,15.8,20.3,75.0,65.61805555555556,32.0,17.7,25.4,84.0
2017-11-20,1,77.84722222222223,9.1,81.0,62.16666666666666,16.2,23.7,78.0,58.9375,30.0,15.8,20.3,75.0
2017-11-21,1,61.82638888888889,6.8,76.0,77.84722222222223,14.4,13.3,81.0,62.16666666666666,30.0,16.2,23.7,78.0
2017-11-22,1,66.5,6.0,76.0,61.82638888888889,15.4,19.7,76.0,77.84722222222223,73.0,14.4,13.3,81.0
2017-11-23,1,60.39583333333334,5.9,75.0,66.5,14.4,20.0,76.0,61.82638888888889,36.0,15.4,19.7,76.0
2017-11-24,1,72.6875,7.6,81.0,60.39583333333334,15.2,20.2,75.0,66.5,42.0,14.4,20.0,76.0
2017-11-25,1,65.9236111111111,9.5,83.0,72.6875,14.9,19.6,81.0,60.39583333333334,30.0,15.2,20.2,75.0
2017-11-26,1,60.59027777777778,6.9,74.0,65.9236111111111,16.7,21.5,83.0,72.6875,52.0,14.9,19.6,81.0
2017-11-27,1,65.28472222222223,5.7,78.0,60.59027777777778,16.2,22.4,74.0,65.9236111111111,38.0,16.7,21.5,83.0
2017-11-28,1,71.35416666666667,6.2,80.0,65.28472222222223,15.6,20.9,78.0,60.59027777777778,34.0,16.2,22.4,74.0
2017-11-29,1,68.0486111111111,9.0,85.0,71.35416666666667,15.4,22.7,80.0,65.28472222222223,38.0,15.6,20.9,78.0
2017-11-30,1,67.60416666666667,8.5,79.0,68.0486111111111,16.3,23.7,85.0,71.35416666666667,46.0,15.4,22.7,80.0
2017-12-01,1,69.38194444444444,8.4,80.0,67.60416666666667,16.4,21.5,79.0,68.0486111111111,31.0,16.3,23.7,85.0
2017-12-02,1,70.72222222222223,12.3,82.0,69.38194444444444,16.1,20.7,80.0,67.60416666666667,42.0,16.4,21.5,79.0
2017-12-03,1,64.2013888888889,9.5,80.0,70.72222222222223,16.7,20.9,82.0,69.38194444444444,50.0,16.1,20.7,80.0
2017-12-04,1,64.59027777777777,7.0,79.0,64.2013888888889,16.3,21.0,80.0,70.72222222222223,48.0,16.7,20.9,82.0
2017-12-05,1,66.43055555555556,6.4,83.0,64.59027777777777,15.7,20.7,79.0,64.2013888888889,34.0,16.3,21.0,80.0
2017-12-06,1,88.08333333333331,5.7,99.0,66.43055555555556,15.7,21.8,83.0,64.59027777777777,34.0,15.7,20.7,79.0
2017-12-07,1,68.77777777777777,7.3,96.0,88.08333333333331,13.9,16.2,99.0,66.43055555555556,36.0,15.7,21.8,83.0
2017-12-23,1,98.20138888888887,11.3,100.0,98.30555555555556,19.2,28.5,100.0,97.85416666666669,76.0,18.7,26.2,100.0
2017-12-24,1,97.47916666666669,10.8,100.0,98.20138888888887,19.8,28.0,100.0,98.30555555555556,84.0,19.2,28.5,100.0
2017-12-25,1,98.25694444444444,10.9,100.0,97.47916666666669,19.3,25.7,100.0,98.20138888888887,85.0,19.8,28.0,100.0
2017-12-26,1,99.20833333333331,11.2,100.0,98.25694444444444,19.1,25.0,100.0,97.47916666666669,78.0,19.3,25.7,100.0
2017-12-27,1,99.05555555555556,12.0,100.0,99.20833333333331,19.3,27.6,100.0,98.25694444444444,81.0,19.1,25.0,100.0
2017-12-28,1,98.52083333333331,11.3,100.0,99.05555555555556,19.2,25.5,100.0,99.20833333333331,86.0,19.3,27.6,100.0
2017-12-29,1,100.0,11.2,100.0,98.52083333333331,18.6,27.3,100.0,99.05555555555556,87.0,19.2,25.5,100.0
2017-12-30,1,97.59722222222223,11.1,100.0,100.0,17.0,24.0,100.0,98.52083333333331,80.0,18.6,27.3,100.0
2017-12-31,1,98.79166666666669,11.2,100.0,97.59722222222223,18.6,27.4,100.0,100.0,100.0,17.0,24.0,100.0
2018-01-01,1,98.47222222222223,11.0,100.0,98.79166666666669,18.1,24.4,100.0,97.59722222222223,81.0,18.6,27.4,100.0
2018-01-02,1,100.0,10.7,100.0,98.47222222222223,18.7,26.5,100.0,98.79166666666669,86.0,18.1,24.4,100.0
2018-01-03,1,98.22222222222223,11.5,100.0,100.0,15.9,17.5,100.0,98.47222222222223,85.0,18.7,26.5,100.0
2018-01-04,1,99.09027777777777,11.3,100.0,98.22222222222223,18.3,26.0,100.0,100.0,100.0,15.9,17.5,100.0
2018-01-05,1,99.24305555555556,11.5,100.0,99.09027777777777,17.9,24.5,100.0,98.22222222222223,84.0,18.3,26.0,100.0
2018-01-06,1,98.46527777777777,11.4,100.0,99.24305555555556,18.3,25.4,100.0,99.09027777777777,90.0,17.9,24.5,100.0
2018-01-07,1,100.0,11.4,100.0,98.46527777777777,18.9,27.2,100.0,99.24305555555556,90.0,18.3,25.4,100.0
2018-01-08,1,99.53472222222223,11.4,100.0,100.0,17.1,23.6,100.0,98.46527777777777,83.0,18.9,27.2,100.0
2018-01-09,1,98.52777777777777,11.2,100.0,99.53472222222223,17.9,25.0,100.0,100.0,100.0,17.1,23.6,100.0
2018-01-10,1,100.0,11.3,100.0,98.52777777777777,18.3,25.3,100.0,99.53472222222223,88.0,17.9,25.0,100.0
2018-01-11,1,98.39583333333331,11.3,100.0,100.0,15.7,14.4,100.0,98.52777777777777,80.0,18.3,25.3,100.0
2018-01-12,1,97.79861111111113,11.1,100.0,98.39583333333331,17.6,23.1,100.0,100.0,100.0,15.7,14.4,100.0
2018-01-13,1,98.57638888888887,11.0,100.0,97.79861111111113,17.9,25.0,100.0,98.39583333333331,84.0,17.6,23.1,100.0
2018-01-14,1,97.11111111111113,11.1,100.0,98.57638888888887,17.9,23.1,100.0,97.79861111111113,79.0,17.9,25.0,100.0
2018-01-15,1,97.27777777777777,11.2,100.0,97.11111111111113,17.7,24.8,100.0,98.57638888888887,85.0,17.9,23.1,100.0
2018-01-16,1,96.9375,11.0,100.0,97.27777777777777,18.3,27.9,100.0,97.11111111111113,81.0,17.7,24.8,100.0
2018-01-17,1,97.61805555555556,11.2,100.0,96.9375,18.9,29.5,100.0,97.27777777777777,76.0,18.3,27.9,100.0
2018-01-18,1,99.27083333333331,11.2,100.0,97.61805555555556,18.8,25.6,100.0,96.9375,77.0,18.9,29.5,100.0
2018-01-19,1,100.0,12.2,100.0,99.27083333333331,18.3,23.7,100.0,97.61805555555556,82.0,18.8,25.6,100.0
2018-01-20,1,97.625,11.9,100.0,100.0,16.3,15.8,100.0,99.27083333333331,90.0,18.3,23.7,100.0
2018-01-21,1,97.20833333333331,11.7,100.0,97.625,18.6,24.3,100.0,100.0,100.0,16.3,15.8,100.0
2018-01-22,1,97.1875,11.1,100.0,97.20833333333331,19.1,27.7,100.0,97.625,81.0,18.6,24.3,100.0
2018-01-23,1,98.29861111111113,11.7,100.0,97.1875,18.7,25.6,100.0,97.20833333333331,80.0,19.1,27.7,100.0
2018-01-24,1,100.0,11.4,100.0,98.29861111111113,18.5,23.8,100.0,97.1875,77.0,18.7,25.6,100.0
2018-01-25,1,98.67361111111113,11.4,100.0,100.0,16.4,17.7,100.0,98.29861111111113,87.0,18.5,23.8,100.0
2018-01-26,1,99.88888888888887,11.2,100.0,98.67361111111113,19.4,25.6,100.0,100.0,100.0,16.4,17.7,100.0
2018-01-27,1,99.96527777777777,11.2,100.0,99.88888888888887,17.6,23.7,100.0,98.67361111111113,80.0,19.4,25.6,100.0
2018-01-28,1,98.71527777777777,11.4,100.0,99.96527777777777,18.2,23.5,100.0,99.88888888888887,96.0,17.6,23.7,100.0
2018-01-29,1,98.47222222222223,11.2,100.0,98.71527777777777,18.9,29.6,100.0,99.96527777777777,98.0,18.2,23.5,100.0
2018-01-30,1,100.0,11.4,100.0,98.47222222222223,20.1,30.5,100.0,98.71527777777777,81.0,18.9,29.6,100.0
2018-01-31,1,99.25694444444444,11.3,100.0,100.0,16.5,21.3,100.0,98.47222222222223,77.0,20.1,30.5,100.0
2018-02-01,1,96.74305555555556,11.3,100.0,99.25694444444444,18.8,23.8,100.0,100.0,100.0,16.5,21.3,100.0
2018-02-02,1,99.5625,11.3,100.0,96.74305555555556,19.8,26.4,100.0,99.25694444444444,87.0,18.8,23.8,100.0
2018-02-03,1,100.0,11.5,100.0,99.5625,19.8,24.6,100.0,96.74305555555556,77.0,19.8,26.4,100.0
2018-02-04,1,99.88194444444444,11.4,100.0,100.0,17.2,19.5,100.0,99.5625,92.0,19.8,24.6,100.0
2018-02-05,1,97.36111111111113,11.5,100.0,99.88194444444444,18.9,24.2,100.0,100.0,100.0,17.2,19.5,100.0
2018-02-06,1,96.08333333333331,12.4,100.0,97.36111111111113,20.0,27.0,100.0,99.88194444444444,93.0,18.9,24.2,100.0
2018-02-07,1,96.29861111111113,12.2,100.0,96.08333333333331,19.0,24.2,100.0,97.36111111111113,77.0,20.0,27.0,100.0
2018-02-08,1,95.25,11.7,100.0,96.29861111111113,18.9,25.8,100.0,96.08333333333331,73.0,19.0,24.2,100.0
2018-02-09,1,95.23611111111113,12.1,100.0,95.25,20.0,27.5,100.0,96.29861111111113,75.0,18.9,25.8,100.0
2018-02-10,1,95.91666666666669,12.1,100.0,95.23611111111113,19.8,27.1,100.0,95.25,71.0,20.0,27.5,100.0
2018-02-11,1,95.28472222222223,12.0,100.0,95.91666666666669,19.7,26.8,100.0,95.23611111111113,71.0,19.8,27.1,100.0
2018-02-12,1,99.9375,12.1,100.0,95.28472222222223,20.4,30.5,100.0,95.91666666666669,75.0,19.7,26.8,100.0
2018-03-27,0,73.08055555555556,8.1,95.8,70.57569444444447,20.8,28.8,93.6,67.11666666666672,32.0,21.0,31.1,90.6
2018-03-28,0,75.93124999999998,6.6,93.7,73.08055555555556,20.7,27.6,95.8,70.57569444444447,34.8,20.8,28.8,93.6
2018-03-29,0,77.41249999999998,8.4,93.9,75.93124999999998,20.1,27.6,93.7,73.08055555555556,31.9,20.7,27.6,95.8
2018-03-30,0,75.2645833333333,9.0,94.1,77.41249999999998,20.9,30.8,93.9,75.93124999999998,35.7,20.1,27.6,93.7
2018-03-31,0,74.96180555555556,8.6,96.0,75.2645833333333,21.4,31.2,94.1,77.41249999999998,39.6,20.9,30.8,93.9
2018-04-01,0,68.10694444444447,10.6,95.9,74.96180555555556,22.5,33.2,96.0,75.2645833333333,35.3,21.4,31.2,94.1
2018-04-02,0,74.32430555555554,7.6,94.9,68.10694444444447,22.7,33.0,95.9,74.96180555555556,29.1,22.5,33.2,96.0
2018-04-03,0,77.11458333333333,9.6,95.8,74.32430555555554,22.1,33.0,94.9,68.10694444444447,22.2,22.7,33.0,95.9
2018-04-04,0,77.04166666666669,11.6,98.2,77.11458333333333,22.2,29.5,95.8,74.32430555555554,36.4,22.1,33.0,94.9
2018-04-05,0,74.68888888888887,12.1,96.1,77.04166666666669,21.9,29.2,98.2,77.11458333333333,36.3,22.2,29.5,95.8
2018-04-06,0,75.46111111111108,11.9,95.6,74.68888888888887,24.0,32.4,96.1,77.04166666666669,42.5,21.9,29.2,98.2
2018-04-07,0,82.09652777777777,13.0,97.9,75.46111111111108,23.9,32.7,95.6,74.68888888888887,35.3,24.0,32.4,96.1
2018-04-08,0,94.33472222222224,16.2,100.0,82.09652777777777,21.8,28.5,97.9,75.46111111111108,39.2,23.9,32.7,95.6
2018-04-09,0,81.55833333333331,10.2,99.6,94.33472222222224,20.8,25.8,100.0,82.09652777777777,41.2,21.8,28.5,97.9
2018-04-10,0,71.50694444444444,7.6,93.8,81.55833333333331,20.6,23.9,99.6,94.33472222222224,67.2,20.8,25.8,100.0
2018-04-11,0,76.5923611111111,4.9,93.4,71.50694444444444,20.2,25.6,93.8,81.55833333333331,35.4,20.6,23.9,99.6
2018-04-12,0,69.42500000000003,8.4,94.7,76.5923611111111,20.5,32.1,93.4,71.50694444444444,25.7,20.2,25.6,93.8
2018-04-13,0,94.09513888888893,12.2,100.0,69.42500000000003,22.0,32.7,94.7,76.5923611111111,35.8,20.5,32.1,93.4
2018-04-14,0,77.93333333333331,13.4,100.0,94.09513888888893,18.8,22.7,100.0,69.42500000000003,20.6,22.0,32.7,94.7
2018-04-15,0,69.03333333333336,11.2,95.2,77.93333333333331,22.8,29.6,100.0,94.09513888888893,86.7,18.8,22.7,100.0
2018-04-16,0,86.7381944444444,11.5,99.4,69.03333333333336,22.2,28.1,95.2,77.93333333333331,25.4,22.8,29.6,100.0
2018-04-17,0,88.05624999999996,11.3,100.0,86.7381944444444,21.8,30.2,99.4,69.03333333333336,27.6,22.2,28.1,95.2
2018-04-18,0,74.15694444444443,9.4,96.0,88.05624999999996,20.9,25.4,100.0,86.7381944444444,45.7,21.8,30.2,99.4
2018-04-19,0,92.90694444444445,13.6,99.8,74.15694444444443,21.6,29.0,96.0,88.05624999999996,47.2,20.9,25.4,100.0
2018-04-20,0,84.26527777777777,12.7,100.0,92.90694444444445,20.1,26.0,99.8,74.15694444444443,35.8,21.6,29.0,96.0
2018-04-21,0,77.22569444444444,11.1,97.3,84.26527777777777,21.2,28.5,100.0,92.90694444444445,63.9,20.1,26.0,99.8
2018-04-22,0,70.46319444444447,11.6,95.2,77.22569444444444,23.1,28.7,97.3,84.26527777777777,50.0,21.2,28.5,100.0
2018-04-23,0,73.05208333333337,12.4,95.3,70.46319444444447,23.1,29.8,95.2,77.22569444444444,38.0,23.1,28.7,97.3
2018-04-24,0,73.66944444444444,12.6,94.5,73.05208333333337,25.2,32.0,95.3,70.46319444444447,36.7,23.1,29.8,95.2
2018-04-25,0,75.14444444444446,13.7,94.7,73.66944444444444,25.4,32.7,94.5,73.05208333333337,38.0,25.2,32.0,95.3
2018-04-26,0,90.72569444444441,18.0,99.4,75.14444444444446,25.9,33.8,94.7,73.66944444444444,32.7,25.4,32.7,94.5
2018-04-27,0,81.76180555555557,14.4,100.0,90.72569444444441,21.3,24.5,99.4,75.14444444444446,42.2,25.9,33.8,94.7
2018-04-28,0,67.55347222222224,12.5,91.3,81.76180555555557,24.5,27.7,100.0,90.72569444444441,72.7,21.3,24.5,99.4
2018-04-29,0,77.47638888888885,15.1,92.6,67.55347222222224,23.9,30.9,91.3,81.76180555555557,55.4,24.5,27.7,100.0
2018-04-30,0,63.88749999999998,12.3,91.6,77.47638888888885,21.8,25.7,92.6,67.55347222222224,38.7,23.9,30.9,91.3
2018-05-01,0,70.88402777777776,12.5,93.7,63.88749999999998,23.6,29.2,91.6,77.47638888888885,59.1,21.8,25.7,92.6
2018-05-02,0,75.33402777777779,13.4,92.8,70.88402777777776,25.1,31.7,93.7,63.88749999999998,34.9,23.6,29.2,91.6
2018-05-03,0,73.53888888888885,14.0,93.2,75.33402777777779,23.5,30.3,92.8,70.88402777777776,35.7,25.1,31.7,93.7
2018-05-04,0,88.81527777777781,15.0,99.8,73.53888888888885,24.6,30.6,93.2,75.33402777777779,48.0,23.5,30.3,92.8
2018-05-05,0,80.32291666666669,13.8,100.0,88.81527777777781,21.2,26.2,99.8,73.53888888888885,41.0,24.6,30.6,93.2
2018-05-06,0,64.46319444444447,10.9,90.0,80.32291666666669,21.9,25.1,100.0,88.81527777777781,69.9,21.2,26.2,99.8
2018-05-07,0,67.02152777777778,9.1,91.8,64.46319444444447,22.9,25.9,90.0,80.32291666666669,59.2,21.9,25.1,100.0
2018-05-08,0,71.50416666666672,11.6,91.5,67.02152777777778,22.3,28.1,91.8,64.46319444444447,36.3,22.9,25.9,90.0
2018-05-09,0,97.57361111111112,15.4,100.0,71.50416666666672,24.0,31.0,91.5,67.02152777777778,37.0,22.3,28.1,91.8
2018-05-10,0,94.17499999999997,15.3,100.0,97.57361111111112,19.4,20.3,100.0,71.50416666666672,35.6,24.0,31.0,91.5
2018-05-11,0,80.79722222222223,13.5,99.2,94.17499999999997,20.2,22.4,100.0,97.57361111111112,89.7,19.4,20.3,100.0
2018-05-12,0,62.18888888888888,10.6,85.6,80.79722222222223,22.1,28.4,99.2,94.17499999999997,83.1,20.2,22.4,100.0
2018-05-13,0,66.6923611111111,8.6,92.1,62.18888888888888,22.3,26.8,85.6,80.79722222222223,45.6,22.1,28.4,99.2
2018-05-14,0,73.73402777777778,10.7,94.1,66.6923611111111,22.8,28.8,92.1,62.18888888888888,35.6,22.3,26.8,85.6
2018-05-15,0,94.29027777777785,16.2,99.9,73.73402777777778,23.4,30.9,94.1,66.6923611111111,27.6,22.8,28.8,92.1
2018-05-16,0,74.05416666666666,17.0,100.0,94.29027777777785,19.4,20.2,99.9,73.73402777777778,38.0,23.4,30.9,94.1
2018-05-17,0,75.31805555555555,14.6,93.4,74.05416666666666,25.2,29.9,100.0,94.29027777777785,87.2,19.4,20.2,99.9
2018-06-02,0,91.42708333333331,17.8,99.2,88.84652777777771,24.0,29.1,99.8,85.99236111111101,63.3,24.5,29.3,100.0
2018-06-03,0,64.98055555555558,15.9,96.3,91.42708333333331,22.0,24.8,99.2,88.84652777777771,71.0,24.0,29.1,99.8
2018-06-04,0,72.48749999999997,16.5,100.0,64.98055555555558,26.9,40.5,96.3,91.42708333333331,76.4,22.0,24.8,99.2
2018-06-05,0,70.14374999999995,17.1,97.5,72.48749999999997,26.9,39.3,100.0,64.98055555555558,30.1,26.9,40.5,96.3
2018-06-06,0,68.44166666666663,17.3,93.3,70.14374999999995,27.9,39.0,97.5,72.48749999999997,34.6,26.9,39.3,100.0
2018-06-07,0,75.97916666666667,18.0,96.0,68.44166666666663,27.6,39.3,93.3,70.14374999999995,32.5,27.9,39.0,97.5
2018-06-08,0,93.57777777777778,17.9,100.0,75.97916666666667,26.6,35.9,96.0,68.44166666666663,33.7,27.6,39.3,93.3
2018-06-09,0,85.01875000000003,19.6,100.0,93.57777777777778,23.5,26.4,100.0,75.97916666666667,39.7,26.6,35.9,96.0
2018-06-10,0,83.61527777777775,18.6,100.0,85.01875000000003,26.2,37.8,100.0,93.57777777777778,83.6,23.5,26.4,100.0
2018-06-11,0,79.6416666666667,19.7,100.0,83.61527777777775,26.5,40.5,100.0,85.01875000000003,46.0,26.2,37.8,100.0
2018-06-12,0,84.43472222222223,19.4,96.3,79.6416666666667,27.5,40.7,100.0,83.61527777777775,42.1,26.5,40.5,100.0
2018-06-13,0,82.44861111111112,22.1,94.9,84.43472222222223,24.9,29.4,96.3,79.6416666666667,38.6,27.5,40.7,100.0
2018-06-14,0,71.05624999999998,20.1,95.1,82.44861111111112,26.2,34.7,94.9,84.43472222222223,64.3,24.9,29.4,96.3
2018-06-15,0,69.6006944444444,18.2,89.1,71.05624999999998,28.0,36.9,95.1,82.44861111111112,59.0,26.2,34.7,94.9
2018-06-16,0,76.89583333333337,16.7,93.1,69.6006944444444,25.8,33.6,89.1,71.05624999999998,48.0,28.0,36.9,95.1
2018-06-17,0,90.2465277777778,19.8,98.2,76.89583333333337,25.8,33.5,93.1,69.6006944444444,47.7,25.8,33.6,89.1
2018-06-18,0,80.75277777777772,17.1,95.9,90.2465277777778,24.4,26.5,98.2,76.89583333333337,47.0,25.8,33.5,93.1
2018-06-19,0,77.06180555555554,16.1,98.1,80.75277777777772,24.6,30.6,95.9,90.2465277777778,74.3,24.4,26.5,98.2
2018-06-20,0,87.97361111111117,18.3,95.5,77.06180555555554,26.1,35.1,98.1,80.75277777777772,54.7,24.6,30.6,95.9
2018-06-21,0,84.15347222222226,18.7,97.6,87.97361111111117,24.2,29.1,95.5,77.06180555555554,48.8,26.1,35.1,98.1
2018-06-22,0,97.41319444444444,19.7,100.0,84.15347222222226,25.5,35.1,97.6,87.97361111111117,68.0,24.2,29.1,95.5
2018-06-23,0,87.02638888888889,18.9,100.0,97.41319444444444,23.3,24.0,100.0,84.15347222222226,54.1,25.5,35.1,97.6
2018-06-24,0,73.47152777777774,16.9,94.4,87.02638888888889,24.5,30.0,100.0,97.41319444444444,92.2,23.3,24.0,100.0
2018-06-25,0,92.81666666666668,18.4,100.0,73.47152777777774,26.1,34.8,94.4,87.02638888888889,66.7,24.5,30.0,100.0
2018-06-26,0,82.00972222222222,18.4,100.0,92.81666666666668,24.0,25.7,100.0,73.47152777777774,44.7,26.1,34.8,94.4
2018-06-27,0,73.56597222222223,19.6,96.4,82.00972222222222,27.4,36.4,100.0,92.81666666666668,73.7,24.0,25.7,100.0
2018-06-28,0,83.85902777777777,22.0,97.4,73.56597222222223,29.9,39.3,96.4,82.00972222222222,45.5,27.4,36.4,100.0
2018-06-29,0,85.44027777777777,23.5,97.5,83.85902777777777,29.4,39.0,97.4,73.56597222222223,41.1,29.9,39.3,96.4
2018-06-30,0,85.7666666666667,24.0,100.0,85.44027777777777,28.4,39.2,97.5,83.85902777777777,53.8,29.4,39.0,97.4
2018-07-01,0,88.27569444444444,24.6,99.9,85.7666666666667,29.9,38.9,100.0,85.44027777777777,52.5,28.4,39.2,97.5
2018-07-02,0,89.30694444444444,25.1,100.0,88.27569444444444,29.1,34.5,99.9,85.7666666666667,58.7,29.9,38.9,100.0
2018-07-03,0,85.34583333333336,24.6,100.0,89.30694444444444,29.8,38.4,100.0,88.27569444444444,70.0,29.1,34.5,99.9
2018-07-04,0,86.3472222222222,24.1,98.3,85.34583333333336,30.4,37.6,100.0,89.30694444444444,61.1,29.8,38.4,100.0
2018-07-05,0,85.6847222222222,23.8,99.9,86.3472222222222,29.7,36.3,98.3,85.34583333333336,62.8,30.4,37.6,100.0
2018-07-06,0,92.24166666666667,24.4,99.5,85.6847222222222,29.6,35.7,99.9,86.3472222222222,66.2,29.7,36.3,98.3
2018-07-07,0,93.95069444444442,24.4,98.8,92.24166666666667,27.7,29.9,99.5,85.6847222222222,65.0,29.6,35.7,99.9
2018-07-08,0,93.44166666666663,23.9,100.0,93.95069444444442,26.5,27.4,98.8,92.24166666666667,82.6,27.7,29.9,99.5
2018-07-09,0,89.9055555555556,24.7,100.0,93.44166666666663,29.4,30.5,100.0,93.95069444444442,88.0,26.5,27.4,98.8
2018-07-10,0,86.49444444444447,23.5,100.0,89.9055555555556,32.2,34.0,100.0,93.44166666666663,79.3,29.4,30.5,100.0
2018-07-11,0,85.09374999999999,22.5,97.3,86.49444444444447,29.6,36.6,100.0,89.9055555555556,62.0,32.2,34.0,100.0
2018-07-12,0,83.25972222222225,22.7,97.2,85.09374999999999,29.9,36.7,97.3,86.49444444444447,62.6,29.6,36.6,100.0
2018-07-13,0,83.71180555555549,24.0,99.3,83.25972222222225,29.8,36.8,97.2,85.09374999999999,65.5,29.9,36.7,97.3
2018-07-14,0,83.97708333333334,25.2,99.2,83.71180555555549,29.2,36.7,99.3,83.25972222222225,63.6,29.8,36.8,97.2
2018-07-15,0,80.7215277777778,24.0,96.2,83.97708333333334,30.2,38.0,99.2,83.71180555555549,58.7,29.2,36.7,99.3
2018-07-16,0,82.90763888888887,24.0,97.3,80.7215277777778,30.7,38.2,96.2,83.97708333333334,56.8,30.2,38.0,99.2
2018-07-17,0,83.55208333333333,24.6,97.7,82.90763888888887,30.7,37.3,97.3,80.7215277777778,60.6,30.7,38.2,96.2
2018-07-18,0,85.03819444444446,25.0,96.8,83.55208333333333,31.2,37.0,97.7,82.90763888888887,62.5,30.7,37.3,97.3
2018-07-19,0,86.80624999999998,26.4,99.0,85.03819444444446,31.0,37.6,96.8,83.55208333333333,66.8,31.2,37.0,97.7
2018-07-20,0,85.4423611111111,26.3,99.4,86.80624999999998,31.0,36.6,99.0,85.03819444444446,64.6,31.0,37.6,96.8
2018-07-21,0,86.27986111111109,26.5,98.2,85.4423611111111,31.6,37.5,99.4,86.80624999999998,70.5,31.0,36.6,99.0
2018-07-22,0,87.27013888888884,25.5,97.0,86.27986111111109,31.2,36.6,98.2,85.4423611111111,68.6,31.6,37.5,99.4
2018-07-23,0,85.24166666666666,25.0,98.8,87.27013888888884,30.0,34.7,97.0,86.27986111111109,66.9,31.2,36.6,98.2
2018-08-15,0,82.46527777777777,26.0,99.1,85.86805555555556,31.8,37.0,97.2,80.72430555555559,49.9,34.2,39.4,97.2
2018-08-16,0,82.37569444444443,26.6,97.0,82.46527777777777,34.1,39.0,99.1,85.86805555555556,62.4,31.8,37.0,97.2
2018-08-17,0,90.16805555555551,25.3,98.0,82.37569444444443,33.4,39.0,97.0,82.46527777777777,57.1,34.1,39.0,99.1
2018-08-18,0,86.6458333333333,25.5,100.0,90.16805555555551,31.0,37.8,98.0,82.37569444444443,58.6,33.4,39.0,97.0
2018-08-19,0,63.01180555555558,22.2,83.6,86.6458333333333,30.6,36.1,100.0,90.16805555555551,61.5,31.0,37.8,98.0
2018-08-20,0,65.82083333333334,19.7,86.4,63.01180555555558,31.3,41.9,83.6,86.6458333333333,63.4,30.6,36.1,100.0
2018-08-21,0,70.52152777777775,19.4,91.8,65.82083333333334,29.4,40.6,86.4,63.01180555555558,26.7,31.3,41.9,83.6
2018-08-22,0,82.4826388888889,20.7,100.0,70.52152777777775,29.6,39.8,91.8,65.82083333333334,40.5,29.4,40.6,86.4
2018-08-23,0,83.57083333333334,25.4,100.0,82.4826388888889,28.7,37.6,100.0,70.52152777777775,33.9,29.6,39.8,91.8
2018-08-24,0,80.01527777777774,26.2,99.7,83.57083333333334,31.7,43.5,100.0,82.4826388888889,54.6,28.7,37.6,100.0
2018-08-25,0,84.72847222222228,26.6,99.2,80.01527777777774,32.3,43.3,99.7,83.57083333333334,52.0,31.7,43.5,100.0
2018-08-26,0,90.26875000000004,26.9,100.0,84.72847222222228,31.5,40.4,99.2,80.01527777777774,46.0,32.3,43.3,99.7
2018-08-27,1,88.66180555555556,25.8,99.7,90.26875000000004,30.1,36.5,100.0,84.72847222222228,58.8,31.5,40.4,99.2
2018-08-28,1,82.70833333333339,24.2,100.0,88.66180555555556,30.2,36.7,99.7,90.26875000000004,67.0,30.1,36.5,100.0
2018-08-29,1,81.16597222222221,23.6,99.4,82.70833333333339,31.7,39.6,100.0,88.66180555555556,67.3,30.2,36.7,99.7
2018-08-30,1,85.25277777777784,23.8,99.1,81.16597222222221,31.2,39.8,99.4,82.70833333333339,58.5,31.7,39.6,100.0
2018-08-31,1,83.85277777777782,24.6,98.9,85.25277777777784,30.4,37.2,99.1,81.16597222222221,54.3,31.2,39.8,99.4
2018-09-01,1,90.18194444444444,24.6,100.0,83.85277777777782,30.5,37.9,98.9,85.25277777777784,62.3,30.4,37.2,99.1
2018-09-02,1,84.9986111111111,24.4,100.0,90.18194444444444,30.1,33.8,100.0,83.85277777777782,61.6,30.5,37.9,98.9
2018-09-03,1,89.43055555555553,23.8,98.0,84.9986111111111,31.4,39.2,100.0,90.18194444444444,66.9,30.1,33.8,100.0
2018-09-04,1,87.51527777777778,23.2,97.5,89.43055555555553,28.1,31.1,98.0,84.9986111111111,55.6,31.4,39.2,100.0
2018-09-05,1,83.73680555555555,22.7,96.1,87.51527777777778,29.3,35.2,97.5,89.43055555555553,73.9,28.1,31.1,98.0
2018-09-06,1,94.45694444444445,24.1,99.4,83.73680555555555,29.6,38.2,96.1,87.51527777777778,70.5,29.3,35.2,97.5
2018-09-07,1,86.79722222222219,23.9,100.0,94.45694444444445,28.4,32.1,99.4,83.73680555555555,59.4,29.6,38.2,96.1
2018-09-08,1,86.7909722222223,22.1,97.4,86.79722222222219,29.3,36.1,100.0,94.45694444444445,81.7,28.4,32.1,99.4
2018-09-09,1,89.81736111111107,22.8,97.5,86.7909722222223,28.0,32.7,97.4,86.79722222222219,60.4,29.3,36.1,100.0
2018-09-10,1,89.67916666666662,24.8,97.6,89.81736111111107,27.8,30.5,97.5,86.7909722222223,69.1,28.0,32.7,97.4
2018-09-11,1,87.65347222222222,24.6,99.2,89.67916666666662,28.3,33.1,97.6,89.81736111111107,80.8,27.8,30.5,97.5
2018-09-12,1,93.18958333333332,20.9,98.3,87.65347222222222,29.4,37.2,99.2,89.67916666666662,72.5,28.3,33.1,97.6
2018-09-13,1,85.31111111111113,19.6,94.0,93.18958333333332,27.3,29.1,98.3,87.65347222222222,61.5,29.4,37.2,99.2
2018-09-14,1,82.88263888888889,19.5,93.8,85.31111111111113,25.4,28.6,94.0,93.18958333333332,84.5,27.3,29.1,98.3
2018-09-15,1,82.98194444444444,19.2,92.3,82.88263888888889,24.4,27.5,93.8,85.31111111111113,71.0,25.4,28.6,94.0
2018-09-16,1,90.41805555555555,20.4,97.7,82.98194444444444,25.1,32.4,92.3,82.88263888888889,68.1,24.4,27.5,93.8
2018-09-17,1,94.2805555555556,21.9,100.0,90.41805555555555,24.7,26.9,97.7,82.98194444444444,58.4,25.1,32.4,92.3
2018-09-18,1,85.86180555555553,22.3,99.8,94.2805555555556,24.9,27.4,100.0,90.41805555555555,80.7,24.7,26.9,97.7
2018-09-19,1,77.95833333333331,22.1,93.0,85.86180555555553,27.7,35.0,99.8,94.2805555555556,80.6,24.9,27.4,100.0
2018-09-20,1,78.03472222222219,18.9,93.1,77.95833333333331,27.7,34.5,93.0,85.86180555555553,65.3,27.7,35.0,99.8
2018-09-21,1,78.51388888888884,18.0,93.0,78.03472222222219,27.0,33.2,93.1,77.95833333333331,54.6,27.7,34.5,93.0
2018-09-22,1,89.96388888888883,19.7,94.8,78.51388888888884,28.7,33.4,93.0,78.03472222222219,59.9,27.0,33.2,93.1
2018-09-23,1,92.06319444444445,19.1,95.7,89.96388888888883,23.4,24.3,94.8,78.51388888888884,52.4,28.7,33.4,93.0
2018-09-24,1,83.6708333333333,20.6,98.2,92.06319444444445,23.4,24.0,95.7,89.96388888888883,82.4,23.4,24.3,94.8
2018-09-25,1,82.00416666666666,19.4,95.7,83.6708333333333,26.2,33.4,98.2,92.06319444444445,86.2,23.4,24.0,95.7
2018-09-26,1,89.39027777777778,21.2,98.9,82.00416666666666,25.9,32.1,95.7,83.6708333333333,64.0,26.2,33.4,98.2
2018-09-27,1,93.1340277777778,20.1,98.7,89.39027777777778,26.1,30.5,98.9,82.00416666666666,59.6,25.9,32.1,95.7
2018-09-28,1,88.28611111111117,18.3,99.7,93.1340277777778,24.7,24.3,98.7,89.39027777777778,71.8,26.1,30.5,98.9
2018-09-29,1,90.58750000000002,16.6,97.2,88.28611111111117,24.1,27.2,99.7,93.1340277777778,83.9,24.7,24.3,98.7
2018-09-30,1,80.89097222222223,14.3,96.0,90.58750000000002,22.9,24.7,97.2,88.28611111111117,71.1,24.1,27.2,99.7
2018-10-01,1,88.38541666666666,18.6,94.4,80.89097222222223,23.9,29.9,96.0,90.58750000000002,72.8,22.9,24.7,97.2
2018-10-02,1,93.22361111111107,19.6,100.0,88.38541666666666,22.0,21.4,94.4,80.89097222222223,53.5,23.9,29.9,96.0
2018-10-03,1,69.71874999999993,17.6,92.7,93.22361111111107,24.4,28.3,100.0,88.38541666666666,82.8,22.0,21.4,94.4
2019-01-13,0,90.7902777777778,12.7,100.0,93.6284722222222,17.3,22.7,100.0,90.21944444444445,55.3,21.6,37.4,100.0
2019-01-14,0,97.09930555555556,12.5,100.0,90.7902777777778,20.3,38.7,100.0,93.6284722222222,76.3,17.3,22.7,100.0
2019-01-15,0,88.10555555555555,11.8,100.0,97.09930555555556,17.4,23.3,100.0,90.7902777777778,61.6,20.3,38.7,100.0
2019-01-16,0,88.34166666666665,11.8,100.0,88.10555555555555,20.4,39.8,100.0,97.09930555555556,83.9,17.4,23.3,100.0
2019-01-17,0,95.68750000000004,12.4,100.0,88.34166666666665,20.7,40.5,100.0,88.10555555555555,53.1,20.4,39.8,100.0
2019-01-18,0,91.86527777777776,12.9,100.0,95.68750000000004,19.0,30.9,100.0,88.34166666666665,54.4,20.7,40.5,100.0
2019-01-19,1,91.3048611111111,12.7,100.0,91.86527777777776,19.9,37.6,100.0,95.68750000000004,77.4,19.0,30.9,100.0
2019-01-20,1,89.70833333333336,12.9,100.0,91.3048611111111,19.8,38.0,100.0,91.86527777777776,60.4,19.9,37.6,100.0
2019-01-21,1,87.49236111111111,12.7,99.8,89.70833333333336,21.6,37.0,100.0,91.3048611111111,49.5,19.8,38.0,100.0
2019-01-22,1,94.38125,12.6,100.0,87.49236111111111,22.2,38.5,99.8,89.70833333333336,56.6,21.6,37.0,100.0
2019-01-23,1,88.92083333333332,12.4,99.3,94.38125,18.7,31.4,100.0,87.49236111111111,55.6,22.2,38.5,99.8
2019-01-24,1,92.5527777777778,12.6,100.0,88.92083333333332,21.1,38.3,99.3,94.38125,71.1,18.7,31.4,100.0
2019-01-25,1,88.0083333333333,12.0,100.0,92.5527777777778,19.8,34.8,100.0,88.92083333333332,50.4,21.1,38.3,99.3
2019-01-26,1,88.18888888888884,12.8,100.0,88.0083333333333,21.9,39.7,100.0,92.5527777777778,62.3,19.8,34.8,100.0
2019-01-27,1,89.86597222222224,12.6,99.4,88.18888888888884,22.0,37.9,100.0,88.0083333333333,51.1,21.9,39.7,100.0
2019-01-28,1,89.09236111111113,12.7,99.8,89.86597222222224,20.7,37.4,99.4,88.18888888888884,43.1,22.0,37.9,100.0
2019-01-29,1,85.34652777777781,12.2,98.6,89.09236111111113,20.6,36.5,99.8,89.86597222222224,45.6,20.7,37.4,99.4
2019-01-30,1,93.57638888888893,12.4,100.0,85.34652777777781,21.9,39.3,98.6,89.09236111111113,49.7,20.6,36.5,99.8
2019-01-31,1,88.42916666666666,12.4,99.9,93.57638888888893,18.4,25.8,100.0,85.34652777777781,45.0,21.9,39.3,98.6
2019-02-01,1,91.67430555555552,11.3,100.0,88.42916666666666,21.6,37.9,99.9,93.57638888888893,83.0,18.4,25.8,100.0
2019-02-02,1,99.08194444444445,11.9,100.0,91.67430555555552,20.7,35.8,100.0,88.42916666666666,47.5,21.6,37.9,99.9
2019-02-03,1,89.13472222222224,11.7,99.2,99.08194444444445,17.0,21.4,100.0,91.67430555555552,50.3,20.7,35.8,100.0
2019-02-04,1,89.46805555555551,11.7,100.0,89.13472222222224,21.2,37.4,99.2,99.08194444444445,90.8,17.0,21.4,100.0
2019-02-05,1,93.91597222222224,11.9,100.0,89.46805555555551,21.1,38.6,100.0,89.13472222222224,52.2,21.2,37.4,99.2
2019-02-06,1,92.47638888888893,13.0,100.0,93.91597222222224,19.9,34.7,100.0,89.46805555555551,51.5,21.1,38.6,100.0
2019-02-07,1,90.45555555555555,12.5,100.0,92.47638888888893,21.4,39.8,100.0,93.91597222222224,66.9,19.9,34.7,100.0
2019-02-08,1,97.62777777777781,11.9,100.0,90.45555555555555,21.3,35.9,100.0,92.47638888888893,42.6,21.4,39.8,100.0
2019-02-09,1,93.70555555555558,12.0,100.0,97.62777777777781,18.8,36.0,100.0,90.45555555555555,43.3,21.3,35.9,100.0
2019-02-10,1,96.11319444444445,12.1,100.0,93.70555555555558,20.4,34.3,100.0,97.62777777777781,70.4,18.8,36.0,100.0
2019-02-11,1,99.26736111111107,11.6,100.0,96.11319444444445,18.9,23.8,100.0,93.70555555555558,65.1,20.4,34.3,100.0
2019-02-12,1,92.90486111111113,11.7,99.5,99.26736111111107,17.1,19.8,100.0,96.11319444444445,80.9,18.9,23.8,100.0
2019-02-13,1,96.22361111111107,12.0,100.0,92.90486111111113,19.9,33.3,99.5,99.26736111111107,93.3,17.1,19.8,100.0
2019-02-14,1,89.04999999999998,11.9,99.6,96.22361111111107,17.8,22.8,100.0,92.90486111111113,68.0,19.9,33.3,99.5
2019-02-15,1,89.43194444444444,12.3,100.0,89.04999999999998,20.4,38.0,99.6,96.22361111111107,84.1,17.8,22.8,100.0
2019-02-16,1,93.675,12.0,100.0,89.43194444444444,21.1,36.7,100.0,89.04999999999998,51.6,20.4,38.0,99.6
2019-02-17,1,96.51111111111112,11.4,100.0,93.675,19.3,29.7,100.0,89.43194444444444,43.7,21.1,36.7,100.0
2019-02-18,1,92.14305555555552,12.2,100.0,96.51111111111112,17.6,30.8,100.0,93.675,78.5,19.3,29.7,100.0
2019-02-19,1,87.59444444444445,12.2,99.9,92.14305555555552,19.3,34.2,100.0,96.51111111111112,79.7,17.6,30.8,100.0
2019-02-20,1,87.32916666666664,12.0,100.0,87.59444444444445,21.2,37.9,99.9,92.14305555555552,57.2,19.3,34.2,100.0
2019-02-21,1,99.36458333333334,13.2,100.0,87.32916666666664,20.6,39.1,100.0,87.59444444444445,43.1,21.2,37.9,99.9
2019-02-22,1,92.19444444444436,13.0,100.0,99.36458333333334,17.4,18.3,100.0,87.32916666666664,48.0,20.6,39.1,100.0
2019-02-23,1,85.97013888888893,13.2,99.8,92.19444444444436,20.1,37.0,100.0,99.36458333333334,95.7,17.4,18.3,100.0
2019-02-24,1,88.33263888888888,12.5,99.7,85.97013888888893,21.3,38.8,99.8,92.19444444444436,46.8,20.1,37.0,100.0
2019-02-25,1,88.53819444444444,13.5,100.0,88.33263888888888,20.5,33.5,99.7,85.97013888888893,48.5,21.3,38.8,99.8
2019-02-26,1,90.89236111111107,13.1,100.0,88.53819444444444,21.4,40.3,100.0,88.33263888888888,52.4,20.5,33.5,99.7
2019-02-27,1,87.59097222222219,13.7,100.0,90.89236111111107,21.2,33.5,100.0,88.53819444444444,42.3,21.4,40.3,100.0
2019-02-28,1,84.73124999999997,13.9,100.0,87.59097222222219,21.9,39.9,100.0,90.89236111111107,58.1,21.2,33.5,100.0
2019-03-01,1,93.22222222222223,13.5,100.0,84.73124999999997,22.4,39.9,100.0,87.59097222222219,41.3,21.9,39.9,100.0
2019-03-02,1,99.95763888888888,13.9,100.0,93.22222222222223,21.2,33.9,100.0,84.73124999999997,41.3,22.4,39.9,100.0
2019-03-03,1,85.28263888888887,13.0,100.0,99.95763888888888,19.2,18.7,100.0,93.22222222222223,63.7,21.2,33.9,100.0
2019-03-04,1,84.69166666666666,13.1,100.0,85.28263888888887,21.8,40.3,100.0,99.95763888888888,99.0,19.2,18.7,100.0
2019-03-05,1,97.34375,14.4,100.0,84.69166666666666,20.8,35.5,100.0,85.28263888888887,42.6,21.8,40.3,100.0
