date,disease,T20_mean_x,ST_mean_x,T60_mean_x,H_mean_x,T20_min_x,ST_min_x,T60_min_x,H_min_x,T20_max_x,ST_max_x,T60_max_x,H_max_x
2016-07-23,0,27.8816513761468,27.75871559633028,28.32477064220183,68.8256880733945,23.3,25.2,23.4,47.0,34.2,31.6,35.6,92.0
2016-07-24,0,27.33119266055045,26.86605504587157,27.88990825688073,63.4954128440367,22.7,24.2,22.8,42.0,34.6,30.2,35.8,84.0
2016-07-25,0,28.24678899082568,27.728440366972478,28.980733944954125,66.93577981651376,21.4,23.9,21.4,39.0,38.8,33.3,39.6,97.0
2016-07-26,0,29.288990825688074,27.961467889908267,29.898165137614683,64.86238532110092,21.6,24.2,21.7,34.0,38.6,32.1,41.4,96.0
2016-07-27,0,23.738532110091747,25.348623853211013,24.011926605504588,89.5137614678899,21.9,24.5,22.2,78.0,26.1,25.9,26.3,100.0
2016-07-28,0,27.18256880733943,26.137614678899087,27.80183486238532,78.9908256880734,21.8,23.6,22.1,44.0,38.1,30.4,39.9,100.0
2016-07-29,0,28.990825688073386,27.399082568807348,29.809174311926604,69.31192660550458,23.8,25.0,23.9,40.0,38.1,31.6,41.5,91.0
2016-07-30,0,28.492660550458712,27.758715596330283,29.216513761467873,70.6788990825688,22.1,24.6,22.1,38.0,37.0,33.4,41.3,99.0
2016-07-31,0,30.108256880733943,28.063302752293573,31.403669724770626,65.77981651376147,21.6,24.5,21.6,35.0,37.5,31.6,41.0,100.0
2016-08-01,0,30.707339449541287,28.484403669724774,32.11376146788991,64.34862385321101,22.1,24.9,22.1,38.0,37.8,32.2,41.2,99.0
2016-08-02,0,30.435779816513755,28.82660550458715,31.425688073394504,70.02752293577981,23.6,25.8,23.7,37.0,38.7,34.1,43.0,100.0
2016-08-03,0,30.261467889908253,28.583486238532124,31.05412844036696,72.73394495412846,23.7,26.2,23.9,44.0,39.0,31.5,42.4,100.0
2016-08-04,0,30.106422018348628,28.30642201834861,30.760550458715592,73.06422018348623,23.9,26.3,24.1,48.0,38.1,30.2,39.8,100.0
2016-08-05,0,30.903669724770648,28.877064220183502,31.923853211009185,69.41284403669725,23.7,26.1,23.8,42.0,39.2,34.1,41.9,100.0
2016-08-06,0,31.234862385321108,29.14495412844037,32.10917431192661,69.57798165137615,24.0,26.3,24.1,43.0,38.7,32.7,42.0,99.0
2016-08-07,0,31.077981651376138,29.13119266055047,31.666972477064228,70.34862385321101,24.3,26.6,24.4,47.0,38.9,31.4,41.1,99.0
2016-08-08,0,30.60183486238532,29.159633027522933,31.41100917431193,71.60550458715595,24.3,26.6,24.4,35.0,39.4,32.9,44.9,100.0
2016-08-09,0,32.01100917431193,29.192660550458733,32.55321100917432,67.70642201834862,23.7,26.4,23.8,41.0,39.1,31.9,41.4,98.0
2016-08-10,0,32.52568807339448,28.910091743119267,32.556880733944936,57.11926605504587,25.2,26.1,24.7,38.0,38.5,32.7,40.5,78.0
2016-08-11,0,30.48990825688073,27.877064220183488,30.989908256880746,59.39449541284404,23.7,25.7,23.4,35.0,37.2,30.5,40.2,86.0
2016-08-12,0,29.31192660550459,27.522935779816514,30.17798165137616,68.43119266055047,21.4,24.7,21.4,41.0,37.3,30.2,40.2,97.0
2016-08-13,0,29.131192660550465,27.658715596330282,29.96788990825687,70.56880733944953,23.6,25.9,23.6,32.0,36.5,30.3,40.0,99.0
2016-08-14,0,29.71467889908256,27.748623853211,30.630275229357807,67.25688073394495,24.5,25.8,24.4,42.0,37.3,30.9,41.8,85.0
2016-08-15,0,27.48990825688073,26.963302752293572,27.708256880733934,78.6788990825688,23.8,26.1,24.0,55.0,32.9,27.7,33.5,94.0
2016-08-16,0,29.852293577981637,27.592660550458717,30.119266055045863,73.1559633027523,23.5,25.4,23.5,46.0,37.7,30.4,41.5,95.0
2016-08-17,0,30.28715596330275,28.15963302752294,30.54036697247707,75.64220183486239,23.8,26.3,24.3,44.0,37.8,29.9,41.2,100.0
2016-08-18,0,31.4183486238532,28.300000000000004,31.26788990825687,72.44954128440367,25.9,26.8,25.8,56.0,36.7,30.0,36.9,92.0
2016-08-19,0,31.7165137614679,29.366055045871573,31.75779816513761,75.49541284403671,26.7,27.6,26.7,44.0,39.9,32.1,42.1,94.0
2016-08-20,0,31.1256880733945,28.817431192660546,30.55504587155961,75.50458715596329,24.9,27.2,25.2,51.0,39.5,30.4,39.8,95.0
2016-08-21,0,30.781651376146808,28.45779816513761,30.320183486238523,76.3302752293578,24.1,26.7,24.4,50.0,39.0,30.2,37.7,99.0
2016-08-22,0,30.66697247706421,29.7302752293578,30.562385321100923,66.92660550458716,23.8,26.0,24.1,40.0,38.5,38.3,39.9,88.0
2016-08-23,0,29.94862385321101,28.0211009174312,29.421100917431197,78.8440366972477,25.6,26.8,25.5,59.0,35.5,29.4,34.4,95.0
2016-08-24,0,31.022935779816514,28.850458715596357,30.81100917431191,73.96330275229356,24.4,26.6,24.7,43.0,39.1,36.7,38.7,99.0
2016-08-25,0,29.659633027522933,27.695412844036692,29.488073394495416,74.45871559633028,24.7,26.5,24.9,55.0,36.0,29.0,35.8,94.0
2016-08-26,0,30.517431192660545,27.77339449541284,30.20183486238533,72.41284403669725,24.4,26.4,24.7,49.0,36.7,29.0,36.0,97.0
2016-08-27,0,30.734862385321087,27.739449541284408,30.25688073394495,71.80733944954129,23.1,25.6,23.4,48.0,39.4,29.6,37.4,97.0
2016-08-28,0,29.245871559633013,27.697247706422022,29.05871559633028,78.55045871559633,23.8,26.0,24.2,53.0,38.2,30.2,36.9,96.0
2016-08-29,0,29.215596330275226,27.274311926605517,28.82660550458716,71.0,24.6,25.9,24.8,47.0,38.1,29.6,36.5,89.0
2016-08-30,0,30.87706422018348,26.98165137614677,29.83211009174312,65.64220183486239,26.8,25.9,26.0,46.0,38.3,28.5,35.6,81.0
2016-08-31,0,26.821100917431203,26.11743119266055,27.233944954128443,67.61467889908256,21.5,24.5,22.4,41.0,35.0,28.6,35.5,89.0
2016-09-01,0,28.31192660550459,25.72660550458716,27.977064220183486,61.80733944954128,19.3,22.9,20.0,36.0,38.0,31.9,36.8,85.0
2016-09-02,0,29.84587155963304,27.18623853211009,29.335779816513767,70.3302752293578,22.5,24.7,23.1,44.0,39.1,30.1,38.5,93.0
2016-09-03,0,29.606422018348628,27.107339449541282,29.33119266055045,67.33944954128441,20.9,24.4,21.7,41.0,38.3,30.3,39.3,93.0
2016-09-04,0,30.54036697247705,27.718348623853217,30.123853211009173,66.44954128440367,24.3,26.1,24.8,41.0,38.7,30.4,38.7,91.0
2016-09-05,0,30.041284403669714,27.97889908256881,29.951376146788984,71.26605504587154,24.8,26.4,25.4,51.0,37.2,30.5,38.4,90.0
2016-09-06,0,26.56513761467892,26.764220183486234,26.697247706422008,85.30275229357798,22.4,25.4,23.4,68.0,33.2,28.2,32.2,100.0
2016-09-07,0,28.39816513761467,27.29816513761467,28.15688073394495,84.39449541284405,24.4,26.1,24.9,57.0,38.1,29.2,36.1,98.0
2016-09-08,0,29.11834862385319,27.647706422018363,29.02935779816515,79.05504587155963,23.9,26.1,24.6,60.0,35.8,29.1,34.5,98.0
2016-09-09,0,27.207339449541287,27.29266055045873,27.4183486238532,89.88073394495413,24.3,26.8,25.2,73.0,32.3,28.4,32.5,98.0
2016-09-10,0,27.86238532110093,25.94862385321101,27.509174311926607,68.73394495412846,22.0,24.2,22.4,48.0,36.2,28.5,35.1,83.0
2016-09-11,0,27.31559633027523,25.67247706422019,27.067889908256873,71.20183486238533,19.5,23.2,20.4,46.0,36.6,28.6,36.4,100.0
2016-09-12,0,27.414678899082567,26.251376146788985,27.24495412844037,76.55963302752293,21.6,24.5,22.5,51.0,36.5,28.2,35.5,96.0
2016-09-13,0,27.37064220183486,26.38807339449541,27.206422018348608,78.77064220183486,23.6,25.4,24.3,61.0,34.7,27.6,32.7,96.0
2016-09-14,0,26.905504587155953,26.04495412844036,26.59724770642201,86.3211009174312,23.0,24.8,23.5,76.0,32.5,27.4,30.6,96.0
2016-09-15,0,27.356880733944955,26.50550458715595,27.348623853211,81.81651376146789,23.8,25.4,24.3,54.0,36.1,28.1,34.7,97.0
2016-09-17,0,26.66880733944955,25.56880733944955,26.29082568807341,79.81651376146789,23.2,24.6,23.8,62.0,34.1,26.9,31.4,94.0
2016-09-18,0,27.936697247706427,26.031192660550452,27.37614678899084,78.94495412844037,22.3,24.4,23.1,58.0,36.8,28.1,34.5,94.0
2016-09-19,0,25.72752293577981,25.98165137614677,25.939449541284407,92.26605504587157,24.1,25.7,24.4,80.0,28.2,26.3,27.7,97.0
2016-09-20,0,28.362385321100923,26.450458715596326,27.84587155963302,79.4862385321101,22.4,24.5,23.1,55.0,38.0,29.1,35.8,98.0
2016-09-21,1,24.283486238532106,24.966055045871578,24.279816513761478,85.33944954128441,22.1,24.3,22.6,72.0,29.5,26.0,27.5,96.0
2016-09-22,1,24.875229357798162,24.10000000000001,24.38348623853211,78.88073394495413,20.6,22.7,21.5,53.0,34.6,25.6,29.7,95.0
2016-09-23,1,22.98440366972477,22.96972477064221,23.112844036697254,93.39449541284405,20.4,20.4,20.5,75.0,29.6,28.7,29.3,100.0
2016-09-24,1,24.231192660550466,24.024770642201837,24.165137614678894,93.66055045871559,22.1,23.4,22.6,75.0,30.2,24.9,28.2,100.0
2016-09-25,1,22.685321100917434,23.549541284403674,22.863302752293574,94.61467889908256,20.2,23.0,21.0,84.0,26.7,23.9,24.9,99.0
2016-09-26,1,25.804587155963286,23.550458715596317,24.69266055045871,77.92660550458716,18.5,21.6,19.4,53.0,38.3,26.2,32.0,98.0
2016-09-27,1,27.296330275229355,24.755963302752296,26.38256880733944,78.6697247706422,20.8,22.9,21.7,54.0,39.1,27.4,34.7,95.0
2016-09-28,1,28.891743119266057,25.921100917431193,27.70275229357798,76.77064220183486,21.4,23.8,22.3,50.0,41.4,30.9,36.3,95.0
2016-09-29,1,26.493577981651377,25.888990825688065,26.297247706422024,88.66055045871559,23.9,25.1,24.5,75.0,33.4,26.9,30.5,96.0
2016-09-30,1,27.877981651376142,26.01651376146791,26.9,82.4862385321101,23.7,24.9,24.1,63.0,41.2,27.6,32.9,97.0
2016-10-01,1,23.609174311926605,23.484403669724763,23.451376146788977,72.74311926605505,18.3,22.4,19.5,64.0,32.3,24.6,28.3,81.0
2016-10-02,1,25.48532110091743,24.013761467889914,24.875229357798162,79.88990825688073,21.4,22.8,21.8,63.0,33.7,26.0,30.6,91.0
2016-10-03,1,26.723853211009175,25.963302752293576,26.68623853211009,77.83486238532109,22.6,23.7,23.1,53.0,37.6,33.1,34.5,92.0
2016-10-04,1,24.953211009174318,24.61467889908257,24.755045871559638,87.21100917431194,21.8,23.3,22.6,73.0,29.8,27.7,28.0,95.0
2016-10-05,1,27.210091743119268,24.771559633027525,25.921100917431193,77.70642201834863,20.9,22.8,21.6,55.0,39.6,27.4,33.3,96.0
2016-10-06,1,24.483486238532105,23.785321100917425,24.09357798165137,81.73394495412846,19.3,22.2,20.2,60.0,32.6,25.6,29.8,94.0
2016-10-07,1,26.866972477064213,24.48807339449542,25.48990825688073,68.68807339449542,20.6,22.8,21.4,42.0,40.2,31.8,33.1,94.0
2016-10-08,1,24.81192660550459,22.72844036697247,23.522935779816514,66.8440366972477,17.4,20.9,18.5,44.0,37.7,25.2,31.4,87.0
2016-10-09,1,25.835779816513764,23.59266055045873,24.742201834862385,77.3302752293578,20.5,22.1,21.2,58.0,40.6,25.7,32.2,91.0
2016-10-10,1,23.72660550458716,23.57339449541286,23.416513761467904,80.83486238532109,18.9,21.8,19.8,60.0,31.2,24.3,26.6,97.0
2016-10-11,1,21.76880733944955,20.762385321100915,20.668807339449536,70.29357798165138,14.7,19.3,16.0,49.0,34.8,22.6,27.7,92.0
2016-10-12,1,21.8605504587156,21.345871559633032,21.399999999999995,73.0091743119266,14.9,19.2,16.1,34.0,36.3,30.7,33.3,95.0
2016-10-13,0,21.810091743119262,22.084403669724768,22.29449541284404,67.27522935779818,15.3,15.2,15.1,19.0,31.3,33.8,33.8,100.0
2016-10-14,0,18.8743119266055,19.08256880733945,18.26146788990826,77.11926605504587,12.6,17.5,13.9,54.0,33.1,23.3,25.1,91.0
2016-10-15,0,20.25412844036698,19.35779816513762,19.28165137614679,75.81651376146789,13.9,17.7,15.0,54.0,31.6,21.2,25.6,93.0
2016-10-16,0,21.81926605504588,19.59266055045871,20.010091743119265,70.41284403669725,12.4,16.9,13.4,30.0,37.7,31.7,30.8,95.0
2016-10-17,0,21.905504587155967,19.384403669724776,20.58348623853211,66.5137614678899,13.2,17.4,14.2,38.0,36.8,22.0,30.4,87.0
2016-10-18,0,20.4697247706422,20.3376146788991,20.231192660550466,87.50458715596329,18.0,19.8,18.4,75.0,26.1,21.0,23.1,96.0
2016-10-19,0,24.27798165137614,21.211009174311922,22.637614678899087,81.46788990825688,16.1,19.3,16.9,53.0,38.2,23.9,30.8,100.0
2016-10-20,0,23.506422018348623,21.83761467889908,22.56422018348623,83.4862385321101,17.4,20.3,18.1,57.0,33.8,23.7,29.9,97.0
2016-10-21,0,24.311926605504574,22.082568807339445,22.809174311926604,80.40366972477064,17.8,20.7,18.5,49.0,35.2,23.8,29.3,100.0
2016-10-22,0,20.377064220183488,20.094495412844037,19.740366972477066,71.49541284403671,14.6,18.7,15.6,49.0,30.1,21.7,26.2,85.0
2016-10-23,0,20.28623853211009,19.877064220183485,19.795412844036697,83.06422018348623,15.4,18.7,16.2,58.0,30.2,21.1,25.9,97.0
2016-10-24,0,20.79174311926605,20.115596330275224,20.079816513761465,80.78899082568806,16.2,19.1,16.9,62.0,28.0,21.3,24.4,99.0
2016-10-25,0,18.697247706422008,18.777981651376148,18.2788990825688,72.63302752293578,13.5,17.8,14.3,46.0,29.1,20.0,24.7,93.0
2016-10-26,0,15.769724770642199,16.976146788990842,15.697247706422019,84.20183486238533,11.6,16.1,12.6,70.0,22.2,18.0,19.1,98.0
2016-10-27,0,22.13669724770641,19.548623853211005,21.138532110091745,84.50458715596329,14.9,17.6,15.5,57.0,33.4,22.2,29.2,100.0
2016-10-28,0,22.36055045871559,20.197247706422022,20.660550458715605,71.65137614678899,14.8,18.6,15.7,48.0,34.8,22.4,28.3,93.0
2016-10-29,0,17.102752293577982,18.10183486238532,17.17339449541285,92.26605504587157,13.4,17.4,14.3,80.0,20.2,18.8,19.0,100.0
2016-10-30,0,22.495412844036693,19.767889908256887,20.52385321100917,78.23853211009174,14.2,18.6,14.7,47.0,35.7,21.9,27.8,100.0
2016-10-31,0,18.5302752293578,17.789908256880732,17.38715596330275,67.0,12.6,16.5,13.5,42.0,33.0,19.6,25.6,84.0
2016-11-01,0,18.105504587155963,17.02110091743119,17.032110091743117,76.8532110091743,10.6,15.2,11.7,55.0,32.1,19.4,25.9,94.0
2016-11-02,0,18.896330275229367,17.74862385321102,17.538532110091744,78.31192660550458,13.0,16.5,13.8,56.0,33.7,19.9,25.9,95.0
2016-11-03,0,15.8651376146789,16.222018348623852,15.242201834862385,79.97247706422019,10.5,15.2,11.7,60.0,26.5,17.6,20.2,92.0
2016-11-04,0,17.366055045871555,16.590825688073398,16.06238532110092,74.60550458715595,9.7,15.0,10.9,49.0,31.1,18.6,24.0,95.0
2016-11-05,0,16.8256880733945,15.360550458715599,15.090825688073394,71.95412844036696,8.1,13.4,9.3,43.0,32.0,18.0,23.8,92.0
2016-11-06,0,16.61376146788991,15.218348623853212,15.318348623853213,78.21100917431194,7.1,12.9,8.2,44.0,29.9,18.0,24.7,99.0
2016-11-07,0,17.964220183486233,15.742201834862385,16.287155963302748,77.39449541284405,9.2,13.9,10.0,51.0,31.5,18.5,25.4,96.0
2016-11-08,0,17.330275229357795,15.83302752293578,16.07155963302752,80.77981651376147,7.9,13.7,9.2,53.0,29.3,18.3,23.8,99.0
2016-11-09,0,16.557798165137612,16.271559633027522,16.130275229357796,89.35779816513761,11.3,15.0,12.3,65.0,24.7,17.6,21.4,97.0
2016-11-10,0,14.849541284403665,15.287155963302743,13.62201834862385,76.35779816513761,7.5,13.8,8.8,47.0,27.5,16.9,20.7,96.0
2016-11-17,0,16.426605504587158,15.455045871559633,14.469724770642204,79.1559633027523,7.2,13.3,8.5,55.0,31.9,18.0,23.7,92.0
2016-11-18,0,15.316513761467887,14.62844036697248,13.734862385321106,81.4862385321101,7.3,12.7,8.2,58.0,28.0,16.7,21.1,98.0
2016-11-19,0,17.61009174311927,15.157798165137615,15.907339449541285,87.07339449541284,7.8,13.2,8.9,69.0,31.7,18.0,24.4,100.0
2016-11-20,0,16.583486238532117,16.115596330275235,16.12385321100917,97.0183486238532,13.7,15.5,14.2,86.0,24.4,17.2,20.3,100.0
2016-11-21,0,19.63302752293578,17.004587155963304,18.057798165137612,90.70642201834862,12.4,15.5,13.1,70.0,30.7,18.9,24.6,100.0
2016-11-22,0,16.990825688073393,16.731192660550448,16.51009174311927,93.39449541284405,12.2,15.8,13.0,80.0,24.0,17.7,20.6,100.0
2016-11-23,0,19.52201834862386,17.560550458715607,18.09816513761467,89.0,14.6,16.6,15.0,65.0,28.9,18.9,22.9,100.0
2016-11-24,0,15.829357798165145,15.997247706422016,14.93853211009174,86.55963302752295,12.0,15.3,12.6,60.0,23.7,16.8,18.8,100.0
2016-11-25,0,14.077064220183482,14.766055045871566,13.445871559633026,91.8532110091743,9.7,13.9,10.3,71.0,26.8,16.5,21.5,99.0
2016-11-26,0,13.653211009174306,13.454128440366972,12.38256880733945,84.30275229357798,6.0,11.6,7.0,61.0,27.3,15.8,21.4,95.0
2016-11-27,0,16.304587155963304,14.642201834862387,14.981651376146786,82.6788990825688,10.8,13.4,11.3,62.0,28.5,16.7,22.9,96.0
2016-11-28,0,17.408256880733955,16.039449541284398,16.629357798165138,95.49541284403671,13.9,15.3,14.3,87.0,27.9,17.2,22.7,100.0
2016-11-29,0,16.73027522935779,16.1,15.654128440366971,85.78899082568806,12.6,15.6,13.4,66.0,27.9,16.9,21.1,100.0
2016-11-30,0,16.85596330275229,15.51467889908257,15.277064220183489,82.42201834862385,12.5,14.7,12.9,61.0,27.0,17.0,20.6,97.0
2016-12-01,0,16.42935779816513,15.569724770642194,15.564220183486235,87.10091743119267,12.6,14.7,13.0,69.0,25.6,16.9,21.0,97.0
2016-12-02,0,17.180733944954135,15.991743119266054,16.408256880733948,92.1467889908257,13.3,15.2,13.6,77.0,27.5,17.1,22.7,100.0
2016-12-03,0,15.590825688073393,15.466972477064234,14.530275229357796,81.11009174311927,12.5,15.1,13.0,55.0,23.1,16.2,18.1,100.0
2016-12-04,0,17.432110091743127,15.602752293577991,15.949541284403672,82.66055045871559,12.3,14.6,12.7,61.0,28.3,17.5,23.3,94.0
2016-12-05,0,17.855045871559643,15.959633027522926,16.55596330275229,86.29357798165138,12.4,14.8,12.8,69.0,29.7,17.8,23.9,96.0
2016-12-06,0,17.459633027522944,16.325688073394502,16.287155963302748,87.65137614678898,13.1,15.4,13.7,64.0,25.7,17.4,20.5,100.0
2016-12-07,0,16.12935779816514,15.825688073394485,15.162385321100919,84.78899082568806,12.5,15.3,12.9,60.0,26.0,16.8,20.3,99.0
2016-12-08,0,15.854128440366964,15.097247706422017,14.47064220183486,80.66055045871559,12.1,14.4,12.3,58.0,23.8,16.2,18.3,93.0
2016-12-09,0,16.246788990825692,15.156880733944956,14.841284403669725,80.44036697247707,12.2,14.5,12.4,59.0,25.7,16.6,20.3,94.0
2016-12-10,0,17.468807339449533,15.17155963302752,16.100917431192652,82.96330275229356,12.3,14.1,12.5,65.0,27.3,16.6,22.6,94.0
2016-12-11,0,15.871559633027516,15.237614678899085,14.56788990825688,81.8532110091743,12.3,14.6,12.4,59.0,25.8,16.3,20.4,94.0
2016-12-12,0,15.949541284403672,14.891743119266055,14.373394495412846,79.26605504587154,11.9,14.2,12.0,59.0,24.9,16.2,19.0,92.0
2016-12-13,0,15.681651376146787,14.851376146788983,14.558715596330268,81.4862385321101,11.9,14.1,12.0,64.0,25.2,16.2,20.2,91.0
2016-12-14,0,14.535779816513765,14.845871559633036,14.164220183486233,88.3302752293578,12.6,14.5,12.9,79.0,18.6,15.4,16.8,96.0
2016-12-15,0,16.68623853211009,15.42935779816514,15.429357798165135,84.97247706422019,12.6,14.7,12.9,63.0,27.1,17.0,21.7,98.0
2016-12-16,0,14.786238532110081,14.517431192660553,13.39816513761468,78.25688073394495,11.9,14.2,12.1,54.0,20.7,15.1,16.5,88.0
2016-12-17,0,15.151376146788989,14.519266055045874,13.756880733944952,81.75229357798165,11.2,14.1,11.1,57.0,23.3,15.5,17.8,100.0
2016-12-18,0,15.677981651376147,14.044036697247712,14.055963302752293,85.59633027522936,11.3,12.5,11.3,62.0,25.9,15.2,19.6,99.0
2016-12-19,0,16.957798165137618,14.961467889908256,15.533027522935773,84.09174311926606,12.1,13.9,12.2,68.0,27.7,17.0,22.5,92.0
2016-12-20,0,17.355963302752286,15.621100917431198,16.08532110091743,84.8256880733945,12.4,14.5,12.7,66.0,26.9,17.5,23.0,93.0
2016-12-21,0,15.910091743119269,15.474311926605495,15.38899082568807,88.74311926605505,12.5,14.7,12.8,83.0,21.4,16.7,19.5,93.0
2016-12-22,0,17.604587155963305,15.867889908256883,16.362385321100927,85.16513761467891,12.5,14.7,12.7,66.0,28.7,17.8,23.7,94.0
2016-12-23,0,15.3348623853211,15.568807339449547,15.13669724770642,92.5504587155963,12.6,15.0,13.0,88.0,21.2,16.3,19.2,96.0
2016-12-24,0,16.022935779816507,16.18623853211009,15.639449541284401,91.9816513761468,13.2,15.6,13.6,78.0,22.7,16.7,19.4,100.0
2016-12-25,0,16.279816513761457,15.653211009174314,15.097247706422028,83.68807339449542,12.7,14.9,12.9,62.0,25.9,17.0,20.4,94.0
2016-12-26,0,16.581651376146787,15.710091743119257,15.650458715596333,83.31192660550458,12.7,14.8,12.9,61.0,24.3,17.2,21.7,92.0
2016-12-27,0,16.88440366972477,15.822018348623848,15.995412844036698,84.04587155963304,12.3,14.8,12.5,65.0,26.9,17.5,22.9,91.0
2016-12-28,0,16.333944954128434,16.00366972477063,15.977064220183491,92.21100917431193,13.1,15.3,13.5,83.0,25.4,17.5,22.4,99.0
2016-12-29,0,17.860550458715593,16.108256880733936,16.230275229357797,84.77064220183486,12.1,14.8,12.2,71.0,33.0,18.6,26.4,92.0
2016-12-30,0,18.3605504587156,16.39908256880734,17.0697247706422,86.11926605504587,12.3,15.1,12.5,78.0,34.2,19.1,27.9,92.0
2016-12-31,0,18.333027522935765,16.420183486238535,16.61284403669724,84.70642201834863,12.0,15.0,12.3,73.0,33.9,19.1,27.4,90.0
2017-01-01,0,18.700000000000006,16.295412844036704,17.02018348623853,87.1651376146789,12.1,15.0,12.3,81.0,34.9,19.4,28.2,94.0
2017-01-02,0,18.82660550458716,16.462385321100918,17.34587155963303,91.58715596330276,12.4,15.0,12.6,80.0,35.1,19.2,28.7,99.0
2017-01-03,0,18.94495412844037,16.8183486238532,17.541284403669714,94.29357798165138,12.3,15.3,12.6,70.0,35.9,19.7,29.2,100.0
2017-01-04,0,17.686238532110092,16.778899082568813,16.909174311926602,94.69724770642202,12.7,15.7,13.1,75.0,33.5,18.9,28.6,100.0
2017-01-05,0,17.959633027522933,16.722018348623855,16.953211009174314,91.33944954128441,12.5,15.5,12.7,70.0,29.8,19.1,25.9,100.0
2017-01-06,0,17.364220183486236,16.43119266055047,16.10183486238532,89.03669724770643,12.2,15.2,12.3,59.0,32.3,18.5,26.2,99.0
2017-01-07,0,15.664220183486234,15.857798165137615,15.226605504587159,93.8256880733945,11.8,14.9,11.9,87.0,22.4,17.4,21.1,100.0
2017-01-08,0,18.61467889908257,16.391743119266046,17.217431192660552,91.44036697247708,11.9,14.8,12.1,70.0,36.5,19.5,30.3,100.0
2017-01-09,0,13.672477064220185,15.488073394495409,13.599082568807342,98.57798165137615,12.7,15.2,13.0,94.0,15.6,15.9,15.3,100.0
2017-01-10,0,17.727522935779806,15.905504587155953,16.253211009174315,91.25688073394495,12.7,14.8,12.8,68.0,30.5,18.1,25.4,100.0
2017-01-15,0,14.526605504587154,15.767889908256874,14.188990825688071,96.40366972477064,12.8,15.4,12.7,89.0,22.6,16.7,20.1,100.0
2017-01-16,0,17.651376146788994,16.18256880733944,16.297247706422016,86.8532110091743,12.4,14.8,12.5,55.0,29.8,18.6,24.2,99.0
2017-01-17,0,17.937614678899084,16.596330275229352,16.546788990825693,86.22018348623854,12.7,15.2,12.9,63.0,28.2,18.8,22.8,97.0
2017-01-18,0,19.084403669724768,16.831192660550457,17.378899082568815,83.61467889908256,12.8,15.4,13.2,58.0,30.1,19.1,24.2,96.0
2017-01-19,0,19.863302752293574,17.359633027522946,18.00733944954128,85.0183486238532,12.6,15.6,13.2,61.0,34.1,20.4,26.8,96.0
2017-01-20,0,18.065137614678907,17.430275229357804,17.466972477064225,94.93577981651377,13.1,16.1,13.9,80.0,28.8,20.0,25.1,100.0
2017-01-21,0,16.76146788990826,16.853211009174306,16.121100917431193,94.93577981651377,12.8,15.9,13.4,78.0,30.5,18.6,25.7,100.0
2017-01-22,0,19.670642201834863,17.331192660550453,17.993577981651374,85.94495412844039,13.0,15.7,13.5,57.0,32.0,20.1,25.5,100.0
2017-01-23,0,17.61743119266055,17.225688073394494,16.83669724770642,89.31192660550457,12.6,15.9,13.3,65.0,32.6,19.5,24.9,99.0
2017-01-24,0,18.059633027522928,16.997247706422016,16.940366972477054,87.55963302752295,12.7,15.7,13.3,55.0,31.2,19.6,25.3,99.0
2017-01-25,0,19.240366972477066,16.841284403669732,17.118348623853215,86.62385321100918,12.5,15.6,12.6,68.0,33.5,19.4,25.8,96.0
2017-01-26,0,20.087155963302752,17.333027522935776,18.047706422018358,83.78899082568806,12.6,15.6,13.2,54.0,33.7,20.3,26.6,100.0
2017-01-27,0,19.877064220183488,17.61192660550458,18.19082568807339,84.0091743119266,12.5,15.8,13.0,56.0,34.2,20.6,27.3,100.0
2017-01-28,0,18.82568807339449,17.65596330275229,17.732110091743113,89.30275229357798,12.5,15.9,13.3,66.0,31.6,19.9,25.6,99.0
2017-01-29,0,20.99174311926605,17.994495412844035,18.908256880733944,85.45871559633028,12.9,16.2,13.7,53.0,33.2,20.9,27.2,100.0
2017-01-30,0,19.27431192660551,17.982568807339444,17.99174311926605,90.91743119266054,12.6,16.2,13.3,67.0,32.2,20.6,25.7,100.0
2017-01-31,0,17.152293577981652,17.344036697247716,16.680733944954135,97.27522935779815,13.5,16.5,14.1,74.0,29.2,19.3,23.9,100.0
2017-02-01,0,20.363302752293574,17.827522935779808,18.499082568807346,86.47706422018351,13.1,16.1,13.7,57.0,34.5,20.8,26.9,100.0
2017-02-02,0,18.969724770642205,17.447706422018353,17.248623853211008,90.45871559633028,12.4,16.0,13.3,70.0,31.9,19.5,24.5,100.0
2017-02-03,0,20.011926605504588,17.656880733944952,18.02477064220184,87.50458715596329,12.7,15.9,13.4,60.0,33.4,20.3,25.4,100.0
2017-02-04,0,20.515596330275237,18.069724770642207,18.75779816513761,84.63302752293578,13.0,16.3,13.8,52.0,34.8,21.0,27.5,100.0
2017-02-05,0,21.378899082568804,18.298165137614678,19.25688073394496,82.05504587155963,12.8,16.3,13.7,49.0,34.7,21.4,27.6,98.0
2017-02-06,0,14.140366972477064,16.635779816513743,14.522935779816505,97.26605504587157,12.6,16.3,13.5,88.0,15.3,17.4,15.4,100.0
2017-02-07,0,19.158715596330268,17.224770642201822,17.695412844036692,90.92660550458716,13.0,15.8,13.7,59.0,32.9,19.9,25.6,100.0
2017-02-08,0,19.939449541284407,17.50091743119266,17.543119266055044,89.41284403669725,12.8,16.0,13.6,68.0,33.8,20.2,24.8,100.0
2017-02-09,0,20.30366972477065,17.813761467889908,18.54770642201835,84.45871559633028,12.6,15.9,13.0,57.0,34.2,20.8,26.7,100.0
2017-02-10,0,16.04128440366972,17.206422018348622,15.99633027522935,97.75229357798165,12.9,16.4,13.5,89.0,21.7,18.3,19.8,100.0
2017-02-11,0,19.865137614678908,17.353211009174313,17.699082568807327,86.71559633027523,12.5,15.7,13.2,52.0,36.0,19.9,25.8,100.0
2017-02-12,0,18.79908256880734,17.119266055045866,16.95871559633028,89.07339449541284,12.3,15.8,13.2,56.0,35.0,19.4,23.8,100.0
2017-02-13,0,20.880733944954134,17.57155963302752,18.310091743119266,84.06422018348623,12.2,15.7,13.1,54.0,36.4,20.5,26.0,100.0
2017-02-14,0,21.178899082568808,18.027522935779814,18.738532110091747,81.9816513761468,12.3,16.0,13.3,49.0,36.7,20.8,26.7,100.0
2017-02-15,0,21.533027522935782,18.276146788990825,18.87614678899083,82.86238532110092,12.4,16.3,13.4,52.0,37.3,21.0,26.5,100.0
2017-02-16,1,21.801834862385327,18.460550458715588,19.34403669724772,81.13761467889908,12.6,16.4,13.6,47.0,38.6,21.3,27.2,100.0
2017-02-17,1,21.992660550458712,18.587155963302752,19.445871559633023,82.83486238532109,12.6,16.5,13.6,49.0,37.8,21.2,28.4,100.0
2017-02-18,0,15.484403669724767,17.344954128440346,15.712844036697252,97.09174311926607,13.1,16.8,14.0,92.0,22.3,18.0,19.9,100.0
2017-02-19,0,20.980733944954128,18.197247706422008,19.238532110091747,87.59633027522936,13.2,16.3,13.9,50.0,33.2,20.7,26.3,100.0
2017-02-20,0,21.551376146788982,18.598165137614693,19.469724770642195,81.9908256880734,12.9,16.6,13.8,46.0,35.6,21.4,26.6,100.0
2017-02-21,0,18.158715596330282,18.06880733944954,17.65321100917431,95.69724770642202,13.1,16.8,14.0,83.0,28.0,19.9,23.4,100.0
2017-02-22,1,20.86880733944955,18.2348623853211,18.900917431192667,83.73394495412846,12.7,16.3,13.6,46.0,35.8,20.9,26.2,100.0
2017-02-23,1,19.51834862385321,18.022018348623853,18.062385321100923,92.04587155963304,12.5,16.3,13.5,79.0,31.0,20.4,24.3,100.0
2017-02-24,1,17.56605504587156,17.833944954128444,17.355045871559632,99.9724770642202,14.1,17.1,14.9,99.0,24.2,19.2,21.7,100.0
2017-02-25,1,21.770642201834864,18.519266055045875,19.732110091743113,83.60550458715595,13.1,16.4,13.9,43.0,34.2,21.4,27.2,100.0
2017-02-26,1,21.462385321100914,18.608256880733954,19.49174311926605,83.80733944954129,12.5,16.5,13.5,48.0,36.2,21.5,27.0,100.0
2017-02-27,1,21.02293577981652,18.782568807339448,19.310091743119262,83.8532110091743,12.8,16.7,13.7,47.0,35.4,21.6,26.6,100.0
2017-02-28,1,21.452293577981653,18.988990825688067,19.59633027522936,81.86238532110092,12.8,16.9,13.8,47.0,35.2,21.6,27.1,100.0
2017-03-01,0,21.08348623853211,19.011009174311933,19.32477064220183,82.23853211009174,13.2,17.1,14.3,45.0,35.0,21.5,26.7,99.0
2017-03-02,0,20.094495412844037,18.65045871559633,18.733944954128443,88.3302752293578,12.5,16.6,13.4,68.0,32.9,21.6,26.6,97.0
2017-03-03,0,15.937614678899081,17.373394495412846,15.887155963302758,95.92660550458716,13.0,16.7,12.4,89.0,26.3,18.7,21.2,100.0
2017-03-04,1,22.55412844036697,18.437614678899084,19.872477064220192,78.80733944954129,13.0,16.3,13.7,38.0,36.8,21.4,28.6,100.0
2017-03-05,1,22.39908256880734,18.98990825688073,19.93211009174312,78.72477064220182,12.7,16.7,13.6,44.0,36.2,21.9,27.5,96.0
2017-03-06,1,21.18532110091744,18.960550458715602,19.31192660550459,86.66055045871559,12.4,16.9,13.2,60.0,38.9,21.8,29.7,100.0
2017-03-07,0,16.495412844036696,17.979816513761467,16.5,96.38532110091744,13.7,17.2,14.5,91.0,22.7,18.6,20.4,99.0
2017-03-08,1,20.19999999999999,18.173394495412843,18.68715596330275,84.0183486238532,13.0,16.5,13.7,48.0,35.1,20.7,26.3,100.0
2017-03-09,1,20.025688073394505,18.25229357798165,18.555963302752293,81.1559633027523,12.5,16.4,13.2,36.0,36.4,21.1,28.3,97.0
2017-03-10,1,21.526605504587156,18.593577981651386,19.55321100917432,78.53211009174312,12.5,16.4,13.2,48.0,39.2,21.5,29.9,97.0
2017-05-13,0,22.233027522935792,22.15229357798166,22.88623853211009,67.14678899082568,14.3,18.4,14.4,34.0,30.5,29.8,31.8,99.0
2017-05-14,0,18.103669724770644,18.692660550458726,18.198165137614676,89.4862385321101,16.5,16.6,16.6,80.0,20.2,20.4,20.5,98.0
2017-05-15,0,21.7440366972477,22.707339449541283,22.910091743119253,73.23853211009174,14.4,17.3,14.2,43.0,31.4,28.6,33.3,99.0
2017-05-16,0,21.6954128440367,22.211926605504605,22.335779816513753,77.35779816513761,18.0,19.6,17.9,50.0,29.1,25.9,31.3,99.0
2017-05-17,0,19.63211009174313,20.306422018348638,20.11834862385321,54.52293577981651,14.4,17.0,14.2,33.0,25.6,24.2,28.1,99.0
2017-05-18,0,19.488073394495412,20.386238532110085,20.27706422018349,68.64220183486239,13.2,17.2,13.2,41.0,25.9,23.5,28.1,99.0
2017-05-19,0,22.335779816513767,22.771559633027522,23.54587155963302,64.0,14.3,17.9,14.3,21.0,31.2,29.1,33.5,99.0
2017-05-20,0,22.522935779816514,23.56697247706423,24.034862385321087,63.825688073394495,14.5,18.0,14.5,21.0,32.7,32.3,34.8,99.0
2017-05-21,0,23.520183486238533,23.678899082568805,24.736697247706424,60.62385321100918,14.5,18.4,14.4,27.0,32.7,31.2,35.9,99.0
2017-05-22,0,24.61926605504588,24.620183486238545,25.83761467889908,60.0,16.1,19.2,16.0,27.0,34.4,31.9,37.7,99.0
2017-05-23,0,23.61467889908257,24.55504587155964,25.07522935779817,64.64220183486239,16.9,20.2,16.8,36.0,30.9,30.8,33.3,95.0
2017-05-24,0,23.527522935779814,24.355045871559643,25.04036697247707,63.1376146788991,16.5,19.9,16.4,33.0,30.9,30.3,33.6,99.0
2017-05-25,0,23.315596330275234,23.94587155963303,24.236697247706427,66.23853211009174,17.7,20.4,17.5,39.0,30.4,30.0,33.2,93.0
2017-05-26,0,21.252293577981657,21.592660550458717,21.564220183486245,86.53211009174312,19.4,19.5,19.4,65.0,25.8,24.3,27.7,98.0
2017-05-27,0,22.09816513761468,22.39908256880733,22.566055045871558,84.77064220183486,18.2,20.5,18.2,58.0,28.6,27.8,30.7,99.0
2017-05-28,0,21.789908256880736,21.897247706422025,23.35412844036697,53.100917431192656,15.4,18.2,15.0,26.0,30.4,27.4,34.9,94.0
2017-05-29,0,22.430275229357804,21.511009174311923,23.28715596330276,54.05504587155964,13.4,13.5,13.3,29.0,32.5,30.9,32.7,88.0
2017-05-30,0,23.115596330275224,23.467889908256875,24.436697247706423,61.825688073394495,14.7,18.6,14.5,33.0,31.2,30.4,35.0,97.0
2017-05-31,0,24.37981651376146,23.779816513761464,25.61467889908258,61.31192660550459,16.2,19.6,15.9,32.0,34.5,29.2,36.4,95.0
2017-06-01,0,24.64220183486238,24.571559633027512,25.411926605504576,78.96330275229356,20.8,22.3,20.3,54.0,30.9,27.2,33.7,99.0
2017-06-02,0,24.282568807339448,24.53211009174313,25.344036697247706,75.35779816513761,19.2,22.2,19.2,43.0,32.7,28.2,36.0,99.0
2017-06-03,0,21.92568807339449,23.26697247706422,22.72477064220184,66.1559633027523,15.7,21.0,15.6,29.0,28.7,26.9,33.3,99.0
2017-06-04,0,21.18715596330276,21.184403669724766,22.05779816513763,50.990825688073386,14.3,18.3,13.8,33.0,29.3,25.5,31.4,80.0
2017-06-05,0,22.522935779816518,21.72935779816513,23.105504587155966,46.90825688073394,14.9,18.4,14.6,26.0,32.3,27.0,32.7,68.0
2017-06-06,0,22.051376146788982,21.993577981651367,22.66513761467891,55.73394495412844,11.9,18.4,11.8,33.0,30.9,26.0,32.8,94.0
2017-06-07,0,23.088990825688075,22.96972477064221,23.61467889908257,70.83486238532109,15.8,20.1,15.6,41.0,31.8,26.0,33.0,99.0
2017-06-08,0,21.65688073394496,22.46238532110092,21.833944954128427,81.79816513761467,18.0,21.2,17.7,57.0,28.4,23.8,30.7,98.0
2017-06-09,0,19.60550458715597,21.449541284403683,20.15779816513761,93.6697247706422,17.0,20.6,17.0,71.0,26.0,23.4,26.5,99.0
2017-06-10,0,24.119266055045877,23.041284403669728,24.562385321100912,69.4862385321101,15.2,18.8,15.3,41.0,33.1,27.5,33.6,99.0
2017-06-11,0,25.566055045871554,23.64128440366972,25.821100917431192,64.94495412844037,15.8,20.2,15.7,35.0,35.6,28.5,36.6,99.0
2017-06-12,0,23.51284403669725,22.007339449541302,23.61743119266056,53.08256880733945,18.5,20.4,18.2,26.0,32.2,23.9,33.7,74.0
2017-06-13,0,23.5422018348624,21.71284403669724,24.197247706422022,42.39449541284404,16.8,18.3,16.2,23.0,33.8,27.4,35.0,59.0
2017-06-14,0,22.67431192660551,21.9651376146789,23.20366972477064,61.25688073394495,13.6,19.0,13.8,35.0,30.5,25.0,32.1,99.0
2017-06-15,0,23.119266055045863,22.64403669724771,23.64403669724771,67.30275229357798,15.6,20.1,15.8,27.0,32.0,26.3,32.4,99.0
2017-06-16,0,24.015596330275226,22.85504587155964,25.13119266055045,65.55963302752292,15.3,20.0,15.1,27.0,33.4,26.7,39.1,99.0
2017-06-17,0,25.311009174311927,22.875229357798165,25.023853211009172,61.61467889908258,15.9,20.3,15.7,32.0,34.7,26.1,35.0,95.0
2017-06-18,0,24.64036697247708,22.623853211009177,24.44862385321101,63.29357798165138,16.3,19.9,16.0,45.0,34.2,26.4,33.2,87.0
2017-06-19,0,21.950458715596337,22.447706422018367,21.64036697247706,82.55045871559633,18.4,21.6,18.3,69.0,26.0,23.5,25.2,96.0
2017-06-20,0,26.050458715596328,23.256880733944953,25.97064220183485,64.55045871559633,17.7,21.0,17.7,34.0,35.7,26.2,34.8,99.0
2017-06-21,0,25.59724770642202,23.897247706422018,25.15596330275229,76.53211009174312,16.8,21.3,17.0,50.0,36.8,27.3,36.3,98.0
2017-06-22,0,22.24678899082568,23.16788990825689,22.227522935779824,93.94495412844036,18.1,22.0,18.2,79.0,29.4,24.5,29.0,99.0
2017-06-23,0,24.298165137614664,22.75596330275229,23.81284403669725,70.05504587155963,19.7,21.2,19.4,45.0,34.1,25.0,32.1,83.0
2017-06-24,0,26.32752293577981,24.24036697247706,26.351376146788997,74.55963302752293,17.9,21.7,18.4,45.0,35.7,27.4,35.8,99.0
2017-06-25,0,25.61376146788991,24.472477064220186,25.64220183486237,77.25688073394495,19.5,22.7,19.8,51.0,34.9,26.6,34.2,99.0
2017-06-26,0,23.111009174311924,23.986238532110125,23.213761467889906,91.65137614678899,20.4,23.2,20.5,73.0,27.1,24.5,27.0,99.0
2017-06-27,0,25.022018348623853,23.91651376146789,24.58623853211009,78.73394495412846,21.0,22.9,20.9,56.0,29.7,25.1,29.2,99.0
2017-06-28,0,25.11376146788991,24.060550458715593,24.869724770642208,81.76146788990826,20.5,22.8,20.7,57.0,34.7,25.8,31.9,99.0
2017-06-29,0,24.683486238532105,24.25137614678899,24.683486238532108,89.04587155963303,21.3,23.4,21.5,64.0,31.3,25.8,30.2,99.0
2017-06-30,0,24.923853211009174,24.321100917431213,24.722935779816503,87.66055045871559,21.4,23.5,21.6,65.0,29.9,25.6,28.8,99.0
2017-07-01,0,24.51284403669725,24.111926605504586,24.34587155963304,92.6788990825688,21.1,23.4,21.3,75.0,30.5,25.7,29.1,99.0
2017-07-02,0,28.577064220183487,25.99174311926605,29.128440366972484,77.6788990825688,22.3,24.0,22.4,44.0,37.9,28.6,38.8,99.0
2017-07-03,0,29.71192660550459,27.136697247706426,30.182568807339443,75.53211009174312,22.8,25.0,23.1,42.0,39.7,30.0,40.1,99.0
2017-07-04,0,30.224770642201843,27.96055045871559,30.88073394495414,73.45871559633028,24.0,25.8,24.1,45.0,38.0,30.6,39.7,99.0
2017-07-05,0,29.286238532110094,27.75963302752293,29.124770642201835,78.08256880733946,25.8,26.7,25.8,58.0,35.8,29.3,36.7,96.0
2017-07-06,0,27.43853211009175,26.58073394495413,27.42752293577982,81.19266055045871,23.2,25.5,23.4,54.0,35.2,28.0,36.7,99.0
2017-08-02,0,30.396330275229353,28.52201834862384,29.86146788990825,82.27522935779818,24.8,26.8,25.1,61.0,37.2,30.7,35.6,99.0
2017-08-03,0,27.648623853211014,27.510091743119254,27.47706422018347,86.77064220183485,24.8,26.7,25.3,62.0,34.8,29.1,33.3,99.0
2017-08-04,0,29.36513761467891,27.10733944954129,29.062385321100912,73.12844036697248,23.4,25.2,23.5,43.0,39.1,29.8,37.9,98.0
2017-08-05,0,30.788073394495395,27.732110091743106,30.533027522935782,69.74311926605505,24.1,26.4,24.5,49.0,39.2,29.7,38.4,98.0
2017-08-06,0,29.790825688073397,28.13577981651376,29.686238532110075,81.09174311926606,25.4,27.1,25.7,54.0,38.2,29.6,37.8,98.0
2017-08-07,0,31.27339449541284,28.893577981651397,31.42201834862385,76.38532110091744,25.1,27.3,25.5,44.0,40.5,30.9,40.8,99.0
2017-08-08,0,28.008256880733942,28.28532110091742,28.014678899082565,91.13761467889908,26.5,27.9,26.7,78.0,32.7,28.8,32.2,98.0
2017-08-09,0,29.217431192660552,27.95045871559629,29.29449541284404,79.29357798165137,24.8,27.2,25.3,53.0,36.1,28.7,35.7,99.0
2017-08-10,0,30.64954128440365,27.598165137614664,30.692660550458694,64.77981651376147,24.5,26.1,24.7,43.0,39.2,29.6,39.2,84.0
2017-08-11,0,31.193577981651373,28.21467889908257,30.95229357798165,69.62385321100918,24.2,26.6,24.6,40.0,41.2,30.4,41.3,90.0
2017-08-12,1,29.949541284403658,28.705504587155968,29.734862385321108,83.25688073394495,25.8,27.7,26.2,60.0,38.5,30.1,36.4,97.0
2017-08-13,1,28.911009174311925,27.975229357798156,28.801834862385327,83.44036697247707,24.5,27.1,24.9,58.0,35.5,29.4,34.8,99.0
2017-08-14,1,29.180733944954113,27.690825688073396,29.015596330275226,74.1743119266055,22.6,26.2,23.1,49.0,39.4,29.4,37.1,96.0
2017-08-15,1,28.410091743119263,27.562385321100898,28.447706422018342,77.5137614678899,23.2,26.4,23.9,54.0,35.7,28.6,35.3,98.0
2017-08-16,0,27.20091743119265,27.266972477064208,27.239449541284408,84.19266055045871,23.6,26.5,24.1,64.0,33.1,28.1,32.3,96.0
2017-08-17,0,27.522018348623856,26.838532110091737,27.266972477064208,83.9816513761468,23.5,26.0,23.8,64.0,35.8,28.2,32.5,99.0
2017-08-18,0,29.454128440366965,27.594495412844047,29.436697247706423,77.8440366972477,24.5,26.5,24.9,53.0,40.2,29.3,36.5,98.0
2017-08-19,0,28.472477064220172,27.782568807339427,28.4954128440367,83.35779816513761,24.7,27.0,25.4,60.0,35.0,28.7,35.0,97.0
2017-08-20,0,30.10275229357799,28.09266055045873,30.28715596330273,76.26605504587154,23.7,26.7,24.3,46.0,38.8,29.9,37.6,99.0
2017-08-21,0,29.151376146788998,28.085321100917426,29.32935779816513,78.4862385321101,23.2,26.7,23.9,59.0,36.2,29.6,35.5,95.0
2017-08-22,0,29.875229357798165,28.266055045871557,29.933027522935795,77.36697247706422,24.3,27.1,24.9,53.0,41.0,29.9,37.3,96.0
2017-08-23,0,29.59357798165137,28.393577981651354,29.710091743119275,80.35779816513761,24.9,27.3,25.4,51.0,40.5,29.7,38.9,97.0
2017-08-24,0,29.333944954128448,27.950458715596326,29.41467889908257,76.04587155963304,23.8,26.9,24.5,53.0,36.0,29.2,36.3,95.0
2017-08-25,0,31.63486238532111,28.684403669724784,31.312844036697264,72.50458715596329,25.9,27.4,26.3,48.0,39.7,30.5,37.9,91.0
2017-08-26,0,31.204587155963303,28.82385321100918,30.899999999999995,74.24770642201835,25.0,27.7,25.6,51.0,38.4,30.3,37.3,93.0
2017-08-27,0,29.57798165137614,28.408256880733934,29.819266055045862,70.03669724770643,24.1,27.5,24.8,37.0,37.8,29.5,36.7,96.0
2017-08-28,0,28.41834862385322,27.083486238532124,28.211009174311943,66.90825688073394,21.5,25.6,22.1,45.0,38.8,28.9,34.9,86.0
2017-08-29,0,28.218348623853217,27.092660550458714,28.215596330275226,74.46788990825688,22.4,25.8,23.1,45.0,39.7,28.7,37.5,95.0
2017-08-30,0,29.876146788990823,28.052293577981647,29.86146788990825,77.8440366972477,24.5,26.8,24.9,48.0,37.6,29.9,36.2,97.0
2017-08-31,0,31.02293577981652,28.66788990825689,31.02660550458715,73.11009174311927,24.4,27.2,25.0,44.0,38.2,30.5,37.6,97.0
2017-09-01,0,28.726605504587173,27.71100917431193,28.584403669724768,68.81651376146789,23.5,26.6,24.0,46.0,37.3,28.9,35.6,85.0
2017-09-02,0,27.45963302752294,26.19633027522934,27.52660550458716,56.990825688073386,19.6,24.6,20.6,35.0,38.1,27.7,35.4,83.0
2017-09-03,0,26.994495412844053,25.82844036697248,26.741284403669724,67.81651376146789,20.9,24.7,21.5,42.0,35.2,27.3,33.4,98.0
2017-09-04,0,25.424770642201835,24.749541284403684,25.380733944954127,59.91743119266055,18.1,23.4,19.0,37.0,34.8,26.5,33.0,93.0
2017-09-05,0,24.949541284403683,24.645871559633036,24.891743119266053,72.6788990825688,19.4,23.6,20.2,54.0,31.2,26.0,30.1,93.0
2017-09-06,0,26.07889908256882,25.088073394495407,25.600000000000005,76.77064220183486,20.0,23.7,20.5,52.0,36.2,26.7,33.8,98.0
2017-09-07,0,25.331192660550464,25.33119266055045,25.06513761467889,87.54128440366972,22.0,24.7,22.5,65.0,31.6,26.3,30.5,99.0
2017-09-08,0,27.497247706422016,25.998165137614695,27.177981651376147,83.3211009174312,22.1,24.8,22.7,60.0,35.9,27.5,34.3,99.0
2017-09-09,0,28.048623853211023,26.329357798165155,28.092660550458714,71.43119266055047,23.2,25.3,23.5,35.0,35.6,27.5,35.2,99.0
2017-09-10,0,27.66238532110092,26.16697247706421,27.407339449541297,73.70642201834863,21.4,24.8,22.0,43.0,37.1,27.9,35.2,98.0
2017-09-11,0,27.048623853211012,25.983486238532105,26.93302752293577,77.8532110091743,21.6,24.7,22.2,47.0,35.1,27.9,36.1,99.0
2017-09-12,0,26.396330275229353,25.74036697247706,26.14495412844036,79.62385321100919,21.8,24.8,22.3,56.0,34.3,26.8,32.9,95.0
2017-09-13,0,25.558715596330263,25.78990825688075,25.55779816513762,93.89908256880733,23.6,25.4,23.9,78.0,29.5,26.4,28.6,99.0
2017-09-14,0,27.032110091743125,25.523853211009172,26.753211009174308,72.55045871559633,21.0,24.3,21.7,50.0,34.9,27.1,33.6,94.0
2017-09-15,0,25.918348623853213,24.616513761467896,25.67247706422017,62.366972477064216,20.6,23.5,21.2,43.0,34.1,26.0,32.2,98.0
2017-09-16,0,23.28073394495413,23.29174311926605,23.10091743119267,65.30275229357798,17.4,22.1,18.3,45.0,31.7,24.5,29.9,89.0
2017-09-17,0,20.22018348623854,22.57981651376145,20.13302752293578,91.44036697247708,19.0,22.1,18.7,76.0,21.4,23.1,21.6,99.0
2017-09-18,0,23.31834862385321,22.63211009174311,22.99266055045873,90.70642201834862,18.4,21.6,18.9,69.0,32.2,24.6,31.0,99.0
2017-09-19,0,27.01467889908258,24.745871559633013,26.59724770642201,76.23853211009174,21.6,23.7,21.8,45.0,34.3,26.2,33.0,99.0
2017-09-20,0,24.87431192660551,23.725688073394483,24.59816513761468,72.77981651376147,16.5,22.0,17.3,45.0,35.2,25.7,33.2,99.0
2017-09-21,0,23.677981651376147,23.763302752293573,23.501834862385326,84.1743119266055,19.4,22.9,20.0,55.0,31.5,24.8,29.9,99.0
2017-09-22,0,24.874311926605515,23.422018348623837,24.707339449541287,59.73394495412844,18.6,22.1,19.1,35.0,33.2,25.2,32.7,96.0
2017-09-23,0,21.435779816513765,22.58348623853211,21.165137614678894,86.45871559633028,16.7,21.5,17.4,68.0,26.5,23.4,24.8,99.0
2017-09-24,0,24.12935779816515,23.1146788990826,23.872477064220174,82.80733944954129,19.2,22.2,19.6,59.0,32.0,24.4,30.3,99.0
2017-09-25,0,24.372477064220192,23.577064220183484,23.789908256880736,82.61467889908256,18.7,22.6,19.2,57.0,32.4,24.8,29.8,99.0
2017-10-14,1,21.352293577981648,22.436697247706427,21.291743119266066,80.73394495412846,18.8,22.0,19.0,59.0,29.3,22.9,27.2,95.0
2017-10-15,1,20.495412844036693,21.72477064220183,20.273394495412848,92.68807339449543,18.3,21.3,18.6,80.0,25.4,22.1,23.3,99.0
2017-10-16,1,19.3697247706422,21.092660550458728,19.13486238532111,94.31192660550457,17.1,20.8,17.6,85.0,23.5,21.4,21.7,99.0
2017-10-17,1,17.983486238532105,19.85238095238095,17.912844036697237,95.1559633027523,15.8,19.6,16.2,86.0,21.7,20.3,21.2,99.0
2017-10-21,1,18.832110091743125,19.217431192660534,18.83486238532109,87.64220183486239,15.0,17.8,15.3,53.0,26.6,26.0,30.7,99.0
2017-10-22,1,18.92293577981652,19.089908256880726,18.898165137614683,95.6697247706422,17.3,17.4,17.1,83.0,22.4,22.2,22.6,99.0
2017-10-23,1,18.84678899082569,19.590825688073412,18.528440366972468,99.0,17.3,19.4,17.5,99.0,21.9,19.9,20.2,99.0
2017-10-24,1,20.503669724770642,20.11467889908257,20.304587155963297,66.30275229357798,14.9,19.5,15.4,34.0,25.9,20.7,26.0,99.0
2017-10-25,1,16.933944954128446,18.21284403669725,16.42935779816514,79.64220183486239,12.1,17.5,12.8,59.0,23.9,19.2,21.0,99.0
2017-10-26,1,17.074311926605507,18.400000000000006,16.88532110091743,75.57798165137615,13.9,17.9,14.5,67.0,22.7,19.0,20.9,83.0
2017-10-27,1,17.811009174311927,17.426605504587155,17.147706422018345,65.60550458715596,8.7,15.7,9.3,25.0,30.8,19.9,28.6,99.0
2017-10-28,1,18.25504587155964,17.82293577981651,17.453211009174314,58.79816513761468,10.3,16.4,10.9,28.0,29.4,19.8,27.1,97.0
2017-10-29,1,16.807339449541285,18.31467889908256,16.74770642201835,52.596330275229356,14.1,17.0,14.7,43.0,20.8,18.7,19.7,65.0
2017-10-30,1,17.622018348623854,17.80275229357798,17.302752293577978,91.27522935779815,15.1,16.7,15.2,82.0,22.0,19.3,20.5,98.0
2017-10-31,1,17.315596330275227,17.613761467889898,17.384403669724765,64.0,11.6,15.1,12.2,22.0,24.7,20.2,24.9,98.0
2017-11-01,1,15.881651376146786,15.554128440366972,15.930275229357795,52.07339449541285,7.7,11.8,8.5,23.0,27.2,20.5,28.1,74.0
2017-11-02,1,17.97981651376146,17.24036697247706,17.694495412844034,58.34862385321101,9.8,13.8,10.4,31.0,28.9,21.9,27.6,79.0
2017-11-03,1,16.503669724770642,16.192660550458715,16.138532110091752,56.110091743119256,7.3,12.3,8.0,29.0,27.9,20.8,26.6,75.0
2017-11-04,1,17.663302752293575,16.274311926605506,17.47522935779817,55.20183486238532,8.8,13.3,9.5,26.0,28.8,19.3,27.5,77.0
2017-11-05,1,18.496330275229358,18.31743119266055,18.445871559633023,53.17431192660551,13.3,17.4,13.9,27.0,26.9,19.7,26.1,72.0
2017-11-06,1,15.952293577981651,16.295412844036697,15.246788990825689,44.899082568807344,7.9,14.9,8.8,22.0,29.6,18.3,26.0,63.0
2017-11-07,1,17.922018348623855,16.844954128440367,17.074311926605507,57.88073394495413,9.5,15.3,10.3,30.0,29.9,19.3,27.8,79.0
2017-11-08,1,19.119266055045863,17.522935779816507,18.43211009174311,55.100917431192656,11.9,16.2,12.0,32.0,31.2,19.7,29.3,72.0
2017-11-09,1,18.04403669724771,18.488073394495434,17.81009174311927,72.49541284403671,15.9,18.1,16.1,62.0,21.7,19.0,20.5,79.0
2017-11-10,1,17.176146788990824,17.879816513761472,17.39908256880734,45.366972477064216,11.6,16.9,12.4,17.0,24.5,18.9,24.7,78.0
2017-11-11,1,15.624770642201836,16.49816513761467,15.201834862385313,57.8348623853211,8.1,15.4,8.7,36.0,26.5,18.2,24.2,88.0
2017-11-12,1,17.033027522935775,16.88440366972476,16.432110091743116,62.60550458715596,11.3,16.2,12.2,29.0,26.5,18.2,22.6,89.0
2017-11-13,1,13.472477064220186,15.068807339449531,13.020183486238532,53.15596330275228,6.3,13.9,7.0,35.0,23.1,16.3,20.4,69.0
2017-11-14,1,14.133944954128443,14.871559633027525,13.833944954128434,66.03669724770643,5.2,13.2,5.6,35.0,27.6,17.4,26.0,91.0
2017-11-15,1,14.376146788990825,15.926605504587164,14.169724770642205,75.0091743119266,10.3,15.1,10.6,67.0,19.9,16.5,18.4,83.0
2017-11-16,1,15.948623853211005,15.947706422018348,15.573394495412845,64.4862385321101,9.1,14.7,9.5,32.0,27.3,17.7,25.4,84.0
2017-11-17,1,12.205504587155962,14.99082568807339,12.39816513761468,55.94495412844037,7.2,14.1,7.7,30.0,20.4,15.8,20.3,75.0
2017-11-18,1,12.860550458715592,14.132110091743117,12.885321100917427,58.68807339449541,5.8,12.7,6.2,30.0,23.4,16.2,23.7,78.0
2017-11-19,1,11.541284403669724,14.098165137614677,11.51376146788991,77.90825688073394,10.1,13.8,10.4,73.0,13.9,14.4,13.3,81.0
2017-11-20,1,12.94128440366972,13.418348623853214,11.877981651376151,59.48623853211009,6.8,12.0,7.2,36.0,23.7,15.4,19.7,76.0
2017-11-21,1,11.291743119266055,12.635779816513761,10.716513761467887,65.03669724770643,6.0,11.4,6.0,42.0,23.3,14.4,20.0,76.0
2017-11-22,1,12.954128440366981,12.855045871559634,11.549541284403675,56.84403669724772,5.9,11.2,6.1,30.0,24.7,15.2,20.2,74.0
2017-11-23,1,12.777064220183485,13.270642201834864,12.35229357798166,70.81651376146789,7.6,12.0,7.8,52.0,23.2,14.9,19.6,78.0
2017-11-24,1,16.271559633027525,14.980733944954126,15.096330275229356,65.77064220183486,11.9,14.0,11.8,38.0,25.2,16.7,21.5,83.0
2017-11-25,1,14.735779816513762,13.884403669724767,13.183486238532113,58.25688073394495,7.0,12.1,7.0,34.0,27.7,16.2,22.4,74.0
2017-11-26,1,13.979816513761476,13.264220183486245,12.076146788990824,62.80733944954128,5.7,11.5,5.8,38.0,26.1,15.6,20.9,78.0
2017-11-27,1,13.110091743119268,13.188990825688073,12.34862385321101,69.09174311926606,6.2,11.4,6.3,46.0,25.5,15.4,22.7,80.0
2017-11-28,1,15.660550458715587,14.47339449541284,14.171559633027526,66.09174311926606,9.0,12.9,8.9,31.0,26.9,16.3,23.7,85.0
2017-11-29,1,15.269724770642204,14.279816513761467,13.919266055045874,65.77981651376147,8.5,12.7,8.4,42.0,24.9,16.4,21.5,79.0
2017-11-30,1,14.37706422018349,14.132110091743117,13.70825688073395,67.20183486238533,8.4,12.7,8.5,50.0,22.5,16.1,20.7,80.0
2017-12-01,1,16.211926605504587,15.397247706422027,15.585321100917433,69.35779816513761,12.3,14.5,12.4,48.0,23.1,16.7,20.9,82.0
2017-12-02,1,15.173394495412849,15.03394495412844,14.064220183486235,62.09174311926606,10.0,14.0,10.3,34.0,24.4,16.3,21.0,80.0
2017-12-03,1,13.895412844036695,13.965137614678905,12.554128440366965,61.67889908256882,7.4,12.6,7.4,34.0,24.6,15.7,20.7,78.0
2017-12-04,1,14.041284403669724,13.503669724770651,12.863302752293574,64.42201834862385,6.4,11.9,6.6,36.0,25.3,15.7,21.8,83.0
2017-12-05,1,10.853211009174316,12.756880733944971,10.232110091743118,85.44036697247707,5.7,11.5,6.0,68.0,19.7,13.9,16.2,99.0
2017-12-06,1,12.341284403669725,13.019266055045874,11.375229357798162,70.49541284403671,7.6,11.9,7.7,38.0,22.2,14.5,19.4,96.0
2017-12-07,1,12.463302752293576,12.550458715596333,11.426605504587155,57.38532110091742,5.3,10.9,5.3,36.0,27.1,15.0,22.9,71.0
2017-12-20,1,16.353211009174313,16.16146788990826,16.469724770642205,97.1651376146789,10.9,14.4,11.4,76.0,26.7,18.7,26.2,100.0
2017-12-21,1,17.492660550458716,16.102752293577975,16.78165137614679,97.76146788990826,10.8,14.3,11.3,84.0,29.1,19.2,28.5,100.0
2017-12-22,1,17.925688073394504,16.469724770642213,17.12201834862385,97.62385321100918,11.3,14.6,11.6,85.0,29.4,19.8,28.0,100.0
2017-12-23,1,17.20275229357799,16.337614678899087,16.346788990825686,96.6697247706422,10.8,14.5,11.0,78.0,29.9,19.3,25.7,100.0
2017-12-24,1,16.9954128440367,16.127522935779826,16.125688073394493,97.69724770642202,10.9,14.5,11.1,81.0,27.7,19.1,25.0,100.0
2017-12-25,1,17.84036697247707,16.638532110091745,16.411009174311925,98.95412844036696,11.2,15.0,10.2,86.0,29.2,19.3,27.6,100.0
2017-12-26,1,17.6211009174312,17.344954128440367,17.05229357798165,98.75229357798165,12.9,16.1,12.8,87.0,27.2,19.2,25.5,100.0
2017-12-27,1,15.580733944954126,16.261467889908253,14.998165137614679,98.04587155963304,11.3,15.2,11.2,80.0,27.3,18.6,27.3,100.0
2017-12-28,1,13.900917431192665,15.51192660550459,12.95779816513761,100.0,11.2,14.9,10.4,100.0,25.3,17.0,24.0,100.0
2017-12-29,1,17.18899082568808,15.91284403669725,16.150458715596336,96.8256880733945,11.1,14.5,10.8,81.0,28.0,18.6,27.4,100.0
2017-12-30,1,16.559633027522942,16.05229357798164,15.674311926605506,98.40366972477064,11.2,14.8,11.0,86.0,26.5,18.1,24.4,100.0
2017-12-31,1,17.54036697247707,16.321100917431192,16.39724770642201,97.9816513761468,11.6,14.9,11.1,85.0,27.8,18.7,26.5,100.0
2018-01-01,1,12.843119266055037,15.11009174311928,12.435779816513762,100.0,10.7,14.6,10.3,100.0,18.2,15.9,17.5,100.0
2018-01-02,1,17.39174311926606,15.847706422018346,15.998165137614677,97.65137614678899,11.5,14.5,10.7,84.0,27.9,18.3,26.0,100.0
2018-01-03,1,16.997247706422012,15.951376146788983,15.677981651376152,98.79816513761469,11.3,14.1,10.8,90.0,25.6,17.9,24.5,100.0
2018-01-04,1,16.989908256880728,16.211926605504587,15.449541284403674,99.0,11.5,15.0,10.7,90.0,27.2,18.3,25.4,100.0
2018-01-05,1,17.748623853211008,16.265137614678896,16.315596330275227,97.9724770642202,11.4,14.8,10.9,83.0,30.5,18.9,27.2,100.0
2018-01-06,1,15.233944954128445,15.808256880733948,14.094495412844044,100.0,11.4,13.5,10.6,100.0,26.0,17.1,23.6,100.0
2018-01-07,1,16.544954128440367,15.919266055045862,14.578899082568805,99.38532110091744,11.4,14.8,9.6,88.0,27.5,17.9,25.0,100.0
2018-01-08,1,17.360550458715597,16.048623853211,15.280733944954125,98.05504587155964,11.2,14.7,9.8,80.0,29.3,18.3,25.3,100.0
2018-01-09,1,12.899082568807346,15.27247706422018,11.204587155963301,100.0,11.3,14.9,9.5,100.0,16.1,15.7,14.4,100.0
2018-01-10,1,16.21467889908256,15.581651376146796,13.996330275229349,97.88073394495413,11.7,14.6,9.3,84.0,26.3,17.6,23.1,100.0
2018-01-11,1,17.072477064220177,15.874311926605515,15.010091743119267,97.09174311926607,11.1,14.6,9.3,79.0,29.2,17.9,25.0,100.0
2018-01-12,1,16.49266055045871,15.929357798165135,14.607339449541287,98.11926605504587,11.0,14.8,9.6,85.0,26.3,17.9,23.1,100.0
2018-01-13,1,16.75229357798165,15.458715596330281,15.18256880733944,96.18348623853213,11.1,11.2,10.2,81.0,31.2,17.7,24.8,100.0
2018-01-14,1,17.062385321100916,15.836697247706418,15.484403669724767,96.40366972477064,11.2,14.5,10.3,76.0,30.2,18.3,27.9,100.0
2018-01-15,1,17.861467889908262,16.188073394495422,16.054128440366974,95.95412844036696,11.1,14.6,10.2,77.0,32.3,18.9,29.5,100.0
2018-01-16,1,17.635779816513764,16.31651376146788,16.172477064220182,96.8532110091743,11.2,14.8,10.1,82.0,28.2,18.8,25.6,100.0
2018-01-17,1,17.899999999999995,15.980733944954126,16.132110091743108,99.03669724770643,11.2,11.8,10.1,90.0,26.7,18.3,23.7,100.0
2018-01-18,1,14.18440366972477,15.62201834862385,12.706422018348624,100.0,12.2,15.1,11.0,100.0,18.2,16.3,15.8,100.0
2018-01-19,1,18.499082568807346,16.3137614678899,16.1697247706422,96.86238532110092,11.9,14.9,10.1,81.0,28.4,18.6,24.3,100.0
2018-01-20,1,18.71834862385321,16.76055045871559,16.529357798165144,96.31192660550457,11.7,15.3,10.1,80.0,30.8,19.1,27.7,100.0
2018-01-21,1,17.898165137614683,16.547706422018358,16.05045871559633,96.28440366972477,11.1,15.1,10.0,77.0,28.8,18.7,25.6,100.0
2018-01-22,1,17.759633027522934,16.561467889908258,15.819266055045867,97.75229357798165,11.7,15.2,10.3,87.0,26.7,18.5,23.8,100.0
2018-01-23,1,13.730275229357801,15.511926605504591,12.048623853211007,100.0,11.6,13.6,8.3,100.0,20.3,16.4,17.7,100.0
2018-01-24,1,16.109174311926598,15.481651376146793,13.15137614678899,98.24770642201835,11.4,13.4,7.9,80.0,29.8,19.4,25.6,100.0
2018-01-25,1,16.659633027522933,15.089908256880728,14.459633027522928,99.8532110091743,11.2,12.5,9.8,96.0,27.7,17.6,23.7,100.0
2018-01-26,1,16.21192660550459,15.74862385321101,14.22752293577982,99.95412844036696,11.2,14.5,9.7,98.0,30.7,18.2,23.5,100.0
2018-01-27,1,16.688990825688073,15.757798165137618,16.152293577981652,98.30275229357798,11.4,14.0,10.7,81.0,29.9,18.9,29.6,100.0
2018-01-28,1,17.979816513761467,16.081651376146787,15.084403669724775,97.9816513761468,11.2,13.9,1.2,77.0,32.1,20.1,30.5,100.0
2018-01-29,1,13.72293577981652,15.032110091743126,12.909174311926607,100.0,11.4,14.2,10.9,100.0,24.1,16.5,21.3,100.0
2018-01-30,1,16.83394495412844,15.690825688073394,15.30642201834862,99.0183486238532,11.3,13.7,10.5,87.0,28.1,18.8,23.8,100.0
2018-01-31,1,18.295412844036704,16.304587155963308,16.347706422018348,95.69724770642202,11.3,14.1,10.5,77.0,31.2,19.8,26.4,100.0
2018-02-01,1,17.194495412844038,16.492660550458712,15.701834862385324,99.42201834862385,11.3,14.4,10.6,92.0,27.6,19.8,24.6,100.0
2018-02-02,1,13.898165137614686,15.498165137614679,12.658715596330275,100.0,11.5,14.6,10.3,100.0,21.2,17.2,19.5,100.0
2018-02-03,1,16.205504587155964,15.890825688073402,14.540366972477072,99.8440366972477,11.4,14.2,10.0,93.0,27.9,18.9,24.2,100.0
2018-02-04,1,18.142201834862387,16.513761467889914,16.14770642201835,96.5137614678899,11.5,14.5,10.1,77.0,30.2,20.0,27.0,100.0
2018-02-05,1,17.807339449541285,16.562385321100926,15.94036697247707,94.8256880733945,12.4,15.0,11.5,73.0,27.6,19.0,24.2,100.0
2018-02-06,1,17.8908256880734,16.21651376146789,16.123853211009177,95.11009174311928,12.2,13.0,11.5,75.0,29.0,18.9,25.8,100.0
2018-02-07,1,18.80366972477065,16.663302752293585,16.655045871559633,93.72477064220185,11.7,14.6,8.9,71.0,33.1,20.0,27.5,100.0
2018-02-08,1,18.67706422018348,16.848623853211006,16.448623853211007,93.70642201834862,12.1,14.9,9.1,71.0,30.6,19.8,27.1,100.0
2018-02-09,1,19.39633027522936,16.94311926605505,17.412844036697248,94.60550458715595,12.1,14.4,11.6,75.0,32.2,19.7,26.8,100.0
2018-02-10,1,19.49357798165138,17.32385321100919,17.68715596330276,93.77064220183485,12.0,15.1,8.3,67.0,35.7,20.4,30.5,100.0
2018-02-11,1,16.652293577981652,17.03211009174311,10.044954128440367,99.91743119266054,12.1,15.3,2.0,98.0,27.5,20.0,23.8,100.0
2018-02-12,1,19.47522935779817,17.441284403669723,17.481651376146797,93.43119266055048,12.6,15.4,11.2,68.0,32.0,20.8,27.9,100.0
2018-03-24,0,20.72660550458716,17.60366972477064,19.6302752293578,61.955045871559655,12.6,15.4,12.9,32.0,34.8,21.0,31.1,85.1
2018-03-25,0,20.85688073394495,17.939449541284407,19.59174311926606,63.8348623853211,12.5,15.6,12.8,34.8,32.4,20.8,28.8,92.2
2018-03-26,0,19.530275229357795,17.222935779816506,18.325688073394502,67.29541284403672,8.1,14.2,8.8,31.9,31.7,20.7,27.6,95.8
2018-03-27,0,18.694495412844038,16.786238532110087,17.751376146788985,70.87247706422015,6.6,13.9,7.4,35.7,31.4,20.1,27.6,92.9
2018-03-28,0,20.231192660550466,17.481651376146782,19.219266055045868,72.73119266055045,8.4,14.3,8.9,39.6,34.6,20.9,30.8,93.9
2018-03-29,0,20.777981651376148,17.859633027522932,19.75871559633028,69.88807339449538,9.0,14.8,9.5,35.3,34.2,21.4,31.2,94.1
2018-03-30,0,21.385321100917423,18.35871559633028,20.235779816513762,68.90091743119271,8.6,14.9,9.2,29.1,37.5,22.5,33.2,93.8
2018-03-31,0,22.524770642201837,19.208256880733934,21.168807339449547,61.24678899082569,11.3,16.5,11.6,22.2,37.3,22.7,33.0,95.9
2018-04-01,0,20.721100917431187,18.14954128440366,19.586238532110084,68.76422018348622,7.6,14.7,8.3,36.4,35.7,22.1,33.0,92.1
2018-04-02,0,20.794495412844046,18.53853211009174,19.648623853211006,72.02477064220183,9.6,15.5,10.1,36.3,33.3,22.2,29.5,94.5
2018-04-03,0,21.766055045871568,19.010091743119254,20.699999999999992,72.04678899082569,11.6,16.3,11.9,42.5,33.2,21.9,29.2,98.2
2018-04-04,0,23.305504587155966,19.7908256880734,22.08256880733945,69.34036697247707,12.1,16.6,12.5,35.3,36.3,24.0,32.4,96.1
2018-04-05,0,23.193577981651373,20.03853211009175,22.009174311926607,70.03761467889906,11.9,16.9,12.3,39.2,36.1,23.9,32.7,95.6
2018-04-06,0,21.30550458715597,19.887155963302746,20.704587155963296,77.54311926605506,13.0,17.8,13.3,41.2,30.6,21.8,28.5,95.9
2018-04-07,0,20.243119266055047,19.57981651376146,19.918348623853213,92.72110091743124,16.5,18.5,16.6,67.2,26.7,20.8,25.8,100.0
2018-04-08,0,19.811926605504595,19.09724770642201,19.317431192660557,78.82201834862386,12.7,17.4,13.1,35.4,25.6,20.6,23.9,99.6
2018-04-09,0,18.19174311926605,17.341284403669732,17.33853211009174,66.47981651376146,7.7,14.6,8.3,25.7,29.8,20.2,25.6,93.8
2018-04-10,0,17.799999999999994,16.558715596330273,16.961467889908253,71.99816513761469,4.9,13.1,5.6,35.8,35.9,20.5,32.1,91.4
2018-04-11,0,21.024770642201823,17.799082568807343,19.941284403669727,62.78165137614679,8.4,14.4,9.0,20.6,35.8,22.0,32.7,93.5
2018-04-12,0,17.745871559633027,17.463302752293576,17.36422018348625,92.76513761467888,12.2,16.2,12.6,86.7,23.9,18.8,22.7,98.5
2018-04-13,0,23.166972477064213,19.67522935779817,22.036697247706424,73.37339449541281,15.0,17.3,15.2,25.4,34.0,22.8,29.6,100.0
2018-04-14,0,21.036697247706424,18.988073394495412,19.506422018348626,62.234862385321144,11.2,16.4,11.7,27.6,31.4,22.2,28.1,93.8
2018-04-15,0,20.153211009174317,18.418348623853213,19.564220183486235,83.43577981651377,11.5,16.0,11.8,45.7,32.1,21.8,30.2,99.4
2018-04-16,0,20.69266055045872,19.201834862385322,20.11743119266055,87.27339449541279,16.2,18.2,16.2,47.2,27.6,20.9,25.4,100.0
2018-04-17,0,20.022935779816514,18.28532110091743,19.03761467889909,67.9091743119266,9.4,15.1,10.0,35.8,31.9,21.6,29.0,94.2
2018-04-18,0,18.40917431192661,18.124770642201828,18.047706422018347,91.45229357798165,13.6,16.7,13.7,63.9,27.0,20.1,26.0,99.8
2018-04-19,0,20.23302752293578,18.565137614678907,19.495412844036707,81.6376146788991,14.5,16.7,14.5,50.0,31.9,21.2,28.5,100.0
2018-04-20,0,21.211009174311926,18.987155963302747,20.21284403669725,72.25963302752295,11.1,15.9,11.6,38.0,31.9,23.1,28.7,95.7
2018-04-21,0,22.55412844036697,19.82844036697247,21.47522935779817,64.99541284403668,11.6,16.5,12.1,36.7,32.8,23.1,29.8,95.2
2018-04-22,0,23.595412844036698,20.38623853211009,22.32385321100918,67.69724770642205,12.4,16.6,12.6,38.0,35.9,25.2,32.0,95.3
2018-04-23,0,23.269724770642195,20.6559633027523,22.07064220183487,68.83577981651375,12.6,17.1,12.7,32.7,35.6,25.4,32.7,94.5
2018-04-24,0,24.194495412844034,21.4256880733945,23.47064220183487,71.30550458715597,13.7,17.7,14.1,42.2,35.3,25.9,33.8,94.7
2018-04-25,0,20.424770642201835,20.532110091743128,20.23394495412845,88.46513761467888,18.0,19.8,18.1,72.7,25.2,21.3,24.5,95.2
2018-04-26,0,22.41743119266055,21.022018348623863,21.696330275229354,84.04770642201835,18.7,19.6,18.8,55.4,31.9,24.5,27.7,100.0
2018-04-27,0,21.95504587155964,19.986238532110086,20.900917431192667,61.336697247706425,12.5,16.8,13.0,38.7,33.3,23.9,30.9,81.1
2018-04-28,0,21.24403669724771,20.05596330275229,20.563302752293588,76.69082568807337,15.4,18.2,15.6,59.1,28.0,21.8,25.7,92.6
2018-04-29,0,22.00550458715597,19.772477064220187,20.88440366972476,57.28715596330272,12.3,16.6,12.5,34.9,33.6,23.6,29.2,85.5
2018-04-30,0,23.422935779816513,20.59082568807339,22.298165137614678,66.00642201834862,12.5,17.0,12.7,35.7,34.5,25.1,31.7,93.7
2018-05-01,0,21.96146788990826,20.387155963302753,21.135779816513768,71.7,13.4,17.5,13.6,48.0,33.4,23.5,30.3,92.8
2018-05-02,0,23.696330275229357,21.125688073394493,22.697247706422008,68.99357798165133,14.0,18.1,14.2,41.0,33.5,24.6,30.6,93.2
2018-05-03,0,19.8743119266055,19.852293577981648,19.631192660550454,86.24311926605507,15.0,18.5,15.2,69.9,27.1,21.2,26.2,93.9
2018-05-04,0,22.186238532110103,20.65504587155963,21.720183486238536,83.6128440366973,18.9,19.5,18.9,59.2,26.6,21.9,25.1,100.0
2018-05-05,0,20.194495412844034,19.298165137614692,19.226605504587155,59.091743119266084,11.3,16.7,11.5,36.3,29.6,22.9,25.9,90.0
2018-05-06,0,20.123853211009177,18.573394495412842,19.170642201834863,63.104587155963316,9.1,15.2,9.5,37.0,30.1,22.3,28.1,91.8
2018-05-07,0,21.7348623853211,19.79633027522936,20.85045871559633,68.63577981651378,11.6,16.5,11.8,35.6,33.8,24.0,31.0,91.5
2018-05-08,0,17.642201834862387,18.672477064220192,17.56146788990825,96.97064220183486,15.4,18.2,15.5,89.7,20.7,19.4,20.3,100.0
2018-05-09,0,19.572477064220184,19.23944954128441,19.322018348623857,93.7009174311926,17.5,18.6,17.7,83.1,23.2,20.2,22.4,100.0
2018-05-10,0,20.410091743119267,19.17889908256881,19.799999999999986,81.40550458715595,15.0,17.6,15.1,45.6,31.3,22.1,28.4,99.2
2018-05-11,0,19.71467889908257,18.680733944954127,18.79633027522935,59.38623853211008,10.6,15.7,10.8,35.6,29.0,22.3,26.8,85.6
2018-05-12,0,20.3256880733945,18.468807339449548,19.283486238532106,59.976146788990796,8.6,14.6,8.9,27.6,32.2,22.8,28.8,88.8
2018-05-13,0,21.49908256880733,19.31834862385321,20.558715596330266,69.05596330275229,10.7,15.9,11.2,38.0,33.8,23.4,30.9,92.3
2018-05-14,0,18.653211009174317,18.97247706422018,18.52844036697248,93.35871559633031,16.2,18.4,16.3,87.2,20.5,19.4,20.2,99.9
2018-05-15,0,24.91284403669724,21.441284403669727,23.574311926605507,70.94220183486239,17.0,18.5,17.1,42.7,33.1,25.2,29.9,100.0
2018-05-16,0,24.11651376146789,21.651376146788987,23.327522935779818,72.57064220183489,14.6,18.3,14.9,49.5,33.8,26.0,32.6,93.4
2018-05-17,0,24.01743119266056,21.849541284403653,23.015596330275226,77.28807339449544,16.1,19.8,16.7,58.7,31.3,23.8,28.6,92.2
2018-05-30,0,24.22844036697247,22.92018348623855,23.97155963302753,83.78899082568802,19.1,21.4,18.8,63.3,31.0,24.5,29.3,100.0
2018-05-31,0,22.72568807339449,22.827522935779815,22.83669724770643,87.12935779816513,19.7,21.9,19.5,71.0,28.5,24.0,29.1,99.8
2018-06-01,0,20.09449541284403,21.355045871559643,20.20091743119265,89.63577981651379,17.8,20.7,17.7,76.4,24.9,22.0,24.8,99.2
2018-06-02,0,25.831192660550464,22.92477064220183,27.283486238532106,61.226605504587184,15.9,19.5,15.9,30.1,36.4,26.9,40.5,96.3
2018-06-03,0,25.44403669724771,23.233944954128443,26.441284403669723,65.35779816513761,16.5,20.5,16.5,34.6,33.7,26.9,39.3,93.0
2018-06-04,0,26.15963302752294,24.29908256880735,26.82477064220183,66.28807339449541,17.1,21.2,17.0,32.5,33.9,27.9,39.0,97.5
2018-06-05,0,26.79908256880733,24.45871559633028,27.376146788990827,63.12568807339447,17.3,21.6,17.3,33.7,34.9,27.6,39.3,93.3
2018-06-06,0,25.24587155963303,24.11651376146789,25.380733944954127,71.53944954128441,18.0,22.1,18.0,39.7,33.4,26.6,35.9,93.8
2018-06-07,0,21.345871559633032,22.718348623853224,21.442201834862388,91.90366972477068,17.9,21.6,18.0,83.6,26.7,23.5,26.4,100.0
2018-06-08,0,24.840366972477074,23.658715596330282,25.35596330275229,82.49633027522941,20.2,22.2,20.2,46.0,33.1,26.2,37.8,100.0
2018-06-09,0,24.677064220183482,23.97889908256881,25.650458715596336,79.07798165137612,18.6,21.8,18.6,42.1,34.2,26.5,40.5,99.8
2018-06-10,0,27.480733944954128,24.945871559633023,27.5211009174312,78.82935779816516,21.8,23.4,21.6,38.6,36.6,27.5,40.7,100.0
2018-06-11,0,24.322018348623832,23.739449541284422,23.821100917431192,83.93944954128443,19.4,22.6,19.4,64.3,31.0,24.9,29.4,96.3
2018-06-12,0,27.116513761467882,24.216513761467873,26.24403669724771,80.98348623853215,22.1,23.0,21.6,59.0,36.1,26.2,34.7,94.9
2018-06-13,0,28.9788990825688,25.42110091743121,28.467889908256875,70.31651376146786,20.8,23.3,20.8,48.0,36.6,28.0,36.9,95.1
2018-06-14,0,26.139449541284385,23.887155963302757,25.08899082568807,67.45137614678895,18.2,22.1,18.2,47.7,35.5,25.8,33.6,89.1
2018-06-15,0,24.990825688073397,23.282568807339462,24.94220183486238,73.21009174311925,16.7,21.1,17.0,47.0,33.5,25.8,33.5,93.1
2018-06-16,0,23.276146788990825,23.59449541284405,22.968807339449548,88.75321100917431,20.4,23.0,20.6,74.3,28.1,24.4,26.5,96.9
2018-06-17,0,23.362385321100913,22.674311926605505,23.199082568807334,78.05596330275229,17.1,21.3,17.3,54.7,32.5,24.6,30.6,95.9
2018-06-18,0,25.16697247706421,23.27522935779817,25.14311926605505,74.29357798165137,16.1,20.7,16.6,48.8,34.6,26.1,35.1,98.1
2018-06-19,0,22.43027522935781,22.681651376146778,21.936697247706423,87.20458715596331,18.3,21.8,18.6,68.0,31.9,24.2,29.1,95.5
2018-06-20,0,24.655045871559643,23.240366972477066,24.5788990825688,81.82844036697249,18.7,21.7,19.0,54.1,34.9,25.5,35.1,97.6
2018-06-21,0,21.743119266055047,22.755045871559624,21.68807339449541,96.62293577981652,19.7,22.3,19.9,92.2,24.6,23.3,24.0,99.3
2018-06-22,0,24.90917431192661,23.297247706422034,24.39724770642201,86.38715596330276,21.5,21.4,21.2,66.7,30.6,24.5,30.0,100.0
2018-06-23,0,27.09999999999999,23.458715596330272,26.190825688073392,68.32660550458715,16.9,21.1,17.0,44.7,37.2,26.1,34.8,94.0
2018-06-24,0,21.147706422018352,22.35137614678898,21.194495412844034,91.22660550458716,18.4,21.0,18.8,73.7,25.9,24.0,25.7,98.1
2018-06-25,0,25.48532110091743,23.549541284403674,25.750458715596324,79.04220183486238,18.4,20.7,18.6,45.5,34.7,27.4,36.4,100.0
2018-06-26,0,29.058715596330266,25.44495412844036,28.974311926605488,68.53394495412847,19.6,21.8,19.7,41.1,38.2,29.9,39.3,94.6
2018-06-27,0,27.98440366972477,26.28807339449541,28.090825688073405,81.72660550458714,22.0,23.9,22.1,53.8,36.4,29.4,39.0,97.4
2018-06-28,0,28.217431192660552,26.28256880733944,28.290825688073397,83.12935779816516,23.5,24.5,23.6,52.5,35.4,28.4,39.2,97.5
2018-06-29,0,29.43302752293579,27.125688073394514,29.133944954128452,83.9256880733945,24.0,25.5,24.0,58.7,38.9,29.9,38.9,100.0
2018-06-30,0,28.711926605504583,27.2788990825688,28.566055045871547,86.31376146788988,24.6,25.9,24.7,70.0,34.8,29.1,34.5,99.9
2018-07-01,0,29.02844036697248,27.59082568807336,28.940366972477065,87.4697247706422,25.1,26.2,25.2,61.1,36.8,29.8,38.4,100.0
2018-07-02,0,30.217431192660538,28.16788990825688,30.296330275229355,83.8779816513762,24.8,26.4,25.0,62.8,36.9,30.4,37.6,100.0
2018-07-03,0,29.806422018348627,27.78807339449543,29.32568807339449,84.31192660550458,24.1,25.6,24.3,66.2,37.2,29.7,36.3,98.3
2018-07-04,0,29.755963302752296,27.741284403669724,29.32018348623853,84.05137614678898,23.8,25.9,24.0,65.0,37.0,29.6,35.7,99.9
2018-07-05,0,27.372477064220174,27.1550458715596,27.05504587155964,91.56605504587156,25.2,26.6,25.4,82.6,31.2,27.7,29.9,99.5
2018-07-06,0,25.91284403669723,26.066972477064247,25.766055045871568,93.0899082568807,24.4,25.6,24.5,88.0,27.9,26.5,27.4,96.0
2018-07-07,0,26.208256880733927,26.526605504587145,26.33394495412844,92.5926605504587,23.9,25.3,24.2,79.3,30.0,29.4,30.5,100.0
2018-07-08,0,28.010091743119254,26.920183486238532,27.772477064220176,87.50733944954133,24.8,24.8,24.7,62.0,33.3,32.2,34.0,98.8
2018-07-09,0,30.507339449541274,27.357798165137623,29.54128440366972,85.49724770642206,24.9,25.9,25.0,62.6,40.0,29.6,36.6,100.0
2018-07-10,0,30.626605504587157,27.508256880733967,29.362385321100913,82.71743119266056,22.5,25.4,22.9,65.5,40.7,29.9,36.7,97.3
2018-07-11,0,31.562385321100937,27.673394495412847,29.608256880733947,80.8844036697248,22.7,25.8,23.2,63.6,41.4,29.8,36.8,97.2
2018-07-12,0,30.509174311926607,27.68348623853213,29.19724770642202,81.89357798165136,24.0,26.4,24.5,58.7,39.1,29.2,36.7,99.3
2018-07-13,0,31.816513761467892,28.27064220183487,30.163302752293585,82.3376146788991,25.3,26.9,25.5,56.8,42.6,30.2,38.0,99.2
2018-07-14,0,33.0788990825688,28.45321100917429,30.70091743119265,79.87798165137615,24.0,26.6,24.6,60.6,44.0,30.7,38.2,96.2
2018-07-15,0,32.74770642201837,28.707339449541262,30.650458715596343,80.67339449541282,24.0,26.9,24.5,62.5,41.4,30.7,37.3,97.3
2018-07-16,0,33.37064220183485,29.09082568807339,31.153211009174324,81.5275229357798,24.6,27.2,25.0,66.8,42.5,31.2,37.0,97.7
2018-07-17,0,31.82568807339449,29.04403669724772,30.58440366972476,83.33669724770644,25.0,27.6,25.5,64.6,41.8,31.0,37.6,96.8
2018-07-18,0,31.720183486238536,29.300000000000008,30.71467889908256,85.93211009174307,26.4,28.1,26.6,70.5,40.0,31.0,36.6,99.0
2018-07-19,0,33.36788990825688,29.781651376146804,31.772477064220176,83.9623853211009,26.3,28.2,26.6,68.6,41.2,31.6,37.5,99.4
2018-07-20,0,32.27981651376147,29.76146788990824,30.979816513761467,85.4,26.5,28.6,26.9,66.9,41.2,31.2,36.6,98.2
2018-07-21,0,31.086238532110084,29.02844036697249,29.73577981651375,86.31192660550457,25.5,28.0,26.0,69.9,39.7,30.0,34.7,97.0
2018-07-22,0,30.177981651376143,28.3,29.217431192660566,84.49266055045872,25.0,28.3,25.4,64.6,35.1,28.3,32.4,98.8
2018-08-12,0,31.68440366972477,30.60733944954129,31.760550458715603,76.92844036697251,26.5,28.3,26.4,49.9,39.9,34.2,39.4,97.2
2018-08-13,0,30.548623853211012,29.84220183486238,30.48256880733944,83.2183486238532,26.4,28.4,26.3,62.4,37.6,31.8,37.0,97.2
2018-08-14,0,31.72385321100916,30.54036697247707,31.573394495412845,79.64311926605505,26.0,28.0,25.9,57.1,40.9,34.1,39.0,99.1
2018-08-15,0,31.412844036697248,30.71192660550459,31.412844036697248,79.74954128440369,27.1,28.8,27.0,58.6,38.7,33.4,39.0,97.0
2018-08-16,0,27.920183486238518,28.966972477064218,27.94128440366973,88.30550458715595,25.3,27.9,25.4,61.5,37.6,31.0,37.8,98.0
2018-08-17,0,28.883486238532118,28.707339449541298,28.937614678899088,85.21284403669723,25.5,27.4,25.5,63.4,35.7,30.6,36.1,100.0
2018-08-18,0,30.154128440366964,28.17064220183486,30.223853211009178,58.17614678899086,22.2,25.6,22.1,26.7,40.0,31.3,41.9,83.1
2018-08-19,0,27.57064220183487,26.796330275229355,27.696330275229357,61.4587155963303,19.7,24.1,19.7,40.5,37.0,29.4,40.6,81.3
2018-08-20,0,27.489908256880746,26.35963302752294,27.415596330275232,67.28532110091743,19.4,23.9,19.5,33.9,38.3,29.6,39.8,91.8
2018-08-21,0,27.04220183486237,26.21009174311925,26.93577981651376,76.85779816513764,20.7,24.3,20.9,54.6,37.5,28.7,37.6,100.0
2018-08-22,0,31.883486238532125,28.93486238532108,31.64128440366973,81.01192660550463,25.4,26.8,25.5,52.0,41.0,31.7,43.5,100.0
2018-08-23,0,33.55321100917431,29.84770642201834,32.766055045871575,77.53761467889908,26.2,27.9,26.1,46.0,43.8,32.3,43.3,99.7
2018-08-24,0,31.08623853211009,29.33119266055045,30.78532110091744,81.49174311926609,26.6,27.9,26.2,58.8,42.3,31.5,40.4,92.8
2018-08-25,0,29.06880733944955,29.07614678899084,29.13761467889907,89.78715596330281,26.9,28.5,26.9,67.0,35.8,30.1,36.5,100.0
2018-08-26,0,30.395412844036695,28.790825688073387,29.82752293577983,86.16697247706419,26.7,27.9,26.6,67.3,39.0,30.2,36.7,96.0
2018-08-27,1,32.62660550458715,29.309174311926604,31.699999999999992,79.85504587155971,24.2,27.2,24.4,58.5,41.0,31.7,39.6,100.0
2018-08-28,1,32.30275229357799,29.16880733944955,30.922018348623837,79.4110091743119,23.6,27.1,23.8,54.3,41.8,31.2,39.8,99.4
2018-08-29,1,30.71284403669725,28.79541284403671,29.38440366972477,83.57064220183496,23.8,27.2,24.1,62.3,41.5,30.4,37.2,99.1
2018-08-30,1,31.59816513761468,28.952293577981656,30.310091743119283,81.33577981651379,24.6,27.3,24.7,61.6,40.9,30.5,37.9,98.9
2018-08-31,1,30.298165137614678,28.79082568807339,29.251376146789003,87.02935779816514,24.6,27.4,24.8,66.9,38.0,30.1,33.8,100.0
2018-09-01,1,32.645871559633015,29.05504587155964,30.91376146788991,83.22477064220182,24.4,27.2,24.6,55.6,43.1,31.4,39.2,100.0
2018-09-02,1,27.517431192660545,27.622935779816505,26.737614678899075,88.14770642201832,23.8,27.0,24.2,73.9,36.6,28.1,31.1,98.0
2018-09-03,1,29.15596330275228,27.455045871559644,27.82935779816514,85.86972477064218,23.2,26.2,23.6,70.5,41.0,29.3,35.2,97.5
2018-09-04,1,29.963302752293576,27.41926605504588,28.820183486238538,81.991743119266,22.7,25.9,23.2,59.4,42.3,29.6,38.2,96.1
2018-09-05,1,27.260550458715603,27.44770642201837,27.021100917431173,93.42293577981651,24.1,26.7,24.6,81.7,35.6,28.4,32.1,99.0
2018-09-06,1,30.063302752293588,27.781651376146783,29.022018348623842,85.42385321100917,23.9,26.8,24.5,60.4,40.1,29.3,36.1,100.0
2018-09-07,1,27.327522935779818,26.91284403669727,26.92752293577981,85.18165137614686,22.1,25.7,22.6,69.1,35.2,28.0,32.7,97.4
2018-09-08,1,26.906422018348643,26.86697247706421,26.85871559633027,89.30550458715595,22.8,25.9,23.3,80.8,31.9,27.8,30.5,97.5
2018-09-09,1,28.335779816513764,27.379816513761448,28.004587155963307,87.94954128440365,25.8,26.8,25.9,72.5,34.6,28.3,33.1,94.6
2018-09-10,1,29.006422018348626,27.66788990825689,28.85412844036697,86.2660550458716,24.6,26.6,25.0,61.5,37.0,29.4,37.2,99.2
2018-09-11,1,25.32844036697248,26.712844036697245,25.348623853211013,93.40642201834862,22.9,25.9,23.3,84.5,31.9,27.3,29.1,98.3
2018-09-12,1,23.761467889908275,24.685321100917463,23.53944954128441,85.90183486238537,19.6,23.8,20.2,71.0,31.0,25.4,28.6,94.0
2018-09-13,1,22.78073394495414,23.872477064220192,22.597247706422035,81.98256880733943,19.8,23.3,20.4,68.1,30.1,24.4,27.5,93.8
2018-09-14,1,24.381651376146785,23.5697247706422,23.803669724770646,81.17247706422015,19.2,22.3,19.7,58.4,35.8,25.1,32.4,92.1
2018-09-15,1,23.266055045871568,23.852293577981637,23.13211009174313,89.14220183486242,20.4,23.2,20.6,80.7,28.4,24.7,26.9,93.5
2018-09-16,1,23.96605504587155,24.234862385321087,23.80091743119268,93.20550458715596,21.9,23.7,22.2,80.6,28.8,24.9,27.4,100.0
2018-09-17,1,28.78532110091744,25.55229357798163,27.621100917431196,84.09816513761466,22.3,24.0,22.6,65.3,39.3,27.7,35.0,99.8
2018-09-18,1,29.248623853211,26.38440366972475,27.82752293577981,78.0376146788991,23.1,25.2,23.6,54.6,38.5,27.7,34.5,93.0
2018-09-19,1,27.213761467889913,25.18532110091745,26.03761467889908,76.79541284403669,18.9,23.5,19.6,59.9,39.3,27.0,33.2,93.1
2018-09-20,1,26.78715596330276,24.60733944954129,25.46788990825687,74.63486238532111,18.0,22.7,18.7,52.4,37.3,28.7,33.4,91.4
2018-09-21,1,21.55963302752293,21.511926605504566,21.578899082568807,89.20550458715593,20.3,20.4,20.5,82.4,24.4,23.4,24.3,94.8
2018-09-22,1,21.53119266055046,22.754128440366983,21.52385321100918,91.39266055045871,19.1,22.2,19.4,86.2,25.1,23.4,24.0,95.3
2018-09-23,1,26.72568807339449,24.30366972477063,25.736697247706424,84.59266055045867,21.4,23.1,21.6,64.0,36.6,26.2,33.4,98.2
2018-09-24,1,25.546788990825682,24.11743119266056,24.911926605504593,78.76422018348623,19.4,22.8,19.9,59.6,33.6,25.9,32.1,92.9
2018-09-25,1,25.97247706422018,24.92660550458715,25.364220183486246,87.73944954128442,21.2,23.8,21.6,71.8,34.0,26.1,30.5,98.9
2018-09-26,1,22.45871559633028,24.033027522935768,22.49174311926605,92.29724770642204,21.1,23.5,21.3,83.9,25.5,24.7,24.3,98.7
2018-09-27,1,23.297247706422034,23.33211009174311,22.912844036697244,86.52110091743124,20.1,22.6,20.4,71.1,30.0,24.1,27.2,99.7
2018-09-28,1,20.88807339449542,22.094495412844047,20.565137614678907,90.49541284403671,18.0,21.5,18.4,72.8,26.9,22.9,24.7,97.2
2018-09-29,1,22.961467889908267,21.729357798165136,21.942201834862388,77.65779816513765,14.3,19.7,14.8,53.5,34.0,23.9,29.9,96.0
2018-09-30,1,20.049541284403666,21.733027522935767,20.12752293577982,88.60000000000002,18.6,21.5,18.9,84.3,21.8,22.0,21.4,94.4
2018-10-01,1,24.06422018348623,22.47522935779817,23.57431192660552,91.49816513761463,19.6,21.4,19.8,74.8,29.9,24.0,28.3,99.8
2018-10-02,1,27.477064220183486,24.1,27.063302752293588,66.97522935779813,21.6,24.1,21.7,41.5,37.8,24.1,34.5,92.7
2019-01-10,0,19.24954128440368,17.534862385321098,20.22477064220184,88.20733944954127,12.6,13.7,12.6,55.3,34.2,21.6,37.4,100.0
2019-01-11,0,14.52018348623853,16.744036697247715,14.640366972477059,91.99082568807337,12.0,16.2,11.9,76.3,21.1,17.3,22.7,100.0
2019-01-12,0,19.226605504587155,17.365137614678893,20.711009174311926,88.11100917431196,12.7,16.0,12.6,61.6,33.1,20.3,38.7,100.0
2019-01-13,0,15.23577981651376,16.472477064220186,15.244036697247706,96.24128440366974,12.9,12.6,12.7,83.9,22.2,17.4,23.3,100.0
2019-01-14,0,20.03853211009174,17.259633027522934,21.659633027522933,84.62477064220184,11.8,15.7,11.9,53.1,35.1,20.4,39.8,97.9
2019-01-15,0,19.959633027522933,17.722018348623855,21.60091743119267,84.83486238532109,11.8,16.0,11.6,54.4,34.1,20.7,40.5,98.6
2019-01-16,0,16.9,17.486238532110097,17.276146788990825,94.302752293578,12.4,16.5,12.2,77.4,28.1,19.0,30.9,100.0
2019-01-17,0,19.49357798165137,17.332110091743125,21.088073394495407,89.65229357798162,12.9,12.4,12.6,60.4,32.5,19.9,37.6,100.0
2019-01-18,0,18.49449541284404,17.632110091743122,19.422935779816516,88.51284403669723,12.7,16.4,12.4,49.5,32.6,19.8,38.0,100.0
2019-01-19,1,19.19266055045871,17.633027522935766,20.581651376146795,87.31743119266056,12.9,13.9,12.6,56.6,34.3,21.6,37.0,100.0
2019-01-20,1,19.85321100917432,18.20091743119266,21.29633027522936,84.27247706422015,12.7,16.2,12.4,55.6,34.2,22.2,38.5,97.4
2019-01-21,1,15.759633027522936,17.318348623853208,16.018348623853214,92.79357798165137,12.6,16.6,12.4,71.1,26.7,18.7,31.4,100.0
2019-01-22,1,19.043119266055047,17.549541284403674,20.466972477064218,86.31009174311926,12.4,15.0,12.3,50.4,34.1,21.1,38.3,98.0
2019-01-23,1,17.653211009174303,17.575229357798154,18.00275229357798,90.16146788990828,12.6,16.3,12.0,62.3,30.9,19.8,34.8,100.0
2019-01-24,1,20.12385321100917,17.795412844036697,21.27706422018349,84.89633027522933,12.0,15.3,11.9,51.1,38.0,21.9,39.7,100.0
2019-01-25,1,20.25871559633027,18.348623853211013,21.27798165137614,85.46605504587154,12.8,16.5,12.5,43.1,37.8,22.0,37.9,100.0
2019-01-26,1,18.614678899082566,17.827522935779818,19.652293577981656,87.88440366972478,12.6,15.6,12.3,45.6,34.7,20.7,37.4,99.4
2019-01-27,1,18.817431192660546,17.918348623853213,19.994495412844028,87.34862385321102,12.8,16.4,12.6,49.7,33.3,20.6,36.5,99.8
2019-01-28,1,20.09082568807339,17.87981651376146,21.33486238532109,81.87339449541287,12.2,15.9,12.0,45.0,37.9,21.9,39.3,96.3
2019-01-29,1,16.101834862385324,16.935779816513765,16.452293577981663,91.72018348623855,12.4,13.6,12.2,83.0,22.5,18.4,25.8,98.6
2019-01-30,1,19.91926605504587,17.78899082568807,21.53853211009174,85.3155963302752,12.5,15.9,12.4,47.5,36.5,21.6,37.9,99.5
2019-01-31,1,18.11100917431192,17.356880733944955,19.60366972477064,89.0018348623853,11.3,13.8,10.9,50.3,31.4,20.7,35.8,99.1
2019-02-01,1,13.711009174311931,16.444954128440376,13.658715596330286,99.002752293578,11.9,15.9,11.6,90.8,19.7,17.0,21.4,100.0
2019-02-02,1,19.090825688073394,17.08440366972478,20.937614678899077,86.5091743119266,11.7,15.2,11.4,52.2,34.9,21.2,37.4,98.4
2019-02-03,1,19.588073394495414,17.09633027522936,21.311926605504595,86.31192660550455,11.7,10.2,11.4,51.5,33.1,21.1,38.6,99.2
2019-02-04,1,17.977064220183486,17.553211009174312,19.02568807339449,91.96238532110092,11.9,15.9,11.4,66.9,29.1,19.9,34.7,100.0
2019-02-05,1,19.921100917431193,17.982568807339455,21.21284403669725,90.06055045871565,13.0,15.3,12.7,42.6,36.1,21.4,39.8,100.0
2019-02-06,1,19.45779816513762,18.273394495412845,20.57064220183486,87.72568807339451,12.5,16.5,12.1,43.3,33.8,21.3,35.9,100.0
2019-02-07,1,15.384403669724765,16.890825688073384,15.884403669724767,96.94403669724777,11.9,16.0,11.6,70.4,29.6,18.8,36.0,100.0
2019-02-08,1,18.90642201834862,17.316513761467892,20.17339449541285,91.70091743119268,12.0,15.0,11.7,65.1,30.2,20.4,34.3,100.0
2019-02-09,1,16.80825688073395,17.85412844036697,17.04128440366972,94.86513761467891,12.6,16.8,12.3,80.9,22.4,18.9,23.8,100.0
2019-02-10,1,13.707339449541292,16.477981651376158,13.771559633027522,99.2256880733945,11.6,16.0,11.5,93.3,18.5,17.1,19.8,100.0
2019-02-11,1,17.977064220183486,17.01284403669725,19.33211009174312,91.21559633027523,11.7,15.4,11.5,68.0,30.4,19.9,33.3,99.1
2019-02-12,1,14.986238532110093,16.608256880733947,15.122018348623852,95.34128440366972,12.0,15.9,11.7,84.1,21.7,17.8,22.8,100.0
2019-02-13,1,19.26055045871561,16.76146788990826,21.422018348623844,86.12477064220181,11.9,11.3,11.6,51.6,31.4,20.4,38.0,99.4
2019-02-14,1,19.437614678899077,17.644036697247703,20.68715596330275,86.43119266055047,12.3,15.9,11.8,43.7,33.4,21.1,36.7,100.0
2019-02-15,1,17.345871559633032,17.29724770642202,18.20366972477064,91.9688073394495,12.1,14.7,11.7,78.5,24.8,19.3,29.7,99.7
2019-02-16,1,14.32201834862385,16.460550458715588,14.587155963302752,95.3908256880734,11.4,15.7,10.7,79.7,24.9,17.6,30.8,100.0
2019-02-17,1,18.350458715596336,16.69816513761468,19.61651376146789,89.78715596330275,12.2,12.6,11.9,57.2,30.7,19.3,34.2,100.0
2019-02-18,1,20.003669724770642,17.722018348623855,22.09174311926605,84.58807339449541,12.2,15.9,11.9,43.1,33.0,21.2,37.9,99.9
2019-02-19,1,19.3816513761468,17.528440366972475,21.314678899082576,84.03853211009171,12.0,13.1,11.7,48.0,31.9,20.6,39.1,100.0
2019-02-20,1,14.847706422018346,16.88623853211009,14.614678899082564,99.16055045871563,13.2,16.4,12.6,95.7,17.7,17.4,18.3,100.0
2019-02-21,1,19.656880733944963,17.473394495412844,20.793577981651367,90.47339449541279,13.0,15.1,12.7,46.8,33.8,20.1,37.0,100.0
2019-02-22,1,19.97614678899082,18.159633027522933,21.456880733944963,83.83944954128444,13.2,16.6,12.7,48.5,33.1,21.3,38.8,99.8
2019-02-23,1,19.055045871559628,17.889908256880734,20.01651376146788,85.63761467889906,12.5,15.1,12.0,52.4,30.0,20.5,33.5,99.5
2019-02-24,1,20.751376146788992,18.59724770642202,22.265137614678892,85.08256880733946,13.5,16.8,13.0,42.3,34.8,21.4,40.3,100.0
2019-02-25,1,19.891743119266053,18.645871559633036,20.870642201834862,88.12385321100912,13.1,16.9,12.5,58.1,30.3,21.2,33.5,99.7
2019-02-26,1,21.792660550458717,19.340366972477067,22.78440366972477,83.72752293577976,13.7,17.5,12.8,41.3,37.4,21.9,39.9,100.0
2019-02-27,1,22.22660550458716,19.30550458715597,24.25779816513762,80.95229357798169,13.9,16.0,13.2,41.3,33.8,22.4,39.9,100.0
2019-02-28,1,19.569724770642207,19.01651376146789,20.14495412844038,91.05045871559635,13.5,17.5,12.8,63.7,28.8,21.2,33.9,100.0
2019-03-01,1,16.06146788990825,18.394495412844037,15.73669724770642,99.9440366972477,13.9,17.8,13.2,99.0,18.7,19.2,18.7,100.0
2019-03-02,1,21.566055045871558,18.955963302752306,23.71926605504586,81.53211009174312,13.0,17.1,12.4,42.6,34.3,21.8,40.3,100.0
2019-03-03,1,20.260550458715596,18.716513761467887,21.809174311926604,79.90366972477062,13.1,16.3,12.5,42.1,29.3,20.8,35.5,100.0
2019-03-04,1,16.88440366972477,18.555963302752293,17.030275229357795,96.4908256880734,14.4,18.0,14.1,85.0,22.5,19.1,24.0,100.0
2019-03-05,1,17.6697247706422,18.28348623853211,18.21559633027523,94.8256880733945,14.1,17.5,13.7,51.2,30.6,19.7,33.9,100.0
