T20_mean_x,H_mean_x,T60_min_x,H_min_x,T20_max_x,T60_max_x,H_max_x,T20_mean_y,H_mean_y,T60_min_y,H_min_y,T20_max_y,T60_max_y,H_max_y,H_mean_z,T20_min_z,T60_min_z,H_min_z,T20_max_z,ST_max_z,T60_max_z,H_max_z
16.104854368932042,92.12621359223301,9.2,72.0,25.9,23.9,99.0,12.43125,87.45833333333331,6.6,50.0,22.0,20.6,99.0,85.1736111111111,7.7,8.1,52.0,26.3,16.9,22.8,99.0
15.887378640776696,99.0,13.4,99.0,22.0,20.2,99.0,15.334722222222226,94.08333333333331,9.2,72.0,25.9,23.9,99.0,87.45833333333331,6.4,6.6,50.0,22.0,15.8,20.6,99.0
17.95339805825243,92.70873786407768,13.1,74.0,24.9,23.7,99.0,15.674305555555556,99.0,13.4,99.0,22.0,20.2,99.0,94.08333333333331,9.0,9.2,72.0,25.9,17.0,23.9,99.0
16.453398058252425,98.31067961165049,13.2,93.0,21.5,20.2,99.0,17.29583333333333,94.5,13.1,74.0,24.9,23.7,99.0,99.0,13.4,13.4,99.0,22.0,16.7,20.2,99.0
17.905825242718446,89.50485436893204,14.4,63.0,23.5,22.4,99.0,16.39027777777777,98.50694444444444,13.2,93.0,21.5,20.2,99.0,94.5,13.0,13.1,74.0,24.9,18.0,23.7,99.0
14.263106796116505,88.0,12.2,56.0,19.0,17.6,99.0,16.564583333333335,92.02777777777777,12.2,63.0,23.5,22.4,99.0,98.50694444444444,13.1,13.2,93.0,21.5,17.4,20.2,99.0
12.899029126213591,97.89320388349516,9.3,75.0,22.7,20.7,99.0,13.303472222222226,89.50694444444444,10.4,56.0,19.0,17.6,99.0,92.02777777777777,12.3,12.2,63.0,23.5,18.1,22.4,99.0
11.780582524271846,90.2135922330097,6.0,62.0,22.1,20.5,99.0,11.724305555555553,98.20833333333331,7.5,75.0,22.7,20.7,99.0,89.50694444444444,10.3,10.4,56.0,19.0,16.2,17.6,99.0
14.908737864077676,91.63106796116504,10.5,75.0,24.6,22.8,99.0,11.676388888888884,92.59722222222223,6.0,62.0,22.1,20.5,99.0,98.20833333333331,7.6,7.5,75.0,22.7,15.8,20.7,99.0
16.536893203883498,98.51456310679613,13.5,94.0,24.4,22.4,99.0,14.766666666666666,93.65972222222223,10.5,75.0,24.6,22.8,99.0,92.59722222222223,6.0,6.0,62.0,22.1,15.0,20.5,99.0
14.908737864077676,88.15533980582525,12.1,65.0,21.5,19.1,99.0,15.963888888888883,98.65277777777777,13.5,94.0,24.4,22.4,99.0,93.65972222222223,10.3,10.5,75.0,24.6,16.1,22.8,99.0
14.879611650485439,84.96116504854369,11.6,54.0,20.3,18.7,99.0,14.422916666666667,90.56944444444444,12.1,65.0,21.5,19.1,99.0,98.65277777777777,13.6,13.5,94.0,24.4,16.5,22.4,99.0
15.386407766990287,93.35922330097088,12.1,76.0,22.4,20.6,99.0,14.365277777777774,88.22222222222223,11.6,54.0,20.3,18.7,99.0,90.56944444444444,11.8,12.1,65.0,21.5,15.9,19.1,99.0
16.002912621359226,96.3398058252427,12.6,82.0,24.1,22.0,99.0,14.67708333333333,94.96527777777777,12.1,76.0,22.4,20.6,99.0,88.22222222222223,11.5,11.6,54.0,20.3,15.8,18.7,99.0
13.750485436893205,80.40776699029126,11.3,46.0,17.2,16.4,99.0,15.336805555555555,97.09722222222223,12.6,82.0,24.1,22.0,99.0,94.96527777777777,12.0,12.1,76.0,22.4,16.0,20.6,99.0
15.941747572815542,89.58252427184465,11.5,65.0,24.6,22.5,99.0,13.607638888888893,85.3888888888889,11.3,46.0,17.2,16.4,99.0,97.09722222222223,12.7,12.6,82.0,24.1,16.1,22.0,99.0
16.750485436893207,95.07766990291262,12.5,82.0,25.3,23.3,99.0,15.256250000000005,92.26388888888887,11.5,65.0,24.6,22.5,99.0,85.3888888888889,11.1,11.3,46.0,17.2,15.4,16.4,99.0
15.652427184466026,88.12621359223301,12.9,59.0,20.4,19.1,99.0,16.024305555555564,96.19444444444444,12.5,82.0,25.3,23.3,99.0,92.26388888888887,11.7,11.5,65.0,24.6,16.5,22.5,99.0
14.528155339805824,87.84466019417475,11.7,60.0,19.8,18.9,99.0,14.965972222222225,91.22222222222223,12.7,59.0,20.4,19.1,99.0,96.19444444444444,12.5,12.5,82.0,25.3,17.0,23.3,99.0
13.932038834951456,85.55339805825244,11.1,60.0,18.1,16.7,99.0,14.097222222222225,89.22916666666669,11.7,60.0,19.8,18.9,99.0,91.22222222222223,12.7,12.7,59.0,20.4,16.4,19.1,99.0
14.517475728155338,86.7864077669903,11.6,58.0,19.9,18.6,99.0,13.80347222222222,89.0,11.1,60.0,18.1,16.7,99.0,89.22916666666669,11.4,11.7,60.0,19.8,16.0,18.9,99.0
16.219417475728154,92.63106796116504,12.4,74.0,23.6,22.0,99.0,14.197222222222221,89.85416666666669,11.6,58.0,19.9,18.6,99.0,89.0,11.6,11.1,60.0,18.1,15.1,16.7,99.0
13.813592233009706,87.25242718446601,11.0,57.0,20.0,17.9,99.0,15.381944444444445,94.42361111111113,12.4,74.0,23.6,22.0,99.0,89.85416666666669,11.9,11.6,58.0,19.9,15.5,18.6,99.0
13.92718446601942,86.49514563106796,11.0,62.0,18.8,16.8,99.0,13.515277777777774,89.34027777777777,11.0,57.0,20.0,17.9,99.0,94.42361111111113,12.2,12.4,74.0,23.6,15.6,22.0,99.0
14.217475728155337,89.27184466019419,11.1,68.0,20.1,18.2,99.0,13.561111111111117,88.35416666666669,11.0,62.0,18.8,16.8,99.0,89.34027777777777,10.8,11.0,57.0,20.0,15.2,17.9,99.0
13.904854368932039,98.35922330097088,12.2,95.0,16.5,15.6,99.0,13.94375,92.02083333333331,11.1,68.0,20.1,18.2,99.0,88.35416666666669,10.8,11.0,62.0,18.8,14.8,16.8,99.0
14.697087378640775,88.67961165048544,11.9,62.0,21.4,19.4,99.0,13.674305555555561,98.54166666666669,12.2,95.0,16.5,15.6,99.0,92.02083333333331,12.0,11.1,68.0,20.1,14.8,18.2,99.0
12.54466019417475,83.24271844660194,9.7,53.0,15.0,14.2,99.0,14.142361111111107,90.27777777777777,11.4,62.0,21.4,19.4,99.0,98.54166666666669,12.3,12.2,95.0,16.5,14.8,15.6,99.0
13.18349514563107,86.88349514563106,9.7,59.0,16.5,14.6,99.0,12.681944444444444,87.1875,9.7,53.0,15.0,14.2,99.0,90.27777777777777,11.4,11.4,62.0,21.4,15.5,19.4,99.0
13.582524271844662,90.51456310679613,10.4,67.0,18.6,17.1,99.0,12.636805555555556,90.30555555555556,9.5,59.0,16.5,14.6,99.0,87.1875,9.9,9.7,53.0,15.0,14.1,14.2,99.0
15.332038834951456,93.26213592233007,11.6,75.0,22.2,20.7,99.0,13.315277777777775,92.77777777777777,10.4,67.0,18.6,17.1,99.0,90.30555555555556,9.1,9.5,59.0,16.5,13.8,14.6,99.0
15.96796116504854,94.65048543689319,11.8,73.0,23.0,21.8,99.0,14.64097222222222,94.89583333333331,11.6,75.0,22.2,20.7,99.0,92.77777777777777,11.0,10.4,67.0,18.6,13.4,17.1,99.0
15.304854368932036,98.97087378640775,12.5,98.0,19.8,18.7,99.0,15.184027777777768,95.88888888888887,11.8,73.0,23.0,21.8,99.0,94.89583333333331,11.9,11.6,75.0,22.2,15.1,20.7,99.0
16.585436893203884,96.09708737864078,12.3,83.0,23.8,22.4,99.0,14.74375,98.97916666666669,12.5,98.0,19.8,18.7,99.0,95.88888888888887,12.0,11.8,73.0,23.0,15.9,21.8,99.0
14.938834951456313,99.0,12.7,99.0,19.8,18.7,99.0,15.660416666666665,96.92361111111113,12.3,83.0,23.8,22.4,99.0,98.97916666666669,12.4,12.5,98.0,19.8,15.6,18.7,99.0
14.824271844660199,96.73786407766993,12.5,87.0,19.3,17.7,99.0,15.388194444444444,99.0,12.7,99.0,19.8,18.7,99.0,96.92361111111113,12.4,12.3,83.0,23.8,16.4,22.4,99.0
14.344660194174757,90.05825242718447,11.6,63.0,19.2,17.6,99.0,14.38055555555556,97.38194444444444,12.4,87.0,19.3,17.7,99.0,99.0,12.7,12.7,99.0,19.8,15.8,18.7,99.0
15.248543689320387,91.69902912621359,11.6,72.0,21.5,20.0,99.0,13.959722222222226,92.5625,11.6,63.0,19.2,17.6,99.0,97.38194444444444,12.5,12.4,87.0,19.3,15.8,17.7,99.0
16.063106796116507,96.34951456310681,12.0,87.0,23.4,21.6,99.0,14.62013888888889,93.77777777777777,11.6,72.0,21.5,20.0,99.0,92.5625,11.9,11.6,63.0,19.2,15.2,17.6,99.0
15.770873786407762,98.3398058252427,12.5,89.0,23.1,21.7,99.0,15.20347222222222,97.10416666666669,12.0,87.0,23.4,21.6,99.0,93.77777777777777,11.2,11.6,72.0,21.5,15.4,20.0,99.0
16.006796116504855,94.4271844660194,10.5,80.0,26.7,24.5,99.0,15.000694444444445,98.51388888888887,12.1,89.0,23.1,21.7,99.0,97.10416666666669,12.0,12.0,87.0,23.4,16.2,21.6,99.0
17.087378640776702,98.04854368932035,11.8,91.0,28.4,26.8,99.0,15.122222222222225,95.6875,10.5,80.0,26.7,24.5,99.0,98.51388888888887,12.4,12.1,89.0,23.1,16.3,21.7,99.0
16.710679611650487,97.06796116504854,11.0,87.0,28.1,26.3,99.0,15.872222222222225,98.26388888888887,11.8,91.0,28.4,26.8,99.0,95.6875,10.7,10.5,80.0,26.7,16.3,24.5,99.0
17.166019417475727,98.36893203883496,11.4,91.0,28.7,26.8,99.0,15.564583333333335,97.45833333333331,11.0,87.0,28.1,26.3,99.0,98.26388888888887,11.9,11.8,91.0,28.4,16.9,26.8,99.0
17.38834951456311,97.4271844660194,11.5,79.0,29.1,27.1,99.0,15.96388888888889,98.54861111111113,11.4,91.0,28.7,26.8,99.0,97.45833333333331,11.4,11.0,87.0,28.1,16.6,26.3,99.0
17.718446601941753,98.04854368932035,12.2,82.0,29.7,27.7,99.0,16.10833333333333,97.875,11.5,79.0,29.1,27.1,99.0,98.54861111111113,11.7,11.4,91.0,28.7,16.7,26.8,99.0
16.680582524271852,97.07766990291262,12.2,79.0,29.4,27.6,99.0,16.4,98.31944444444444,12.0,82.0,29.7,27.7,99.0,97.875,11.5,11.5,79.0,29.1,16.7,27.1,99.0
16.85242718446602,95.59223300970874,12.4,76.0,26.5,25.2,99.0,15.650000000000002,97.625,12.1,79.0,29.4,27.6,99.0,98.31944444444444,11.8,12.0,82.0,29.7,17.1,27.7,99.0
15.903883495145633,92.01941747572815,11.4,57.0,27.3,23.8,99.0,15.715277777777775,96.40277777777777,11.8,76.0,26.5,25.2,99.0,97.625,11.7,12.1,79.0,29.4,16.8,27.6,99.0
15.078640776699029,95.50485436893204,10.8,89.0,21.1,20.5,99.0,14.895833333333336,92.21527777777777,11.0,57.0,27.3,23.8,99.0,96.40277777777777,11.9,11.8,76.0,26.5,16.9,25.2,99.0
17.470873786407772,96.93203883495146,11.7,87.0,30.7,28.6,99.0,14.47708333333333,96.5,10.8,89.0,21.1,20.5,99.0,92.21527777777777,11.5,11.0,57.0,27.3,16.1,23.8,99.0
13.303883495145636,99.0,12.3,99.0,14.6,14.2,99.0,16.261805555555554,97.52083333333331,11.7,87.0,30.7,28.6,99.0,96.5,11.3,10.8,89.0,21.1,15.7,20.5,99.0
16.000000000000004,96.01941747572815,11.5,81.0,26.0,23.6,99.0,13.254166666666668,99.0,12.1,99.0,14.6,14.2,99.0,97.52083333333331,12.0,11.7,87.0,30.7,16.8,28.6,99.0
17.379611650485433,86.1747572815534,12.5,42.0,26.2,28.9,99.0,16.234027777777776,91.16666666666669,12.3,50.0,25.2,27.6,99.0,98.50694444444444,12.7,12.3,90.0,21.2,16.9,21.0,99.0
18.32524271844661,83.3009708737864,12.5,41.0,27.7,28.0,99.0,16.527083333333326,89.82638888888891,12.5,42.0,26.2,28.9,99.0,91.16666666666669,12.4,12.3,50.0,25.2,18.6,27.6,99.0
19.06310679611651,84.27184466019419,12.5,47.0,28.6,30.2,99.0,17.231944444444448,87.77083333333331,12.5,41.0,27.7,28.0,99.0,89.82638888888891,12.8,12.5,42.0,26.2,18.2,28.9,99.0
17.6126213592233,95.39805825242719,13.2,73.0,26.8,26.2,99.0,17.75138888888889,88.46527777777777,12.5,47.0,28.6,30.2,99.0,87.77083333333331,12.7,12.5,41.0,27.7,19.5,28.0,99.0
16.67281553398058,95.64077669902912,12.8,69.0,28.6,29.2,99.0,16.708333333333332,96.42361111111113,13.2,73.0,26.8,26.2,99.0,88.46527777777777,12.8,12.5,47.0,28.6,20.3,30.2,99.0
18.929126213592237,84.81553398058253,12.9,46.0,27.4,28.9,99.0,16.038194444444443,96.59722222222223,12.8,69.0,28.6,29.2,99.0,96.42361111111113,13.3,13.2,73.0,26.8,19.8,26.2,99.0
17.50679611650485,90.87378640776699,12.8,52.0,29.9,29.4,99.0,17.674305555555566,88.85416666666669,12.9,46.0,27.4,28.9,99.0,96.59722222222223,13.0,12.8,69.0,28.6,18.8,29.2,99.0
17.72135922330097,90.35922330097088,12.9,59.0,27.0,26.0,99.0,16.612500000000004,93.1875,12.8,52.0,29.9,29.4,99.0,88.85416666666669,13.0,12.9,46.0,27.4,20.5,28.9,99.0
18.457281553398055,84.38834951456309,12.5,47.0,29.9,29.2,99.0,16.74097222222221,92.79861111111113,12.9,59.0,27.0,26.0,99.0,93.1875,12.9,12.8,52.0,29.9,19.8,29.4,99.0
19.14368932038835,83.94174757281553,12.6,40.0,30.4,30.5,99.0,17.26597222222223,88.54861111111109,12.5,47.0,29.9,29.2,99.0,92.79861111111113,12.9,12.9,59.0,27.0,19.9,26.0,99.0
19.06407766990292,85.60194174757281,12.6,45.0,30.1,30.2,99.0,17.818055555555556,88.22222222222223,12.6,40.0,30.4,30.5,99.0,88.54861111111109,12.6,12.5,47.0,29.9,20.0,29.2,99.0
18.57378640776698,91.92233009708738,12.9,54.0,28.4,29.0,99.0,17.756250000000012,89.41666666666669,12.6,45.0,30.1,30.2,99.0,88.22222222222223,12.7,12.6,40.0,30.4,20.6,30.5,99.0
19.904854368932046,84.75728155339806,13.1,42.0,29.8,30.1,99.0,17.50347222222222,93.9375,12.9,54.0,28.4,29.0,99.0,89.41666666666669,12.7,12.6,45.0,30.1,20.7,30.2,99.0
18.87087378640777,91.5242718446602,12.7,61.0,29.3,28.8,99.0,18.481250000000006,88.8125,13.1,42.0,29.8,30.1,99.0,93.9375,12.7,12.9,54.0,28.4,20.1,29.0,99.0
16.586407766990302,96.3883495145631,13.4,70.0,26.7,26.5,99.0,17.694444444444454,93.65277777777777,12.7,61.0,29.3,28.8,99.0,88.8125,13.0,13.1,42.0,29.8,20.7,30.1,99.0
19.3368932038835,87.40776699029126,12.8,47.0,29.8,28.6,99.0,15.992361111111116,97.13194444444444,13.4,70.0,26.7,26.5,99.0,93.65277777777777,12.7,12.7,61.0,29.3,20.6,28.8,99.0
18.18446601941747,88.58252427184465,12.8,52.0,27.2,30.1,99.0,17.991666666666656,90.70833333333331,12.8,47.0,29.8,28.6,99.0,97.13194444444444,13.2,13.4,70.0,26.7,19.3,26.5,99.0
18.872815533980585,84.63106796116504,12.6,43.0,29.4,31.5,99.0,17.10138888888888,91.54861111111113,12.8,52.0,27.2,30.1,99.0,90.70833333333331,12.8,12.8,47.0,29.8,20.7,28.6,99.0
19.372815533980575,84.4368932038835,12.9,33.0,29.9,31.5,99.0,17.61180555555556,88.72222222222223,12.6,43.0,29.4,31.5,99.0,91.54861111111113,12.5,12.8,52.0,27.2,19.7,30.1,99.0
19.86893203883495,82.66990291262134,12.7,36.0,30.3,31.2,99.0,17.920833333333327,88.45833333333331,12.9,33.0,29.9,31.5,99.0,88.72222222222223,12.7,12.6,43.0,29.4,20.5,31.5,99.0
14.189320388349508,99.0,13.0,99.0,16.1,14.8,99.0,18.49097222222222,87.3125,12.7,36.0,30.3,31.2,99.0,88.45833333333331,12.9,12.9,33.0,29.9,20.9,31.5,99.0
18.133980582524266,90.00970873786406,13.1,50.0,29.5,28.9,99.0,14.202777777777774,99.0,13.0,99.0,16.1,14.8,99.0,87.3125,12.8,12.7,36.0,30.3,20.5,31.2,99.0
18.818446601941744,87.16504854368931,12.8,43.0,29.2,30.2,99.0,17.076388888888882,92.56944444444444,13.1,50.0,29.5,28.9,99.0,99.0,13.0,13.0,99.0,16.1,18.2,14.8,99.0
19.257281553398066,86.54368932038834,12.8,45.0,29.2,30.6,99.0,17.461111111111116,90.53472222222223,12.8,43.0,29.2,30.2,99.0,92.56944444444444,13.1,13.1,50.0,29.5,19.1,28.9,99.0
15.742718446601947,98.95145631067965,13.3,98.0,20.2,20.0,99.0,17.848611111111122,90.09027777777777,12.8,45.0,29.2,30.6,99.0,90.53472222222223,12.8,12.8,43.0,29.2,19.3,30.2,99.0
18.701941747572807,83.55339805825244,13.1,40.0,29.7,29.9,99.0,15.278472222222225,98.96527777777777,13.1,98.0,20.2,20.0,99.0,90.09027777777777,12.7,12.8,45.0,29.2,19.8,30.6,99.0
18.03106796116505,87.93203883495146,13.1,43.0,29.4,28.4,99.0,17.434027777777786,87.42361111111109,13.1,40.0,29.7,29.9,99.0,98.96527777777777,12.8,13.1,98.0,20.2,18.1,20.0,99.0
19.31553398058252,82.39805825242719,13.0,46.0,29.7,29.7,99.0,16.92777777777778,90.85416666666669,13.1,43.0,29.4,28.4,99.0,87.42361111111109,12.8,13.1,40.0,29.7,20.7,29.9,99.0
19.821359223300977,81.26213592233009,13.2,37.0,29.9,31.2,99.0,17.954166666666673,86.27083333333331,13.0,46.0,29.7,29.7,99.0,90.85416666666669,12.6,13.1,43.0,29.4,20.1,28.4,99.0
19.893203883495158,81.75728155339806,13.3,34.0,30.2,31.5,99.0,18.337500000000006,85.15972222222223,13.2,37.0,29.9,31.2,99.0,86.27083333333331,12.6,13.0,46.0,29.7,21.2,29.7,99.0
20.181553398058245,78.76699029126212,13.3,33.0,30.7,32.7,99.0,18.425000000000008,85.45833333333333,13.3,34.0,30.2,31.5,99.0,85.15972222222223,12.7,13.2,37.0,29.9,21.5,31.2,99.0
20.653398058252424,81.02912621359224,13.5,37.0,31.0,33.0,99.0,18.70972222222222,83.0486111111111,13.3,33.0,30.7,32.7,99.0,85.45833333333333,12.8,13.3,34.0,30.2,21.3,31.5,99.0
15.418446601941747,98.0,13.7,92.0,21.0,20.2,99.0,19.048611111111114,85.7986111111111,13.5,37.0,31.0,33.0,99.0,83.0486111111111,12.8,13.3,33.0,30.7,22.1,32.7,99.0
19.975728155339805,84.0,13.5,41.0,29.7,30.4,99.0,14.975,98.28472222222223,13.7,92.0,21.0,20.2,99.0,85.7986111111111,12.9,13.5,37.0,31.0,21.4,33.0,99.0
20.361165048543693,80.07766990291263,13.6,34.0,30.4,30.2,99.0,18.620138888888885,87.83333333333331,13.5,41.0,29.7,30.4,99.0,98.28472222222223,13.3,13.7,92.0,21.0,18.4,20.2,99.0
18.030097087378646,95.14563106796116,13.8,79.0,26.0,24.5,99.0,18.871527777777786,83.93055555555556,13.6,34.0,30.4,30.2,99.0,87.83333333333331,13.1,13.5,41.0,29.7,21.4,30.4,99.0
19.76699029126214,81.11650485436894,13.5,36.0,30.2,28.4,99.0,17.034027777777773,96.22916666666669,13.8,79.0,26.0,24.5,99.0,83.93055555555556,13.1,13.6,34.0,30.4,21.9,30.2,99.0
19.566019417475733,86.83495145631069,13.4,45.0,28.9,27.3,99.0,18.34444444444445,84.2361111111111,13.5,36.0,30.2,28.4,99.0,96.22916666666669,13.3,13.8,79.0,26.0,20.0,24.5,99.0
17.13009708737864,98.67961165048544,14.2,96.0,23.3,21.6,99.0,18.409722222222214,90.02777777777777,13.4,45.0,28.9,27.3,99.0,84.2361111111111,12.9,13.5,36.0,30.2,21.5,28.4,99.0
20.554368932038827,80.01941747572816,13.6,35.0,30.5,28.5,99.0,16.48472222222222,98.77083333333331,13.8,96.0,23.3,21.6,99.0,90.02777777777777,12.8,13.4,45.0,28.9,20.8,27.3,99.0
21.024271844660195,81.29126213592231,13.6,41.0,32.8,29.0,99.0,18.980555555555547,83.75,13.6,35.0,30.5,28.5,99.0,98.77083333333331,13.4,13.8,96.0,23.3,19.2,21.6,99.0
20.592233009708746,81.35922330097088,13.7,38.0,30.6,28.9,99.0,19.447222222222205,84.97916666666667,13.6,41.0,32.8,29.0,99.0,83.75,13.0,13.6,35.0,30.5,21.7,28.5,99.0
21.43689320388349,78.88349514563106,13.7,38.0,32.9,32.1,99.0,19.102083333333344,85.0625,13.7,38.0,30.6,28.9,99.0,84.97916666666667,12.9,13.6,41.0,32.8,21.8,29.0,99.0
20.74271844660194,80.66990291262134,14.0,44.0,33.2,29.4,99.0,19.928472222222226,82.875,13.7,38.0,32.9,32.1,99.0,85.0625,13.0,13.7,38.0,30.6,21.9,28.9,99.0
19.981553398058267,86.28155339805824,13.9,61.0,31.1,28.2,98.0,19.190972222222214,83.69444444444444,14.0,44.0,33.2,29.4,99.0,82.875,13.1,13.7,38.0,32.9,22.7,32.1,99.0
15.59417475728156,97.10679611650484,13.7,89.0,24.0,21.6,99.0,18.595138888888897,89.09027777777777,13.9,61.0,31.1,28.2,98.0,83.69444444444444,13.4,14.0,44.0,33.2,22.4,29.4,99.0
21.02912621359223,75.58252427184465,13.7,30.0,31.9,30.9,99.0,15.34583333333334,97.5625,13.7,89.0,24.0,21.6,99.0,89.09027777777777,12.9,13.9,61.0,31.1,22.1,28.2,98.0
21.173786407766983,76.38834951456309,13.8,35.0,32.2,30.1,99.0,19.39305555555556,80.375,13.7,30.0,31.9,30.9,99.0,97.5625,13.4,13.7,89.0,24.0,18.9,21.6,99.0
20.60776699029126,84.22330097087378,13.7,47.0,32.4,30.7,99.0,19.634722222222226,82.5763888888889,13.8,35.0,32.2,30.1,99.0,80.375,13.2,13.7,30.0,31.9,22.0,30.9,99.0
15.947572815533984,97.87378640776699,13.9,92.0,21.7,20.4,99.0,19.338888888888878,87.95138888888891,13.7,47.0,32.4,30.7,99.0,82.5763888888889,13.0,13.8,35.0,32.2,22.5,30.1,99.0
19.429126213592237,82.5631067961165,13.7,40.0,30.3,26.9,99.0,15.529166666666672,98.07638888888887,13.9,92.0,21.7,20.4,99.0,87.95138888888891,13.0,13.7,47.0,32.4,22.1,30.7,99.0
19.47766990291262,80.60194174757281,13.5,30.0,31.4,28.6,99.0,18.074305555555547,85.3263888888889,13.7,40.0,30.3,26.9,99.0,98.07638888888887,13.3,13.9,92.0,21.7,19.3,20.4,99.0
21.155339805825246,77.25242718446601,13.5,41.0,35.8,31.9,97.0,18.05347222222222,84.29166666666667,13.5,30.0,31.4,28.6,99.0,85.3263888888889,13.1,13.7,40.0,30.3,20.7,26.9,99.0
23.11941747572815,72.98058252427184,13.0,44.0,32.8,33.5,100.0,18.21111111111111,88.15972222222223,14.9,76.0,21.2,21.6,100.0,67.52777777777777,14.4,13.8,35.0,31.4,30.7,33.0,100.0
22.352427184466013,72.24271844660194,18.2,49.0,31.5,31.6,90.0,22.284027777777773,74.43055555555556,13.0,44.0,32.8,33.5,100.0,88.15972222222223,16.3,14.9,76.0,21.2,21.1,21.6,100.0
21.178640776699034,52.40776699029127,14.3,32.0,29.4,30.5,84.0,21.57638888888889,74.94444444444444,16.7,49.0,31.5,31.6,100.0,74.43055555555556,14.3,13.0,44.0,32.8,29.5,33.5,100.0
20.536893203883487,68.03883495145631,12.9,41.0,27.7,52.5,99.0,20.143055555555566,57.90277777777778,14.3,32.0,29.4,30.5,84.0,74.94444444444444,16.9,16.7,49.0,31.5,27.1,31.6,100.0
23.66407766990293,64.15533980582525,13.9,22.0,32.6,34.2,100.0,19.873611111111103,72.49305555555556,12.9,41.0,27.7,52.5,99.0,57.90277777777778,14.7,14.3,32.0,29.4,26.5,30.5,84.0
24.19417475728155,66.41747572815535,14.2,22.0,33.4,36.3,100.0,22.336111111111126,69.43055555555556,13.9,22.0,32.6,34.2,100.0,72.49305555555556,13.4,12.9,41.0,27.7,25.3,52.5,99.0
25.12621359223301,60.300970873786405,14.4,26.0,34.0,37.2,97.0,22.87986111111111,72.97916666666667,14.2,22.0,33.4,36.3,100.0,69.43055555555556,14.6,13.9,22.0,32.6,32.1,34.2,100.0
26.308737864077678,58.51456310679613,16.0,26.0,36.4,37.8,91.0,23.988194444444453,63.32638888888889,14.4,26.0,34.0,37.2,97.0,72.97916666666667,14.9,14.2,22.0,33.4,33.3,36.3,100.0
25.35533980582525,64.41747572815535,16.7,34.0,32.1,34.9,95.0,24.97361111111111,64.52083333333333,16.0,26.0,36.4,37.8,93.0,63.32638888888889,14.7,14.4,26.0,34.0,33.1,37.2,97.0
25.532038834951443,56.29126213592232,16.3,30.0,33.0,36.1,95.0,24.09652777777779,68.34722222222223,16.7,34.0,32.1,34.9,95.0,64.52083333333333,16.2,16.0,26.0,36.4,33.1,37.8,93.0
24.676699029126212,68.01941747572816,10.7,40.0,32.4,33.3,100.0,24.29791666666666,68.3125,4.5,30.0,33.0,36.1,100.0,68.34722222222223,17.1,16.7,34.0,32.1,33.0,34.9,95.0
21.97475728155339,81.32038834951456,19.5,61.0,27.8,28.7,94.0,23.86458333333332,70.6388888888889,10.7,40.0,32.4,33.3,100.0,68.3125,16.7,4.5,30.0,33.0,33.8,36.1,100.0
22.85533980582525,82.0873786407767,18.0,54.0,30.4,31.1,100.0,21.597222222222207,84.31944444444444,19.5,61.0,27.8,28.7,97.0,70.6388888888889,17.8,10.7,40.0,32.4,32.2,33.3,100.0
24.55533980582525,49.70873786407768,15.0,26.0,33.5,33.8,91.0,21.96319444444445,84.9236111111111,16.5,54.0,30.4,31.1,100.0,84.31944444444444,19.7,19.5,61.0,27.8,25.4,28.7,97.0
24.8,53.058252427184456,13.4,26.0,34.5,36.2,100.0,23.09375000000001,51.09027777777778,15.0,26.0,33.5,33.8,91.0,84.9236111111111,16.6,16.5,54.0,30.4,29.2,31.1,100.0
24.825242718446606,60.902912621359214,14.3,31.0,33.5,35.9,97.0,23.55624999999999,56.40277777777778,13.4,26.0,34.5,36.2,100.0,51.09027777777778,15.2,15.0,26.0,33.5,28.5,33.8,91.0
26.06699029126214,59.300970873786405,16.0,31.0,34.8,36.6,98.0,23.68194444444445,64.0138888888889,14.3,31.0,33.5,35.9,97.0,56.40277777777778,13.5,13.4,26.0,34.5,29.0,36.2,100.0
25.600970873786412,70.8252427184466,20.4,49.0,32.3,33.8,94.0,25.12500000000001,65.4861111111111,16.0,31.0,34.8,36.6,98.0,64.0138888888889,14.7,14.3,31.0,33.5,29.6,35.9,97.0
25.71456310679612,77.0873786407767,6.0,40.0,34.7,36.1,100.0,24.706250000000008,78.7062937062937,2.4,49.0,32.3,33.8,100.0,65.4861111111111,16.2,16.0,31.0,34.8,30.1,36.6,98.0
23.903883495145624,62.65048543689321,14.5,24.0,32.4,35.5,100.0,24.65694444444444,78.3888888888889,6.0,40.0,34.7,36.1,100.0,78.7062937062937,20.9,2.4,49.0,32.3,27.4,33.8,100.0
23.547572815533986,47.883495145631066,14.0,27.0,32.1,34.6,92.0,22.395833333333336,59.71527777777778,14.5,24.0,32.4,35.5,100.0,78.3888888888889,19.7,6.0,40.0,34.7,28.2,36.1,100.0
25.036893203883505,40.23300970873787,14.6,20.0,34.9,36.8,64.0,22.52083333333333,47.64583333333334,14.0,27.0,32.1,34.6,92.0,59.71527777777778,15.9,14.5,24.0,32.4,27.8,35.5,100.0
23.91067961165048,50.79611650485437,11.6,24.0,33.3,36.1,90.0,23.64236111111112,44.875,14.6,20.0,34.9,36.8,82.0,47.64583333333334,14.3,14.0,27.0,32.1,26.4,34.6,92.0
24.5980582524272,64.4271844660194,14.7,32.0,35.4,37.6,100.0,22.88125,57.71527777777778,11.6,24.0,33.3,36.1,92.0,44.875,14.9,14.6,20.0,34.9,28.9,36.8,82.0
22.375728155339804,79.85436893203884,16.6,48.0,30.0,31.9,100.0,23.44166666666668,68.46527777777777,14.7,32.0,35.4,37.6,100.0,57.71527777777778,11.9,11.6,24.0,33.3,26.9,36.1,92.0
20.342718446601936,89.84466019417475,16.6,67.0,27.1,27.6,100.0,21.35763888888888,83.5,16.6,48.0,30.0,31.9,100.0,68.46527777777777,15.6,14.7,32.0,35.4,26.6,37.6,100.0
25.52621359223301,66.72815533980582,15.0,39.0,35.4,36.3,100.0,20.53402777777777,88.54861111111109,16.6,65.0,27.1,27.6,100.0,83.5,17.6,16.6,48.0,30.0,24.3,31.9,100.0
27.342718446601943,68.54368932038835,15.0,30.0,38.4,40.2,100.0,24.20138888888889,71.40972222222223,15.0,39.0,35.4,36.3,100.0,88.54861111111109,17.3,16.6,65.0,27.1,23.6,27.6,100.0
24.35533980582524,53.39805825242718,18.3,28.0,33.5,33.7,75.0,26.428472222222233,64.3263888888889,15.0,30.0,38.4,40.2,100.0,71.40972222222223,15.5,15.0,39.0,35.4,27.1,36.3,100.0
25.738834951456308,39.89320388349515,16.2,19.0,36.2,39.0,58.0,23.33125,55.25,18.1,28.0,33.5,33.7,75.0,64.3263888888889,15.6,15.0,30.0,38.4,29.0,40.2,100.0
24.377669902912626,59.18446601941748,13.9,33.0,33.2,33.8,90.0,24.14583333333333,45.069444444444436,16.2,19.0,36.2,39.0,69.0,55.25,18.4,18.1,28.0,33.5,25.2,33.7,75.0
25.111650485436893,67.5728155339806,15.2,29.0,34.2,33.7,100.0,23.19583333333333,66.20833333333333,13.9,33.0,33.2,33.8,100.0,45.069444444444436,16.4,16.2,19.0,36.2,29.2,39.0,69.0
25.926213592233008,65.05825242718447,15.0,29.0,36.6,37.9,100.0,23.62638888888889,72.94444444444444,15.2,29.0,34.2,33.7,100.0,66.20833333333333,13.9,13.9,33.0,33.2,26.1,33.8,100.0
27.383495145631073,64.6116504854369,15.6,31.0,37.4,36.3,100.0,24.63194444444445,67.6388888888889,15.0,29.0,36.6,37.9,100.0,72.94444444444444,15.8,15.2,29.0,34.2,31.1,33.7,100.0
26.32718446601941,58.54368932038835,15.9,37.0,35.8,35.6,87.0,25.824305555555558,63.25,15.6,31.0,37.4,36.3,100.0,67.6388888888889,15.4,15.0,29.0,36.6,29.2,37.9,100.0
22.563106796116514,81.77669902912622,17.9,70.0,27.3,25.8,99.0,25.15208333333333,62.423611111111114,15.9,37.0,35.8,35.6,87.0,63.25,15.9,15.6,31.0,37.4,28.8,36.3,100.0
27.7368932038835,66.67961165048544,17.4,41.0,36.7,36.9,97.0,21.9763888888889,83.35416666666667,17.9,70.0,27.3,25.8,99.0,62.423611111111114,16.3,15.9,37.0,35.8,28.2,35.6,87.0
26.994174757281552,73.47572815533981,16.3,44.0,39.4,39.1,100.0,26.422916666666666,69.35416666666667,17.4,41.0,36.7,36.9,97.0,83.35416666666667,18.5,17.9,70.0,27.3,24.2,25.8,99.0
22.62621359223301,91.1747572815534,18.0,75.0,30.8,30.1,100.0,26.04652777777777,76.5763888888889,16.3,44.0,39.4,39.1,100.0,69.35416666666667,17.8,17.4,41.0,36.7,28.7,36.9,97.0
25.318446601941762,67.55339805825243,19.6,50.0,34.5,31.9,77.0,22.64027777777777,90.35416666666669,18.0,75.0,30.8,30.1,100.0,76.5763888888889,16.8,16.3,44.0,39.4,29.7,39.1,100.0
27.877669902912626,70.62135922330097,18.0,46.0,37.9,38.0,100.0,24.371527777777786,72.85416666666667,19.6,50.0,34.5,31.9,97.0,90.35416666666669,18.3,18.0,75.0,30.8,25.4,30.1,100.0
26.958252427184448,74.33009708737866,19.2,46.0,37.0,35.6,100.0,26.41875000000001,74.125,18.0,46.0,37.9,38.0,100.0,72.85416666666667,19.7,19.6,50.0,34.5,26.6,31.9,97.0
23.78543689320387,87.74757281553399,20.3,73.0,28.9,27.8,95.0,26.004166666666652,76.65277777777777,19.2,46.0,37.0,35.6,100.0,74.125,18.1,18.0,46.0,37.9,29.7,38.0,100.0
25.928155339805823,80.68932038834951,21.1,56.0,31.4,29.9,100.0,23.47499999999999,88.68055555555556,20.3,73.0,28.9,27.8,95.0,76.65277777777777,19.7,19.2,46.0,37.0,28.8,35.6,100.0
26.058252427184467,79.85436893203884,19.1,52.0,35.0,32.7,100.0,25.08055555555555,79.80555555555556,21.1,56.0,31.4,29.9,100.0,88.68055555555556,20.6,20.3,73.0,28.9,25.3,27.8,95.0
25.244660194174752,88.10679611650484,22.0,62.0,31.9,30.7,99.0,25.191666666666684,82.88194444444444,19.1,52.0,35.0,32.7,100.0,79.80555555555556,21.1,21.1,56.0,31.4,26.4,29.9,100.0
25.49029126213593,87.58252427184465,22.0,62.0,30.8,29.4,100.0,24.781944444444427,87.77083333333331,22.0,62.0,31.9,30.7,99.0,82.88194444444444,20.7,19.1,52.0,35.0,27.4,32.7,100.0
24.89999999999999,90.5631067961165,21.8,74.0,31.4,29.4,99.0,24.82083333333334,87.29861111111109,21.6,62.0,30.8,29.4,100.0,87.77083333333331,21.5,22.0,62.0,31.9,27.3,30.7,99.0
29.914563106796106,77.96116504854369,23.4,46.0,39.6,39.2,100.0,24.758333333333336,90.85416666666669,21.8,72.0,31.4,29.4,100.0,87.29861111111109,21.0,21.6,62.0,30.8,26.5,29.4,100.0
31.033009708737865,75.50485436893204,23.5,51.0,39.9,40.0,100.0,28.810416666666665,80.625,23.4,46.0,39.6,39.2,100.0,90.85416666666669,21.3,21.8,72.0,31.4,26.7,29.4,100.0
31.872815533980603,70.51456310679612,24.4,46.0,39.8,39.7,98.0,29.980555555555554,77.15972222222223,23.5,51.0,39.9,40.0,100.0,80.625,22.4,23.4,46.0,39.6,30.5,39.2,100.0
30.408737864077672,80.61165048543691,25.9,62.0,38.1,35.9,99.0,31.121527777777786,70.1111111111111,24.4,46.0,39.8,39.7,98.0,77.15972222222223,22.9,23.5,51.0,39.9,32.6,40.0,100.0
28.334951456310677,78.24271844660194,23.8,53.0,37.4,36.0,96.0,29.020138888888887,83.63194444444444,25.0,62.0,38.1,35.9,99.0,70.1111111111111,24.1,24.4,46.0,39.8,36.3,39.7,98.0
30.141747572815532,73.77669902912622,24.0,45.0,41.8,36.3,94.0,27.596527777777794,88.11111111111109,24.7,75.0,37.4,35.1,100.0,80.3888888888889,24.8,25.8,64.0,38.1,31.7,35.0,97.0
31.677669902912626,74.74757281553399,24.7,51.0,41.7,36.7,100.0,29.431249999999995,73.47916666666667,24.0,45.0,41.8,36.3,94.0,88.11111111111109,24.3,24.7,75.0,37.4,29.4,35.1,100.0
30.623300970873785,80.1747572815534,26.3,58.0,40.7,36.1,100.0,30.57986111111111,76.4236111111111,24.7,51.0,41.7,36.7,100.0,73.47916666666667,23.4,24.0,45.0,41.8,30.1,36.3,94.0
33.31067961165048,79.40776699029126,26.1,54.0,45.1,38.1,100.0,29.77916666666665,83.52083333333333,26.3,58.0,40.7,36.1,100.0,76.4236111111111,24.0,24.7,51.0,41.7,30.7,36.7,100.0
28.63398058252428,89.06796116504854,27.4,78.0,35.5,31.8,100.0,31.98611111111109,85.27083333333333,26.1,54.0,45.1,38.1,100.0,83.52083333333333,25.4,26.3,58.0,40.7,30.5,36.1,100.0
30.39611650485437,80.80582524271844,26.3,56.0,40.2,34.9,100.0,28.140277777777786,91.46527777777777,27.4,78.0,35.5,31.8,100.0,85.27083333333333,25.1,26.1,54.0,45.1,32.4,38.1,100.0
32.37087378640776,69.33980582524272,25.2,47.0,42.6,37.3,100.0,29.73263888888889,76.93055555555556,26.2,56.0,40.2,34.9,100.0,91.46527777777777,26.4,27.4,78.0,35.5,29.3,31.8,100.0
32.583495145631076,74.61165048543691,25.0,51.0,42.7,37.8,100.0,31.22430555555555,68.38194444444444,25.2,47.0,42.6,37.3,100.0,76.93055555555556,24.8,26.2,56.0,40.2,30.3,34.9,100.0
30.869902912621363,83.54368932038834,26.9,62.0,40.3,35.6,100.0,31.45138888888891,76.55555555555556,25.0,51.0,42.7,37.8,100.0,68.38194444444444,24.6,25.2,47.0,42.6,31.0,37.3,100.0
29.384466019417466,83.99029126213594,25.6,63.0,36.2,34.0,98.0,29.520138888888873,84.96527777777777,26.4,62.0,40.3,35.6,100.0,76.55555555555556,24.0,25.0,51.0,42.7,32.0,37.8,100.0
30.32330097087378,80.74757281553399,23.8,61.0,39.8,35.3,100.0,28.684027777777768,84.16666666666667,25.6,63.0,36.2,34.0,98.0,84.96527777777777,25.3,26.4,62.0,40.3,31.0,35.6,100.0
29.27572815533984,78.32038834951456,24.8,61.0,37.2,33.9,93.0,29.27430555555555,80.97222222222223,23.8,61.0,39.8,35.3,100.0,84.16666666666667,24.4,25.6,63.0,36.2,30.5,34.0,98.0
27.64660194174758,83.77669902912622,24.9,67.0,34.3,30.9,92.0,28.574305555555572,79.1736111111111,24.8,61.0,37.2,33.9,93.0,80.97222222222223,22.7,23.8,61.0,39.8,30.4,35.3,100.0
27.81844660194173,90.09708737864078,24.6,64.0,37.4,35.1,100.0,27.0590277777778,85.54166666666667,24.9,67.0,34.3,30.9,92.0,79.1736111111111,23.7,24.8,61.0,37.2,29.7,33.9,93.0
30.12815533980584,78.89320388349516,25.6,58.0,39.8,34.9,94.0,27.38819444444445,88.09027777777777,24.6,64.0,37.4,35.1,100.0,85.54166666666667,24.1,24.9,67.0,34.3,28.5,30.9,92.0
29.032038834951468,91.3883495145631,25.7,78.0,38.3,35.8,100.0,29.29722222222223,79.8888888888889,25.6,58.0,39.8,34.9,94.0,88.09027777777777,23.8,24.6,64.0,37.4,28.7,35.1,100.0
31.443689320388327,77.3009708737864,25.0,56.0,42.2,36.0,96.0,28.43541666666667,90.61805555555556,25.7,78.0,38.3,35.8,100.0,79.8888888888889,24.6,25.6,58.0,39.8,30.5,34.9,94.0
30.39417475728155,83.48543689320388,24.6,62.0,38.0,38.2,100.0,30.35347222222222,78.94444444444444,25.0,56.0,42.2,36.0,96.0,90.61805555555556,24.7,25.7,78.0,38.3,29.6,35.8,100.0
30.722330097087365,78.64077669902912,25.5,58.0,41.4,35.5,93.0,29.46597222222221,83.64583333333333,24.6,62.0,38.0,38.2,100.0,78.94444444444444,24.1,25.0,56.0,42.2,31.3,36.0,96.0
30.479611650485445,82.02912621359224,26.0,64.0,42.3,36.1,94.0,29.731249999999992,80.84722222222223,25.5,58.0,41.4,35.5,93.0,83.64583333333333,23.7,24.6,62.0,38.0,30.8,38.2,100.0
30.458252427184462,82.0,24.9,51.0,39.8,35.8,100.0,29.486805555555573,81.8263888888889,25.2,64.0,42.3,36.1,94.0,80.84722222222223,24.5,25.5,58.0,41.4,31.1,35.5,93.0
32.52815533980581,77.66019417475728,26.5,56.0,39.9,36.5,100.0,29.8125,80.74305555555556,24.9,51.0,39.8,35.8,100.0,81.8263888888889,24.4,25.2,64.0,42.3,31.0,36.1,94.0
31.71359223300971,81.48543689320388,26.1,57.0,38.4,36.0,100.0,31.42916666666667,78.41666666666667,26.5,56.0,39.9,36.5,100.0,80.74305555555556,24.0,24.9,51.0,39.8,30.6,35.8,100.0
30.422330097087393,70.75728155339806,25.1,40.0,38.5,35.7,95.0,30.96875,80.4513888888889,26.1,57.0,38.4,36.0,100.0,78.41666666666667,25.9,26.5,56.0,39.9,32.0,36.5,100.0
28.962135922330088,75.85436893203884,22.2,58.0,38.2,33.0,100.0,29.37708333333333,68.24305555555556,24.2,40.0,38.5,35.7,95.0,80.4513888888889,25.3,26.1,57.0,38.4,31.8,36.0,100.0
28.915533980582534,75.94174757281553,23.6,53.0,41.5,35.0,90.0,27.970833333333324,76.69444444444444,22.2,58.0,38.2,33.0,100.0,68.24305555555556,23.5,24.2,40.0,38.5,30.7,35.7,95.0
30.838834951456324,86.12621359223301,25.4,58.0,38.3,35.4,100.0,28.17152777777777,78.69444444444444,23.6,53.0,41.5,35.0,92.0,76.69444444444444,21.3,22.2,58.0,38.2,29.6,33.0,100.0
32.03786407766988,74.77669902912622,25.7,50.0,41.9,36.8,95.0,29.84791666666668,86.77083333333331,25.4,58.0,38.3,35.4,100.0,78.69444444444444,22.8,23.6,53.0,41.5,29.6,35.0,92.0
29.577669902912625,81.54368932038834,23.9,53.0,40.7,34.4,100.0,30.9875,80.05555555555556,25.7,50.0,41.9,36.8,100.0,86.77083333333331,24.5,25.4,58.0,38.3,30.5,35.4,100.0
28.17281553398059,60.76699029126213,20.7,43.0,40.4,33.5,81.0,28.561805555555548,79.625,23.9,53.0,40.7,34.4,100.0,80.05555555555556,24.9,25.7,50.0,41.9,31.3,36.8,100.0
27.68640776699029,72.62135922330097,21.4,46.0,36.4,32.8,100.0,27.336805555555557,61.6875,20.7,43.0,40.4,33.5,81.0,79.625,23.5,23.9,53.0,40.7,30.0,34.4,100.0
26.20388349514564,70.23300970873787,19.0,46.0,37.1,31.8,100.0,26.57986111111111,73.5138888888889,21.4,46.0,36.4,32.8,100.0,61.6875,19.6,20.7,43.0,40.4,29.0,33.5,81.0
25.459223300970873,73.74757281553399,20.4,60.0,32.0,29.0,92.0,25.37708333333333,71.27777777777777,19.0,46.0,37.1,31.8,100.0,73.5138888888889,20.7,21.4,46.0,36.4,28.4,32.8,100.0
26.79902912621359,81.53398058252426,20.6,57.0,36.5,31.9,100.0,24.979861111111106,75.35416666666667,20.4,60.0,32.0,29.0,92.0,71.27777777777777,18.1,19.0,46.0,37.1,27.5,31.8,100.0
25.77669902912621,90.26213592233007,23.0,66.0,32.5,29.9,100.0,26.05694444444444,83.27083333333333,20.6,57.0,36.5,31.9,100.0,75.35416666666667,19.7,20.4,60.0,32.0,26.4,29.0,92.0
27.9631067961165,82.62135922330097,23.1,66.0,37.8,33.3,97.0,25.4625,88.48611111111109,23.0,66.0,32.5,29.9,100.0,83.27083333333333,19.8,20.6,57.0,36.5,27.8,31.9,100.0
29.042718446601945,75.55339805825244,23.9,39.0,36.8,34.5,100.0,27.431944444444426,85.5625,23.1,66.0,37.8,33.3,98.0,88.48611111111109,22.3,23.0,66.0,32.5,26.9,29.9,100.0
28.251456310679607,78.51456310679612,22.0,52.0,37.3,33.6,100.0,28.00555555555556,76.94444444444444,23.9,39.0,36.8,34.5,100.0,85.5625,22.1,23.1,66.0,37.8,28.7,33.3,98.0
27.94660194174757,75.95145631067963,22.7,53.0,38.0,33.3,94.0,27.088888888888874,79.8611111111111,22.0,52.0,37.3,33.6,100.0,76.94444444444444,23.4,23.9,39.0,36.8,28.8,34.5,100.0
26.633009708737845,85.86407766990291,22.7,64.0,35.3,33.7,100.0,26.759027777777767,78.88194444444444,22.7,53.0,38.0,33.3,94.0,79.8611111111111,21.2,22.0,52.0,37.3,28.7,33.6,100.0
25.984466019417468,91.89320388349516,24.5,79.0,29.9,28.8,100.0,26.13680555555553,85.33333333333333,22.7,64.0,35.3,33.7,100.0,78.88194444444444,21.8,22.7,53.0,38.0,29.2,33.3,94.0
28.12038834951457,79.55339805825244,22.0,56.0,36.9,33.7,100.0,25.578472222222203,89.89583333333331,23.7,78.0,29.9,28.8,100.0,85.33333333333333,22.2,22.7,64.0,35.3,27.4,33.7,100.0
26.551456310679608,74.6504854368932,21.0,49.0,35.5,33.1,100.0,26.972916666666674,76.4861111111111,21.6,56.0,36.9,33.7,100.0,89.89583333333331,22.7,23.7,78.0,29.9,26.8,28.8,100.0
23.67087378640777,77.38834951456309,18.0,62.0,33.9,35.8,100.0,25.45069444444444,72.13194444444444,19.7,49.0,35.5,33.1,100.0,76.4861111111111,20.7,21.6,56.0,36.9,28.2,33.7,100.0
20.363106796116504,93.95145631067965,5.2,81.0,21.1,21.3,100.0,22.97569444444445,79.2986111111111,18.0,62.0,33.9,35.8,100.0,72.13194444444444,19.0,19.7,49.0,35.5,26.8,33.1,100.0
23.441747572815533,96.87378640776699,7.6,79.0,32.4,29.5,100.0,20.03055555555555,95.67361111111113,5.2,81.0,21.1,21.3,100.0,79.2986111111111,17.3,18.0,62.0,33.9,24.6,35.8,100.0
28.214563106796106,86.67961165048544,22.1,52.0,36.1,34.8,100.0,23.679861111111126,95.48611111111113,7.6,79.0,32.4,29.5,100.0,95.67361111111113,18.8,5.2,81.0,21.1,22.1,21.3,100.0
25.991262135922323,85.12621359223301,17.1,58.0,36.1,32.9,100.0,26.396527777777766,83.9513888888889,19.6,52.0,36.1,34.8,100.0,95.48611111111113,18.4,7.6,79.0,32.4,25.3,29.5,100.0
24.178640776699034,88.97087378640775,19.4,67.0,32.5,29.5,100.0,24.78263888888889,86.77777777777777,17.1,58.0,36.1,32.9,100.0,83.9513888888889,18.9,19.6,52.0,36.1,27.7,34.8,100.0
25.7504854368932,68.6116504854369,18.9,46.0,36.0,31.9,100.0,23.69375000000001,86.79166666666669,19.4,67.0,32.5,29.5,100.0,86.77777777777777,16.6,17.1,58.0,36.1,27.2,32.9,100.0
21.675728155339797,89.53398058252426,17.0,69.0,26.9,26.2,100.0,24.50972222222222,72.78472222222223,18.9,46.0,36.0,31.9,100.0,86.79166666666669,19.7,19.4,67.0,32.5,25.5,29.5,100.0
24.79902912621359,86.64077669902912,18.3,66.0,33.8,30.6,100.0,21.14236111111111,92.3125,17.0,69.0,26.9,26.2,100.0,72.78472222222223,18.5,18.9,46.0,36.0,27.0,31.9,100.0
25.11359223300971,90.81553398058253,18.6,70.0,33.7,29.1,100.0,23.934027777777768,88.02777777777777,18.3,66.0,33.8,30.6,100.0,92.3125,16.6,17.0,69.0,26.9,23.3,26.2,100.0
19.598058252427187,99.5242718446602,16.8,94.0,23.2,20.7,100.0,20.251388888888897,98.75694444444444,17.4,89.0,25.2,23.6,100.0,92.20138888888887,18.6,18.3,72.0,29.5,22.9,26.9,100.0
18.20679611650486,100.0,6.1,100.0,21.9,16.6,100.0,18.98472222222221,99.65972222222223,15.9,94.0,23.2,20.7,100.0,98.75694444444444,18.3,17.4,89.0,25.2,22.1,23.6,100.0
19.282524271844668,98.75728155339806,10.2,90.0,23.1,22.5,100.0,19.07986111111112,93.97916666666669,11.3,62.0,32.6,30.7,100.0,98.60416666666669,12.2,0.3,77.0,20.7,18.4,15.3,100.0
18.852427184466016,100.0,11.8,100.0,21.5,15.2,100.0,19.046527777777776,99.11111111111113,10.2,90.0,23.1,22.5,100.0,93.97916666666669,15.2,11.3,62.0,32.6,30.1,30.7,100.0
21.639805825242714,78.70873786407769,9.9,48.0,28.4,26.5,100.0,19.430555555555546,100.0,11.8,100.0,21.5,15.2,100.0,99.11111111111113,17.3,10.2,90.0,23.1,22.4,22.5,100.0
17.220388349514565,98.20388349514565,3.4,90.0,24.4,15.7,100.0,19.410416666666674,81.27777777777777,9.9,48.0,28.4,26.5,100.0,100.0,17.7,11.8,100.0,21.5,20.6,15.2,100.0
17.26504854368932,98.34951456310681,11.2,91.0,22.3,19.2,100.0,17.038194444444457,98.36805555555556,3.4,90.0,24.4,15.7,100.0,81.27777777777777,12.8,9.9,48.0,28.4,22.0,26.5,100.0
18.561165048543693,88.44660194174757,5.1,55.0,31.0,28.2,100.0,16.061111111111117,98.81944444444444,10.5,91.0,22.3,19.2,100.0,98.36805555555556,12.6,3.4,90.0,24.4,19.5,15.7,100.0
18.5873786407767,86.70873786407768,5.7,56.0,29.1,27.4,100.0,17.146527777777774,91.15972222222223,5.1,55.0,31.0,28.2,100.0,98.81944444444444,12.0,10.5,91.0,22.3,19.3,19.2,100.0
16.99320388349515,94.84466019417476,13.1,81.0,20.6,19.5,100.0,18.021527777777774,89.96527777777777,5.7,56.0,29.1,27.4,100.0,91.15972222222223,9.0,5.1,55.0,31.0,21.6,28.2,100.0
17.63980582524271,100.0,9.3,100.0,21.6,12.0,100.0,16.45902777777777,96.3125,9.8,81.0,20.6,19.5,100.0,89.96527777777777,10.9,5.7,56.0,29.1,21.3,27.4,100.0
18.230097087378642,77.3495145631068,11.0,44.0,25.7,24.9,100.0,17.60555555555555,100.0,9.3,100.0,21.6,12.0,100.0,96.3125,14.7,9.8,81.0,20.6,18.8,19.5,100.0
16.44174757281553,86.07766990291262,1.8,52.0,27.7,26.7,100.0,16.127777777777773,81.1111111111111,9.4,44.0,25.7,24.9,100.0,100.0,15.2,9.3,100.0,21.6,19.3,12.0,100.0
18.16407766990292,88.24271844660194,5.1,55.0,28.4,28.2,100.0,15.598611111111104,89.95833333333331,1.8,52.0,27.7,26.7,100.0,81.1111111111111,9.4,9.4,44.0,25.7,19.6,24.9,100.0
16.462135922330095,86.3883495145631,5.7,49.0,27.4,27.8,100.0,16.288888888888884,91.47916666666669,5.1,55.0,28.4,28.2,100.0,89.95833333333331,8.2,1.8,52.0,27.7,20.3,26.7,100.0
17.87475728155339,82.90291262135922,7.5,46.0,28.7,28.4,100.0,15.690277777777775,90.1875,5.7,49.0,27.4,27.8,100.0,91.47916666666669,9.3,5.1,55.0,28.4,20.9,28.2,100.0
19.06310679611651,87.4271844660194,8.6,53.0,27.4,25.8,100.0,17.38055555555554,87.67361111111109,7.5,46.0,28.7,28.4,100.0,90.1875,7.7,5.7,49.0,27.4,20.1,27.8,100.0
16.564077669902915,78.07766990291263,8.7,50.0,29.5,26.0,98.0,17.101388888888895,86.8125,8.6,53.0,27.4,25.8,100.0,87.67361111111109,9.3,7.5,46.0,28.7,20.6,28.4,100.0
18.292233009708735,91.28155339805824,6.6,59.0,30.4,27.7,100.0,15.247222222222225,84.1111111111111,8.7,50.0,29.5,26.0,100.0,86.8125,10.2,8.6,53.0,27.4,20.6,25.8,100.0
19.43980582524272,88.19417475728157,9.8,61.0,31.7,28.7,100.0,16.921527777777797,93.5625,6.6,59.0,30.4,27.7,100.0,84.1111111111111,8.6,8.7,50.0,29.5,19.6,26.0,100.0
18.08252427184466,100.0,11.2,100.0,21.7,15.9,100.0,18.79861111111111,91.55555555555556,9.8,61.0,31.7,28.7,100.0,93.5625,9.9,6.6,59.0,30.4,21.0,27.7,100.0
17.769902912621358,76.93203883495144,11.4,43.0,25.1,24.3,100.0,17.57013888888889,100.0,11.2,100.0,21.7,15.9,100.0,91.55555555555556,12.0,9.8,61.0,31.7,21.2,28.7,100.0
16.196116504854363,90.68932038834951,3.2,62.0,26.7,23.8,100.0,16.0451388888889,79.43055555555556,9.9,43.0,25.1,24.3,100.0,100.0,14.6,11.2,100.0,21.7,19.4,15.9,100.0
17.269902912621358,89.59223300970874,3.9,48.0,24.6,24.6,100.0,14.941666666666665,93.32638888888887,3.2,62.0,26.7,23.8,100.0,79.43055555555556,9.8,9.9,43.0,25.1,19.9,24.3,100.0
13.866019417475727,84.61165048543691,7.0,62.0,22.5,20.1,100.0,15.486111111111116,89.29166666666669,3.9,48.0,24.6,24.6,100.0,93.32638888888887,8.8,3.2,62.0,26.7,19.2,23.8,100.0
14.160194174757288,96.9126213592233,3.5,72.0,27.5,24.2,100.0,12.739583333333336,88.99305555555556,6.6,62.0,22.5,20.1,100.0,89.29166666666669,9.9,3.9,48.0,24.6,19.4,24.6,100.0
14.257281553398062,100.0,7.8,100.0,19.6,15.9,100.0,14.031944444444445,97.79166666666669,3.5,72.0,27.5,24.2,100.0,88.99305555555556,7.3,6.6,62.0,22.5,16.9,20.1,100.0
16.069902912621355,95.51456310679613,3.1,65.0,27.1,23.7,100.0,13.698611111111116,100.0,7.8,100.0,19.6,15.9,100.0,97.79166666666669,5.4,3.5,72.0,27.5,18.9,24.2,100.0
12.59320388349515,84.2135922330097,5.3,53.0,22.2,20.8,100.0,14.745833333333335,96.79166666666669,3.1,65.0,27.1,23.7,100.0,100.0,10.0,7.8,100.0,19.6,16.7,15.9,100.0
13.419417475728158,89.07766990291262,2.2,51.0,25.1,24.8,100.0,11.147916666666667,88.44444444444444,5.3,53.0,22.2,20.8,100.0,96.79166666666669,9.0,3.1,65.0,27.1,18.7,23.7,100.0
11.398058252427187,100.0,6.7,100.0,13.8,10.4,100.0,12.455555555555556,92.1875,2.2,51.0,25.1,24.8,100.0,88.44444444444444,6.6,5.3,53.0,22.2,16.2,20.8,100.0
12.703883495145636,90.00970873786406,4.6,67.0,23.9,20.1,100.0,11.003472222222225,100.0,6.7,100.0,13.8,10.4,100.0,92.1875,5.8,2.2,51.0,25.1,17.5,24.8,100.0
11.094174757281554,94.67961165048544,4.9,75.0,23.5,19.9,100.0,11.29722222222222,91.77083333333331,4.6,67.0,23.9,20.1,100.0,100.0,8.4,6.7,100.0,13.8,13.7,10.4,100.0
12.777669902912624,86.98058252427185,4.0,58.0,24.8,20.7,100.0,10.379861111111113,96.19444444444444,4.9,75.0,23.5,19.9,100.0,91.77083333333331,5.7,4.6,67.0,23.9,17.8,20.1,100.0
12.440776699029133,96.3398058252427,5.6,70.0,23.1,19.1,100.0,11.35,90.27083333333331,4.0,58.0,24.8,20.7,100.0,96.19444444444444,5.2,4.9,75.0,23.5,17.6,19.9,100.0
16.60388349514563,97.19417475728157,2.2,71.0,25.6,20.0,100.0,12.403472222222225,97.38194444444444,5.6,70.0,23.1,19.1,100.0,90.27083333333331,4.7,4.0,58.0,24.8,18.5,20.7,100.0
14.987378640776706,90.69902912621359,5.4,67.0,27.8,23.7,100.0,14.897916666666665,97.99305555555556,2.2,71.0,25.6,20.0,100.0,97.38194444444444,6.8,5.6,70.0,23.1,17.0,19.1,100.0
14.007766990291273,96.76699029126213,4.0,70.0,26.2,21.4,100.0,13.327083333333334,93.29166666666669,5.4,67.0,27.8,23.7,100.0,97.99305555555556,9.6,2.2,71.0,25.6,17.4,20.0,100.0
13.062135922330098,95.84466019417476,4.6,77.0,26.2,22.8,100.0,12.661111111111117,97.68055555555556,4.0,70.0,26.2,21.4,100.0,93.29166666666669,6.6,5.4,67.0,27.8,17.4,23.7,100.0
16.03495145631068,98.49514563106796,5.4,81.0,27.3,20.0,100.0,12.838888888888896,97.02777777777777,4.6,77.0,26.2,22.8,100.0,97.68055555555556,5.3,4.0,70.0,26.2,16.4,21.4,100.0
15.68058252427184,93.44660194174757,6.6,73.0,26.2,23.6,100.0,14.529861111111105,98.92361111111113,5.4,81.0,27.3,20.0,100.0,97.02777777777777,5.8,4.6,77.0,26.2,16.1,22.8,100.0
14.416504854368933,95.88349514563109,6.7,83.0,22.7,19.8,100.0,14.236111111111104,95.3125,6.6,73.0,26.2,23.6,100.0,98.92361111111113,8.8,5.4,81.0,27.3,17.4,20.0,100.0
16.376699029126218,97.01941747572815,8.9,86.0,23.2,20.2,100.0,14.168055555555556,97.05555555555556,6.7,83.0,22.7,19.8,100.0,95.3125,8.2,6.6,73.0,26.2,17.6,23.6,100.0
15.630097087378646,92.11650485436891,7.9,68.0,25.1,22.4,100.0,15.608333333333333,97.86805555555556,8.9,86.0,23.2,20.2,100.0,97.05555555555556,8.2,6.7,83.0,22.7,16.7,19.8,100.0
14.199029126213595,93.41747572815537,6.1,63.0,25.1,21.3,100.0,14.223611111111113,94.36111111111113,7.9,68.0,25.1,22.4,100.0,97.86805555555556,12.4,8.9,86.0,23.2,17.4,20.2,100.0
14.222330097087381,91.7864077669903,4.9,71.0,26.2,22.9,100.0,12.543055555555556,95.29166666666669,5.6,63.0,25.1,21.3,100.0,94.36111111111113,9.5,7.9,68.0,25.1,17.4,22.4,100.0
10.694174757281553,100.0,0.7,100.0,19.5,9.7,100.0,12.701388888888896,94.125,4.9,71.0,26.2,22.9,100.0,95.29166666666669,6.6,5.6,63.0,25.1,16.7,21.3,100.0
12.598058252427185,100.0,0.9,100.0,22.7,15.0,100.0,10.494444444444444,100.0,0.5,100.0,19.5,9.7,100.0,94.125,6.0,4.9,71.0,26.2,16.9,22.9,100.0
12.70388349514563,96.77669902912622,4.1,77.0,27.9,23.4,100.0,11.432638888888883,100.0,0.9,100.0,22.7,15.0,100.0,100.0,5.3,0.5,100.0,19.5,14.2,9.7,100.0
17.279611650485442,64.99029126213593,10.5,35.0,27.0,29.7,84.0,15.543749999999996,68.7013888888889,10.0,33.0,27.5,28.3,85.0,69.55555555555556,10.1,10.0,36.0,24.1,18.0,25.4,84.0
16.53592233009709,64.63106796116503,9.9,29.0,27.9,27.1,83.0,15.998611111111117,70.1111111111111,10.5,35.0,27.0,29.7,86.0,68.7013888888889,10.0,10.0,33.0,27.5,18.5,28.3,85.0
16.347572815533983,67.20388349514563,10.2,38.0,25.8,25.8,82.0,15.347222222222221,69.3125,9.9,29.0,27.9,27.1,84.0,70.1111111111111,10.4,10.5,35.0,27.0,19.0,29.7,86.0
16.937864077669893,76.28155339805825,10.5,31.0,27.6,28.4,97.0,15.35208333333333,74.74305555555556,10.2,38.0,25.8,25.8,98.0,69.3125,10.0,9.9,29.0,27.9,18.6,27.1,84.0
17.001941747572822,71.8252427184466,12.8,42.0,25.5,26.3,90.0,16.436111111111103,77.27777777777777,10.5,31.0,27.6,28.4,97.0,74.74305555555556,10.0,10.2,38.0,25.8,18.2,25.8,98.0
14.964077669902911,73.33980582524272,10.7,36.0,26.8,28.8,89.0,15.693750000000007,74.875,11.6,42.0,25.5,26.3,90.0,77.27777777777777,10.5,10.5,31.0,27.6,18.8,28.4,97.0
13.315533980582526,75.70873786407769,10.7,46.0,23.2,22.5,89.0,14.150000000000004,76.1875,10.7,36.0,26.8,28.8,89.0,74.875,11.4,11.6,42.0,25.5,18.9,26.3,90.0
16.80291262135923,65.81553398058253,10.5,38.0,27.0,27.3,83.0,12.911805555555556,77.375,10.7,46.0,23.2,22.5,89.0,76.1875,10.6,10.7,36.0,26.8,18.3,28.8,89.0
16.031067961165043,69.04854368932038,10.6,41.0,26.1,25.4,83.0,15.535416666666654,70.27777777777777,10.5,38.0,27.0,27.3,83.0,77.375,10.6,10.7,46.0,23.2,16.7,22.5,89.0
17.117475728155338,72.00970873786406,10.9,39.0,27.7,27.2,90.0,14.947916666666664,73.375,10.6,41.0,26.1,25.4,89.0,70.27777777777777,10.4,10.5,38.0,27.0,18.3,27.3,83.0
12.260194174757284,85.00970873786406,10.2,70.0,17.2,17.9,93.0,15.627777777777775,75.66666666666667,10.4,39.0,27.7,27.2,90.0,73.375,10.4,10.6,41.0,26.1,18.0,25.4,89.0
16.976699029126213,73.88349514563106,10.8,39.0,27.2,26.7,94.0,12.200694444444444,86.25694444444444,10.2,70.0,17.2,17.9,93.0,75.66666666666667,10.2,10.4,39.0,27.7,18.4,27.2,90.0
16.549514563106793,70.92233009708737,10.8,38.0,25.1,27.0,87.0,15.731249999999998,76.58333333333333,10.8,39.0,27.2,26.7,94.0,86.25694444444444,10.0,10.2,70.0,17.2,15.8,17.9,93.0
16.597087378640786,73.32038834951456,10.9,35.0,25.8,26.5,93.0,15.434722222222213,75.02083333333333,10.8,38.0,25.1,27.0,90.0,76.58333333333333,10.8,10.8,39.0,27.2,18.0,26.7,94.0
17.22912621359223,68.50485436893204,10.7,32.0,28.5,30.5,86.0,15.361111111111116,76.06944444444444,10.9,35.0,25.8,26.5,93.0,75.02083333333333,10.7,10.8,38.0,25.1,17.6,27.0,90.0
14.612621359223304,80.32038834951456,10.9,55.0,25.0,24.3,90.0,15.897916666666662,72.78472222222223,10.7,32.0,28.5,30.5,87.0,76.06944444444444,10.8,10.9,35.0,25.8,18.0,26.5,93.0
15.975728155339803,78.94174757281553,10.6,39.0,25.2,26.9,99.0,13.884027777777774,84.7013888888889,10.8,55.0,25.0,24.3,99.0,72.78472222222223,10.5,10.7,32.0,28.5,18.5,30.5,87.0
16.69708737864077,70.45631067961166,10.5,38.0,27.6,26.4,90.0,14.861805555555556,79.27777777777777,10.6,39.0,25.2,26.9,99.0,84.7013888888889,10.7,10.8,55.0,25.0,16.7,24.3,99.0
12.484466019417471,90.23300970873787,10.8,85.0,15.7,15.8,95.0,15.441666666666665,73.71527777777777,10.5,38.0,27.6,26.4,90.0,79.27777777777777,10.6,10.6,39.0,25.2,17.4,26.9,99.0
15.703883495145636,83.6504854368932,11.6,38.0,25.0,24.0,99.0,12.337499999999995,91.79166666666669,10.8,85.0,15.7,15.8,98.0,73.71527777777777,10.5,10.5,38.0,27.6,18.0,26.4,90.0
16.59417475728155,70.19417475728156,10.5,34.0,27.5,25.7,89.0,14.643750000000004,83.43055555555556,10.9,38.0,25.0,24.0,99.0,91.79166666666669,10.8,10.8,85.0,15.7,15.7,15.8,98.0
16.015533980582518,73.64077669902912,10.3,41.0,25.9,23.9,91.0,15.378472222222221,73.9513888888889,10.5,34.0,27.5,25.7,90.0,83.43055555555556,10.6,10.9,38.0,25.0,17.2,24.0,99.0
16.27961165048544,67.5728155339806,10.1,44.0,27.3,24.8,81.0,14.874999999999995,75.39583333333333,10.3,41.0,25.9,23.9,91.0,73.9513888888889,10.4,10.5,34.0,27.5,17.6,25.7,90.0
16.53495145631068,68.97087378640775,10.5,40.0,28.4,27.4,85.0,15.1625,71.20833333333333,10.1,44.0,27.3,24.8,83.0,75.39583333333333,10.1,10.3,41.0,25.9,17.3,23.9,91.0
17.404854368932035,74.52427184466019,10.5,43.0,29.5,28.6,95.0,15.307638888888883,72.75694444444444,10.5,40.0,28.4,27.4,87.0,71.20833333333333,10.2,10.1,44.0,27.3,16.9,24.8,83.0
16.872815533980585,70.86407766990291,10.9,38.0,25.4,24.1,90.0,15.836111111111116,76.21527777777777,10.5,43.0,29.5,28.6,95.0,72.75694444444444,10.1,10.5,40.0,28.4,17.4,27.4,87.0
17.15145631067961,74.70873786407769,10.5,46.0,25.1,24.4,90.0,15.634027777777787,74.10416666666667,10.9,38.0,25.4,24.1,90.0,76.21527777777777,10.3,10.5,43.0,29.5,18.1,28.6,95.0
13.78058252427184,91.53398058252426,12.2,89.0,17.5,17.1,95.0,15.888888888888884,77.18055555555556,10.5,46.0,25.1,24.4,90.0,74.10416666666667,10.3,10.9,38.0,25.4,17.7,24.1,90.0
17.699029126213592,79.53398058252426,11.9,39.0,26.2,25.7,98.0,13.690277777777775,92.11805555555556,12.2,89.0,17.5,17.1,96.0,77.18055555555556,10.3,10.5,46.0,25.1,17.4,24.4,90.0
18.077669902912614,76.27184466019419,11.3,38.0,28.6,28.4,96.0,16.625,82.40277777777777,11.9,39.0,26.2,25.7,98.0,92.11805555555556,11.8,12.2,89.0,17.5,16.0,17.1,96.0
17.24563106796117,68.5631067961165,10.5,35.0,27.4,26.1,85.0,16.639583333333334,76.52777777777777,11.3,38.0,28.6,28.4,96.0,82.40277777777777,11.5,11.9,39.0,26.2,18.1,25.7,98.0
17.318446601941744,74.47572815533981,11.3,44.0,25.9,24.5,94.0,16.118055555555557,72.40972222222223,10.5,35.0,27.4,26.1,87.0,76.52777777777777,10.9,11.3,38.0,28.6,18.6,28.4,96.0
13.2747572815534,86.79611650485437,11.1,76.0,19.0,18.7,92.0,16.116666666666667,76.4861111111111,11.3,44.0,25.9,24.5,94.0,72.40972222222223,10.1,10.5,35.0,27.4,18.2,26.1,87.0
15.829126213592234,82.89320388349516,10.6,43.0,27.4,26.5,97.0,12.87638888888889,89.27083333333331,11.1,76.0,19.0,18.7,96.0,76.4861111111111,11.0,11.3,44.0,25.9,18.2,24.5,94.0
16.22427184466019,73.37864077669903,10.5,51.0,26.6,24.8,87.0,14.869444444444447,82.86805555555556,10.6,43.0,27.4,26.5,97.0,89.27083333333331,10.9,11.1,76.0,19.0,16.3,18.7,96.0
15.83106796116505,76.13592233009709,10.4,53.0,26.3,24.0,89.0,15.085416666666662,75.84027777777777,10.5,51.0,26.6,24.8,87.0,82.86805555555556,10.6,10.6,43.0,27.4,17.2,26.5,97.0
15.886407766990285,67.13592233009709,11.0,44.0,25.0,25.5,84.0,14.840277777777775,75.34027777777777,10.4,53.0,26.3,24.0,89.0,75.84027777777777,10.5,10.5,51.0,26.6,17.1,24.8,87.0
17.100970873786405,67.16504854368932,17.2,36.0,27.5,38.3,84.0,14.774999999999995,68.14583333333333,11.0,44.0,25.0,46.9,84.0,75.34027777777777,10.3,10.4,53.0,26.3,17.0,24.0,89.0
13.077669902912623,76.0,10.8,48.0,23.2,23.5,90.0,15.60416666666667,73.18055555555556,11.0,36.0,27.5,38.3,91.0,68.14583333333333,10.5,11.0,44.0,25.0,18.6,46.9,84.0
16.072815533980574,62.63106796116504,10.8,36.0,25.7,25.2,76.0,12.73402777777778,75.70833333333333,10.8,48.0,23.2,23.5,90.0,73.18055555555556,10.2,11.0,36.0,27.5,19.9,38.3,91.0
17.371844660194178,53.825242718446596,10.8,26.0,27.8,30.5,69.0,15.017361111111104,64.11805555555556,10.8,36.0,25.7,25.2,76.0,75.70833333333333,10.6,10.8,48.0,23.2,16.4,23.5,90.0
16.40970873786408,59.20388349514563,10.9,41.0,25.8,24.7,72.0,15.95972222222222,57.79166666666666,10.8,26.0,27.8,30.5,70.0,64.11805555555556,10.5,10.8,36.0,25.7,18.0,25.2,76.0
13.247572815533983,66.48543689320388,11.0,49.0,19.7,20.0,75.0,15.232638888888893,62.3125,10.9,41.0,25.8,24.7,72.0,57.79166666666666,10.4,10.8,26.0,27.8,19.8,30.5,70.0
15.491262135922337,65.2135922330097,11.0,32.0,25.6,26.1,78.0,12.838194444444447,69.05555555555556,11.0,49.0,19.7,20.0,77.0,62.3125,10.5,10.9,41.0,25.8,19.0,24.7,72.0
17.311650485436893,63.19417475728155,11.2,32.0,28.2,26.9,80.0,14.568750000000005,68.15277777777777,11.0,32.0,25.6,26.1,78.0,69.05555555555556,10.7,11.0,49.0,19.7,16.5,20.0,77.0
17.200970873786414,56.80582524271845,11.8,25.0,25.8,29.9,73.0,16.34097222222222,64.8611111111111,11.2,32.0,28.2,26.9,80.0,68.15277777777777,10.8,11.0,32.0,25.6,17.9,26.1,78.0
17.041747572815538,59.02912621359224,11.8,32.0,25.4,25.5,70.0,16.14375,59.90277777777778,11.8,25.0,25.8,29.9,73.0,64.8611111111111,10.8,11.2,32.0,28.2,19.7,26.9,80.0
17.862135922330094,53.71844660194175,11.0,26.0,28.8,28.4,70.0,15.930555555555555,60.8125,11.8,32.0,25.4,25.5,70.0,59.90277777777778,11.4,11.8,25.0,25.8,19.0,29.9,73.0
17.884466019417477,54.009708737864074,11.5,22.0,27.3,32.1,76.0,16.42916666666666,60.70833333333334,11.0,26.0,28.8,28.4,82.0,60.8125,11.4,11.8,32.0,25.4,18.8,25.5,70.0
18.69514563106796,52.35922330097088,11.6,25.0,29.3,29.8,73.0,16.659027777777773,56.36805555555557,11.5,22.0,27.3,32.1,76.0,60.70833333333334,10.8,11.0,26.0,28.8,20.1,28.4,82.0
18.57864077669903,50.097087378640786,11.4,25.0,33.0,34.9,65.0,17.305555555555557,58.15277777777778,11.6,25.0,29.3,29.8,77.0,56.36805555555557,11.2,11.5,22.0,27.3,19.5,32.1,76.0
15.978640776699027,77.87378640776699,12.3,37.0,26.8,25.2,98.0,17.134722222222226,61.47916666666666,11.4,25.0,33.0,34.9,97.0,58.15277777777778,11.2,11.6,25.0,29.3,19.4,29.8,77.0
18.8621359223301,55.68932038834952,12.4,26.0,29.9,28.5,73.0,15.159722222222221,75.9236111111111,12.3,37.0,26.8,25.2,98.0,61.47916666666666,11.2,11.4,25.0,33.0,20.2,34.9,97.0
19.39223300970874,68.42330097087378,8.7,30.2,29.5,33.9,97.7,19.090972222222213,71.66527777777782,8.9,28.8,32.1,36.1,97.5,70.70902777777779,12.2,12.4,29.2,35.5,20.5,37.3,91.1
18.95728155339805,71.63689320388349,7.0,34.3,31.6,32.3,96.0,17.863194444444442,73.93333333333331,8.7,30.2,29.5,33.9,97.7,71.66527777777782,7.9,8.9,28.8,32.1,21.6,36.1,97.5
20.676699029126212,73.41941747572817,8.4,33.3,34.8,35.7,98.2,17.663888888888884,76.85902777777778,7.0,34.3,31.6,32.3,96.0,73.93333333333331,8.0,8.7,30.2,29.5,23.2,33.9,97.7
21.18932038834952,72.29417475728157,9.3,35.8,34.3,33.5,99.2,18.952777777777776,78.38263888888888,8.4,33.3,34.8,35.7,98.2,76.85902777777778,6.2,7.0,34.3,31.6,20.3,32.3,96.0
21.871844660194174,70.05533980582526,9.0,33.0,36.6,37.2,98.0,19.68958333333334,77.36944444444447,9.3,35.8,34.3,33.5,99.2,78.38263888888888,7.7,8.4,33.3,34.8,21.1,35.7,98.2
23.283495145631065,65.91650485436895,11.9,27.6,34.6,36.4,97.3,20.91874999999999,75.99722222222225,9.0,33.0,36.6,37.2,98.0,77.36944444444447,8.5,9.3,35.8,34.3,21.0,33.5,99.2
20.99223300970873,70.84466019417472,8.2,34.6,34.3,36.0,98.1,20.83819444444445,72.33472222222225,10.9,27.6,34.6,36.4,97.3,75.99722222222225,8.2,9.0,33.0,36.6,22.1,37.2,98.0
21.356310679611653,73.11941747572816,10.1,37.7,33.2,33.5,99.0,19.448611111111106,76.2583333333333,8.2,34.6,34.3,36.0,98.1,72.33472222222225,10.1,10.9,27.6,34.6,22.0,36.4,97.3
22.263106796116503,73.74466019417478,11.8,42.6,32.6,33.9,99.7,19.99375,78.22986111111108,10.1,37.7,33.2,33.5,99.0,76.2583333333333,7.2,8.2,34.6,34.3,21.3,36.0,98.1
23.766990291262125,70.55048543689321,12.2,34.5,36.7,38.6,99.3,20.88263888888889,78.375,11.8,42.6,32.6,33.9,99.7,78.22986111111108,9.3,10.1,37.7,33.2,21.6,33.5,99.0
23.835922330097087,71.35145631067962,12.3,36.6,36.3,37.4,98.2,22.10902777777777,75.70902777777779,12.2,34.5,36.7,38.6,99.3,78.375,11.2,11.8,42.6,32.6,21.7,33.9,99.7
21.92233009708738,79.58058252427186,13.3,44.5,31.2,30.6,99.9,22.818055555555553,76.64027777777778,12.3,36.6,36.3,37.4,98.2,75.70902777777779,11.7,12.2,34.5,36.7,22.8,38.6,99.3
20.886407766990303,91.35825242718442,16.8,65.4,29.7,28.1,99.6,20.78055555555556,83.76111111111112,13.3,44.5,31.2,30.6,99.9,76.64027777777778,11.7,12.3,36.6,36.3,22.7,37.4,98.2
21.19514563106796,80.9135922330097,13.4,42.7,28.8,28.1,100.0,20.073611111111113,93.80138888888888,16.5,65.4,29.7,28.1,100.0,83.76111111111112,12.7,13.3,44.5,31.2,21.8,30.6,99.9
19.74368932038836,66.02621359223302,8.3,23.5,32.6,37.4,94.3,18.73611111111111,82.96666666666667,10.7,42.7,28.8,28.1,100.0,93.80138888888888,16.1,16.5,65.4,29.7,21.5,28.1,100.0
18.592233009708725,70.55825242718448,5.6,34.5,36.9,36.2,89.8,17.549305555555566,70.80694444444447,8.3,23.5,32.6,37.4,94.3,82.96666666666667,9.7,10.7,42.7,28.8,21.7,28.1,100.0
21.31553398058252,61.121359223301,9.3,24.0,33.1,35.5,93.8,17.238194444444453,75.56458333333333,5.6,34.5,36.9,36.2,92.6,70.80694444444447,7.3,8.3,23.5,32.6,21.3,37.4,94.3
18.094174757281554,90.83398058252428,12.7,80.3,25.8,24.1,95.1,19.740972222222226,68.15694444444446,9.3,24.0,33.1,35.5,93.8,75.56458333333333,4.6,5.6,34.5,36.9,20.1,36.2,92.6
24.14368932038835,71.75242718446603,15.5,26.9,34.5,38.2,99.7,18.148611111111105,92.68194444444444,12.7,80.3,25.8,24.1,99.9,68.15694444444446,8.6,9.3,24.0,33.1,20.9,35.5,93.8
22.42038834951456,61.93689320388349,12.3,21.5,33.6,36.3,93.5,22.48194444444444,76.6458333333333,14.7,26.9,34.5,38.2,99.7,92.68194444444444,12.0,12.7,80.3,25.8,19.4,24.1,99.9
20.44077669902913,79.10776699029121,12.2,45.4,31.0,29.1,94.6,20.53194444444444,67.84027777777779,12.3,21.5,33.6,36.3,93.5,76.6458333333333,13.9,14.7,26.9,34.5,22.5,38.2,99.7
21.589320388349513,86.03300970873785,16.7,46.4,31.9,29.6,100.0,19.51944444444443,83.3701388888889,12.2,45.4,31.0,29.1,95.8,67.84027777777779,11.4,12.3,21.5,33.6,24.3,36.3,93.5
20.942718446601948,67.97184466019412,10.4,32.7,31.8,34.6,94.5,19.776388888888885,86.48055555555555,12.3,46.4,31.9,29.6,100.0,83.3701388888889,11.5,12.2,45.4,31.0,20.9,29.1,95.8
18.97087378640777,87.78252427184465,14.2,62.3,27.6,26.5,96.1,19.848611111111108,73.69861111111109,10.4,32.7,31.8,34.6,94.5,86.48055555555555,11.3,12.3,46.4,31.9,21.5,29.6,100.0
20.780582524271843,79.62815533980583,14.7,38.6,34.2,38.8,97.6,17.861805555555556,89.6840277777778,14.2,62.3,27.6,26.5,96.1,73.69861111111109,9.6,10.4,32.7,31.8,20.9,34.6,94.5
21.707766990291265,70.82912621359223,11.7,37.8,31.2,31.6,94.5,19.713194444444444,81.5847222222222,13.8,38.6,34.2,38.8,97.6,89.6840277777778,13.4,14.2,62.3,27.6,20.4,26.5,96.1
23.43592233009709,63.68932038834951,12.3,33.7,33.1,36.0,93.0,20.655555555555555,75.36527777777779,11.7,37.8,31.2,31.6,94.5,81.5847222222222,12.9,13.8,38.6,34.2,21.2,38.8,97.6
24.17475728155341,65.77087378640773,13.0,36.7,35.9,36.1,92.2,21.99444444444444,69.42291666666667,12.3,33.7,33.1,36.0,99.4,75.36527777777779,11.0,11.7,37.8,31.2,21.8,31.6,94.5
23.573786407766992,66.80873786407768,12.9,29.4,34.6,35.4,92.2,22.57569444444445,70.82083333333327,13.0,36.7,35.9,36.1,92.2,69.42291666666667,11.5,12.3,33.7,33.1,22.9,36.0,99.4
24.60291262135923,67.7873786407767,14.4,38.8,35.6,36.2,91.5,22.199305555555558,71.17986111111111,12.9,29.4,34.6,35.4,92.2,70.82083333333327,12.3,13.0,36.7,35.9,23.1,36.1,92.2
20.47087378640776,83.31262135922334,18.3,67.3,25.8,24.6,94.8,23.379166666666666,71.62777777777781,14.4,38.8,35.6,36.2,91.5,71.17986111111111,12.3,12.9,29.4,34.6,23.5,35.4,92.2
23.76407766990291,79.04466019417474,18.8,44.5,32.8,35.9,97.3,19.836111111111123,87.81875000000002,17.8,67.3,25.8,24.6,100.0,71.62777777777781,13.8,14.4,38.8,35.6,23.4,36.2,91.5
22.872815533980575,58.66019417475728,12.5,30.0,34.6,35.3,82.4,21.83402777777778,77.43819444444443,14.4,44.5,32.8,35.9,97.3,87.81875000000002,17.6,17.8,67.3,25.8,21.5,24.6,100.0
22.100970873786416,71.3242718446602,16.1,51.1,29.0,29.4,88.2,21.605555555555558,64.33125,12.5,30.0,34.6,35.3,86.4,77.43819444444443,13.9,14.4,44.5,32.8,23.0,35.9,97.3
23.042718446601945,56.45242718446602,13.0,29.5,35.1,37.2,84.5,20.93680555555556,72.53958333333333,15.6,51.1,29.0,29.4,88.2,64.33125,12.0,12.5,30.0,34.6,24.8,35.3,86.4
23.831067961165058,62.63398058252425,13.3,32.1,33.8,34.7,89.9,21.631249999999994,61.65555555555554,13.0,29.5,35.1,37.2,87.8,72.53958333333333,15.1,15.6,51.1,29.0,23.5,29.4,88.2
23.00000000000001,67.70291262135922,14.2,39.9,34.5,34.2,89.7,22.37986111111111,66.73680555555552,13.3,32.1,33.8,34.7,89.9,61.65555555555554,12.4,13.0,29.5,35.1,25.0,37.2,87.8
24.668932038834964,64.69805825242717,15.2,36.9,33.6,34.7,90.8,21.956944444444442,71.17777777777779,14.2,39.9,34.5,34.2,89.7,66.73680555555552,12.6,13.3,32.1,33.8,25.4,34.7,89.9
20.096116504854376,81.34660194174756,15.9,62.4,28.7,26.3,90.7,23.332638888888887,67.94027777777774,15.2,36.9,33.6,34.7,90.8,71.17777777777779,13.5,14.2,39.9,34.5,25.2,34.2,89.7
23.087378640776702,81.96796116504855,19.2,57.7,28.3,27.7,98.2,19.62222222222222,84.88541666666661,15.9,62.4,28.7,26.3,97.1,67.94027777777774,14.4,15.2,36.9,33.6,25.5,34.7,90.8
21.6,59.028155339805814,12.2,32.1,30.2,32.1,99.9,21.40694444444444,77.76944444444446,14.9,57.7,28.3,27.7,98.2,84.88541666666661,15.3,15.9,62.4,28.7,22.1,26.3,97.1
20.940776699029133,62.60097087378643,9.9,32.4,30.5,31.0,92.6,19.694444444444454,63.94930555555555,12.0,32.1,30.2,32.1,99.9,77.76944444444446,14.5,14.9,57.7,28.3,23.2,27.7,98.2
22.911650485436894,66.13495145631067,12.5,32.9,35.5,34.6,89.4,20.121527777777786,65.46736111111113,9.9,32.4,30.5,31.0,92.6,63.94930555555555,11.1,12.0,32.1,30.2,24.0,32.1,99.9
17.461165048543695,94.22427184466021,15.5,88.5,21.2,20.8,100.0,21.86458333333334,69.36805555555557,12.5,32.9,35.5,34.6,89.4,65.46736111111113,9.0,9.9,32.4,30.5,23.1,31.0,92.6
19.809708737864078,89.35631067961167,17.6,77.4,24.4,22.9,98.6,17.729861111111102,95.08958333333334,15.5,88.5,21.2,20.8,100.0,69.36805555555557,11.8,12.5,32.9,35.5,24.7,34.6,89.4
20.92524271844661,79.35533980582524,15.3,45.6,32.4,28.7,96.5,18.76736111111112,89.93541666666668,15.8,77.4,24.4,22.9,98.6,95.08958333333334,14.9,15.5,88.5,21.2,20.4,20.8,100.0
20.92233009708737,59.271844660194176,11.6,34.0,30.5,30.1,84.7,19.59027777777779,78.4548611111111,14.4,45.6,32.4,28.7,96.5,89.93541666666668,15.1,15.8,77.4,24.4,20.9,22.9,98.6
21.228155339805824,56.26796116504857,9.4,27.8,33.5,30.9,84.7,19.293055555555547,60.44583333333333,11.6,34.0,30.5,30.1,84.7,78.4548611111111,13.8,14.4,45.6,32.4,22.1,28.7,96.5
22.34660194174759,66.53592233009708,11.6,31.2,34.2,32.5,96.0,19.933333333333326,64.37986111111114,9.4,27.8,33.5,30.9,100.0,60.44583333333333,10.9,11.6,34.0,30.5,22.1,30.1,84.7
18.577669902912625,89.01359223300972,16.7,81.6,20.6,20.5,95.8,21.35416666666668,70.67847222222218,11.6,31.2,34.2,32.5,96.0,64.37986111111114,8.6,9.4,27.8,33.5,22.8,30.9,100.0
26.21262135922331,68.67378640776698,17.4,39.5,34.3,35.3,97.6,18.495138888888885,90.56458333333336,16.7,81.6,20.6,20.5,96.2,70.67847222222218,10.8,11.6,31.2,34.2,24.0,32.5,96.0
24.926213592233005,69.71844660194175,15.5,44.8,35.2,34.1,96.6,24.61805555555557,70.2888888888889,17.4,39.5,34.3,35.3,97.6,90.56458333333336,16.1,16.7,81.6,20.6,20.2,20.5,96.2
24.12621359223301,78.87669902912617,16.6,58.6,31.7,28.6,100.0,23.72916666666667,73.35972222222223,15.5,44.8,35.2,34.1,96.6,70.2888888888889,17.0,17.4,39.5,34.3,24.7,35.3,97.6
19.83980582524272,88.5776699029126,17.5,75.6,24.0,24.0,97.9,21.63055555555555,88.16736111111116,18.9,71.8,27.1,27.5,98.5,81.64583333333333,18.9,18.9,63.1,30.0,23.7,28.1,100.0
25.05048543689321,62.69514563106797,16.2,34.8,36.0,38.4,95.8,19.437500000000004,90.83333333333331,17.5,75.6,24.0,24.0,98.8,88.16736111111116,18.8,18.9,71.8,27.1,23.7,27.5,98.5
24.64368932038835,66.29999999999998,16.3,41.2,32.8,36.0,92.8,24.13750000000001,65.82847222222222,16.2,34.8,36.0,38.4,95.8,90.83333333333331,17.5,17.5,75.6,24.0,21.7,24.0,98.8
25.04466019417476,67.03495145631071,17.0,38.7,32.5,36.1,98.2,23.70625,73.17569444444442,16.3,41.2,32.8,36.0,100.0,65.82847222222222,16.1,16.2,34.8,36.0,27.6,38.4,95.8
25.79805825242718,63.18446601941748,17.0,36.7,32.8,35.9,92.7,24.25,70.07569444444452,17.0,38.7,32.5,36.1,98.2,73.17569444444442,16.2,16.3,41.2,32.8,27.8,36.0,100.0
24.70097087378641,70.92912621359223,17.9,42.1,32.0,35.2,94.7,24.91875,68.03055555555554,17.0,36.7,32.8,35.9,92.7,70.07569444444452,16.9,17.0,38.7,32.5,28.9,36.1,98.2
20.963106796116506,90.95048543689327,17.9,81.7,25.4,26.0,100.0,24.08402777777778,75.1625,17.9,42.1,32.0,35.2,95.6,68.03055555555554,16.9,17.0,36.7,32.8,28.3,35.9,92.7
24.261165048543702,82.7165048543689,20.1,49.5,31.8,35.0,100.0,20.95347222222223,92.77291666666667,17.9,81.7,25.4,26.0,100.0,75.1625,17.8,17.9,42.1,32.0,26.7,35.2,95.6
23.88155339805825,78.89029126213593,18.7,46.5,30.3,35.4,99.7,23.496527777777786,84.78333333333335,19.5,49.5,31.8,35.0,100.0,92.77291666666667,17.6,17.9,81.7,25.4,23.0,26.0,100.0
26.55533980582525,81.03398058252425,21.7,40.7,35.2,37.4,100.0,23.46666666666667,83.72986111111112,18.7,46.5,30.3,35.4,99.7,84.78333333333335,19.3,19.5,49.5,31.8,26.1,35.0,100.0
23.96019417475729,81.58349514563108,19.4,61.8,30.0,29.9,97.3,25.72986111111112,80.94166666666666,19.7,40.7,35.2,37.4,100.0,83.72986111111112,18.5,18.7,46.5,30.3,26.1,35.4,99.7
26.48543689320388,78.55533980582523,21.8,57.5,32.9,34.0,92.5,23.647222222222233,82.11944444444444,19.4,61.8,30.0,29.9,97.3,80.94166666666666,19.6,19.7,40.7,35.2,27.5,37.4,100.0
27.26601941747571,69.45922330097088,21.1,46.4,33.5,36.0,93.7,26.02847222222221,79.78194444444446,21.8,57.5,32.9,34.0,92.5,82.11944444444444,19.3,19.4,61.8,30.0,24.4,29.9,97.3
24.81650485436893,65.3359223300971,18.7,45.4,32.5,32.3,89.1,26.05833333333332,68.72083333333333,20.1,46.4,33.5,36.0,93.7,79.78194444444446,22.2,21.8,57.5,32.9,26.1,34.0,92.5
23.92038834951457,71.9873786407767,16.7,50.0,31.9,31.6,92.8,24.12083333333333,67.47986111111109,18.7,45.4,32.5,32.3,89.1,68.72083333333333,20.3,20.1,46.4,33.5,27.4,36.0,93.7
22.625242718446607,87.67572815533981,20.3,74.0,26.4,26.1,98.0,23.65069444444445,75.81111111111113,16.7,50.0,31.9,31.6,92.8,67.47986111111109,18.6,18.7,45.4,32.5,25.3,32.3,89.1
22.57961165048544,75.79417475728155,17.4,52.7,32.4,31.1,95.0,22.088888888888906,89.97500000000004,19.8,74.0,26.4,26.1,99.9,75.81111111111113,16.4,16.7,50.0,31.9,25.6,31.6,92.8
24.440776699029122,74.36019417475727,16.5,45.9,34.0,35.9,99.5,21.853472222222226,79.23472222222223,17.4,52.7,32.4,31.1,98.4,89.97500000000004,19.7,19.8,74.0,26.4,23.7,26.1,99.9
21.440776699029122,87.47766990291262,18.6,62.5,31.1,29.2,98.1,23.75069444444444,76.7645833333333,16.5,45.9,34.0,35.9,99.5,79.23472222222223,17.4,17.4,52.7,32.4,24.3,31.1,98.4
24.136893203883496,81.97864077669902,18.8,53.8,33.2,34.0,98.8,21.540972222222226,87.5333333333333,18.6,62.5,31.1,29.2,98.1,76.7645833333333,16.0,16.5,45.9,34.0,26.1,35.9,99.5
21.40582524271845,96.20970873786406,19.8,92.8,24.2,23.8,98.9,23.48958333333333,84.4701388888889,18.8,53.8,33.2,34.0,98.8,87.5333333333333,18.2,18.6,62.5,31.1,23.6,29.2,98.1
24.26601941747573,86.1378640776699,21.5,68.0,29.3,28.8,100.0,21.598611111111087,97.23263888888887,19.8,92.8,24.2,23.8,100.0,84.4701388888889,18.5,18.8,53.8,33.2,25.5,34.0,98.8
26.1223300970874,67.68155339805823,17.8,43.1,36.9,34.7,95.9,23.662500000000005,86.81319444444439,19.4,68.0,29.3,28.8,100.0,97.23263888888887,19.6,19.8,92.8,24.2,22.8,23.8,100.0
20.842718446601936,91.79611650485434,18.5,73.0,25.8,25.5,100.0,25.107638888888893,73.3298611111111,17.8,43.1,36.9,34.7,95.9,86.81319444444439,18.9,19.4,68.0,29.3,24.2,28.8,100.0
24.49611650485436,80.68737864077674,18.4,49.9,35.3,34.6,100.0,20.538194444444443,93.41111111111107,18.5,73.0,25.8,25.5,100.0,73.3298611111111,17.1,17.8,43.1,36.9,26.1,34.7,95.9
28.379611650485444,69.38834951456313,20.0,47.0,37.8,36.8,95.8,24.08958333333333,83.01458333333336,18.4,49.9,35.3,34.6,100.0,93.41111111111107,18.2,18.5,73.0,25.8,23.3,25.5,100.0
27.582524271844655,81.90873786407771,22.1,59.6,35.7,36.4,98.4,27.4215277777778,74.28958333333331,20.0,47.0,37.8,36.8,98.0,83.01458333333336,18.1,18.4,49.9,35.3,25.9,34.6,100.0
27.923300970873772,84.11456310679617,23.7,61.8,35.1,35.2,98.3,27.010416666666675,83.9861111111111,22.1,59.6,35.7,36.4,98.4,74.28958333333331,19.7,20.0,47.0,37.8,27.8,36.8,98.0
29.038834951456305,83.97281553398057,24.0,58.4,38.0,37.6,100.0,27.392361111111107,86.0986111111112,23.7,61.8,35.1,35.2,98.3,83.9861111111111,21.8,22.1,59.6,35.7,28.5,36.4,98.4
28.191262135922337,86.68543689320394,24.7,68.7,33.3,33.6,100.0,28.07083333333334,85.9854166666667,24.0,58.4,38.0,37.6,100.0,86.0986111111112,23.5,23.7,61.8,35.1,28.2,35.2,98.3
28.57572815533981,87.73980582524273,25.1,64.7,35.6,35.9,100.0,27.66666666666667,88.62638888888893,24.7,68.7,33.3,33.6,100.0,85.9854166666667,23.8,24.0,58.4,38.0,29.4,37.6,100.0
29.676699029126212,83.35922330097091,24.9,60.0,36.3,37.1,100.0,28.043055555555547,89.45972222222225,25.1,64.7,35.6,35.9,100.0,88.62638888888893,24.6,24.7,68.7,33.3,28.5,33.6,100.0
29.436893203883496,83.85048543689321,24.3,66.2,36.1,35.8,97.9,28.792361111111106,84.79861111111113,24.9,60.0,36.3,37.1,100.0,89.45972222222225,25.0,25.1,64.7,35.6,28.8,35.9,100.0
29.301941747572805,84.16796116504855,24.0,66.9,35.6,34.3,100.0,28.67083333333333,86.25694444444453,24.3,66.2,36.1,35.8,98.7,84.79861111111113,24.5,24.9,60.0,36.3,30.4,37.1,100.0
27.16699029126213,91.23592233009713,25.4,81.6,30.2,29.6,99.2,28.42361111111111,85.6,24.0,66.9,35.6,34.3,100.0,86.25694444444453,23.9,24.3,66.2,36.1,29.3,35.8,98.7
25.77087378640778,94.76310679611656,24.5,88.2,27.6,27.4,98.0,26.57291666666667,92.58333333333334,24.6,81.6,30.2,29.6,99.2,85.6,23.7,24.0,66.9,35.6,29.1,34.3,100.0
26.23980582524272,94.54077669902912,24.0,82.6,30.0,29.3,100.0,25.68125,95.45000000000006,24.5,88.2,27.6,27.4,99.9,92.58333333333334,24.3,24.6,81.6,30.2,27.3,29.6,99.2
27.755339805825248,88.49611650485436,24.8,66.7,32.6,31.4,99.8,26.15000000000001,95.04652777777771,24.0,82.6,30.0,29.3,100.0,95.45000000000006,24.3,24.5,88.2,27.6,26.3,27.4,99.9
29.754368932038822,84.7514563106796,24.9,60.6,37.6,35.4,100.0,27.0465277777778,90.76597222222223,24.8,66.7,32.6,31.4,100.0,95.04652777777771,23.7,24.0,82.6,30.0,29.4,29.3,100.0
29.650485436893202,80.94466019417474,23.0,62.7,39.4,36.0,97.9,28.772222222222233,85.44652777777776,24.1,60.6,37.6,35.4,100.0,90.76597222222223,24.7,24.8,66.7,32.6,31.9,31.4,100.0
30.411650485436894,80.80776699029126,23.3,60.5,38.7,35.7,98.2,28.72916666666666,83.87916666666662,23.0,62.7,39.4,36.0,97.9,85.44652777777776,23.6,24.1,60.6,37.6,29.2,35.4,100.0
29.734951456310693,81.4456310679612,24.5,60.0,37.0,35.4,98.0,29.384722222222234,83.08611111111112,23.3,60.5,38.7,35.7,98.2,83.87916666666662,22.5,23.0,62.7,39.4,29.5,36.0,97.9
30.71165048543689,79.5621359223301,25.6,51.9,40.3,37.7,98.9,29.25833333333334,82.70902777777775,24.5,60.0,37.0,35.4,98.0,83.08611111111112,22.7,23.3,60.5,38.7,29.5,35.7,98.2
30.811650485436893,74.80776699029126,24.6,51.3,38.5,36.2,97.0,29.530555555555548,81.83472222222224,25.6,51.9,40.3,37.7,98.9,82.70902777777775,23.9,24.5,60.0,37.0,30.1,35.4,98.0
31.37281553398059,76.73592233009707,24.5,55.6,38.9,36.2,95.6,30.263888888888893,75.9597222222222,24.6,51.3,38.5,36.2,97.0,81.83472222222224,25.1,25.6,51.9,40.3,29.8,37.7,98.9
32.104854368932024,78.10388349514565,25.1,61.3,39.9,36.8,97.3,30.35972222222223,79.41874999999995,24.5,55.6,38.9,36.2,95.6,75.9597222222222,23.9,24.6,51.3,38.5,29.2,36.2,97.0
31.132038834951448,80.95436893203893,25.8,61.3,39.2,37.0,96.0,31.05138888888888,80.47083333333335,25.1,61.3,39.9,36.8,97.3,79.41874999999995,23.8,24.5,55.6,38.9,30.0,36.2,95.6
31.233009708737868,85.70000000000006,26.6,70.6,38.0,36.0,98.7,30.306249999999977,83.17430555555559,25.8,61.3,39.2,37.0,96.6,80.47083333333335,24.6,25.1,61.3,39.9,30.5,36.8,97.3
32.41553398058252,82.07475728155342,26.7,65.0,38.9,36.9,97.8,30.47083333333333,86.36875000000002,26.6,70.6,38.0,36.0,98.7,83.17430555555559,25.2,25.8,61.3,39.2,30.6,37.0,96.6
31.40582524271845,84.05339805825244,26.9,67.2,38.5,36.1,98.7,31.490277777777766,83.69583333333338,26.7,65.0,38.9,36.9,97.8,86.36875000000002,26.3,26.6,70.6,38.0,30.7,36.0,98.7
30.294174757281546,83.28058252427184,26.1,69.5,35.7,34.2,96.2,30.52708333333332,84.76180555555554,26.9,67.2,38.5,36.1,98.7,83.69583333333338,26.2,26.7,65.0,38.9,31.1,36.9,97.8
29.45339805825241,81.89708737864076,25.5,53.3,33.5,37.0,97.4,29.586111111111087,84.70625,26.1,69.5,35.7,34.2,96.2,84.76180555555554,26.4,26.9,67.2,38.5,30.8,36.1,98.7
30.82718446601941,80.38543689320387,25.9,45.8,37.1,41.2,100.0,29.243749999999995,87.34375000000004,26.3,63.5,36.1,36.3,99.6,81.9638888888889,26.4,26.4,42.6,37.2,31.7,40.8,98.9
30.8135922330097,81.21165048543689,26.9,49.7,37.7,41.0,98.9,30.11388888888888,83.52986111111116,25.9,45.8,37.1,41.2,100.0,87.34375000000004,26.3,26.3,63.5,36.1,30.3,36.3,99.6
27.558252427184467,89.86213592233005,25.2,62.0,36.3,36.9,99.6,30.00833333333333,83.47291666666666,26.6,49.7,37.7,41.0,98.9,83.52986111111116,25.9,25.9,45.8,37.1,32.1,41.2,100.0
28.52233009708737,86.26504854368936,25.5,63.5,34.3,35.4,100.0,27.04444444444444,91.73611111111107,25.2,62.0,36.3,36.9,99.6,83.47291666666666,26.4,26.6,49.7,37.7,32.3,41.0,98.9
28.074757281553396,54.08737864077669,22.7,29.4,36.1,35.5,72.9,28.088888888888878,87.9652777777778,25.4,63.5,34.3,35.4,100.0,91.73611111111107,25.0,25.2,62.0,36.3,30.1,36.9,99.6
26.674757281553394,62.62038834951455,19.8,40.6,34.8,35.1,82.2,27.21458333333334,59.97500000000001,22.7,29.4,36.1,35.5,83.6,87.9652777777778,25.4,25.4,63.5,34.3,29.8,35.4,100.0
26.19029126213593,67.81747572815534,19.7,39.6,35.2,35.0,91.2,25.547916666666666,66.1541666666667,19.8,40.6,34.8,35.1,86.4,59.97500000000001,22.5,22.7,29.4,36.1,27.1,35.5,83.6
26.005825242718448,75.68252427184463,20.9,59.2,32.4,32.4,87.8,25.372916666666665,70.36527777777779,19.7,39.6,35.2,35.0,91.2,66.1541666666667,19.6,19.8,40.6,34.8,27.8,35.1,86.4
31.21456310679612,77.62524271844661,25.6,56.1,38.7,38.5,95.7,26.24583333333334,81.13888888888884,20.9,59.2,32.4,32.4,100.0,70.36527777777779,19.3,19.7,39.6,35.2,27.8,35.0,91.2
32.69417475728157,77.48446601941747,26.3,48.7,41.8,40.5,98.8,30.252777777777766,80.71111111111115,25.6,56.1,38.7,38.5,95.7,81.13888888888884,20.5,20.9,59.2,32.4,27.3,32.4,100.0
30.552427184466016,78.64660194174758,26.9,66.3,38.0,37.6,93.0,31.551388888888912,78.65416666666665,26.3,48.7,41.8,40.5,98.8,80.71111111111115,25.6,25.6,56.1,38.7,30.3,38.5,95.7
28.786407766990283,91.6757281553398,26.9,71.4,34.4,34.9,100.0,29.66944444444444,82.84305555555557,26.9,66.3,38.0,37.6,99.1,78.65416666666665,26.2,26.3,48.7,41.8,31.1,40.5,98.8
29.72135922330097,88.18834951456314,26.6,71.7,37.0,35.4,97.0,28.347916666666652,91.54027777777776,26.9,71.4,34.4,34.9,100.0,82.84305555555557,27.0,26.9,66.3,38.0,30.5,37.6,99.1
31.53106796116505,79.54368932038834,24.5,54.2,38.3,38.9,99.5,29.021527777777766,89.67430555555555,26.1,71.7,37.0,35.4,98.3,91.54027777777776,26.9,26.9,71.4,34.4,29.5,34.9,100.0
31.32038834951457,77.56601941747574,23.9,53.6,38.3,38.7,97.2,30.446527777777767,81.92569444444443,24.5,54.2,38.3,38.9,99.5,89.67430555555555,25.6,26.1,71.7,37.0,29.7,35.4,98.3
29.66893203883495,79.21165048543689,24.3,59.3,38.9,36.7,97.1,30.39027777777777,79.67361111111114,23.9,53.6,38.3,38.7,97.2,81.92569444444443,24.0,24.5,54.2,38.3,30.7,38.9,99.5
30.961165048543677,79.3611650485437,24.9,55.7,38.6,37.1,97.6,29.050694444444442,82.02013888888888,24.3,59.3,38.9,36.7,97.1,79.67361111111114,23.5,23.9,53.6,38.3,30.3,38.7,97.2
29.878640776699022,84.43300970873788,25.1,66.7,35.9,33.1,99.2,29.817361111111087,82.30069444444446,24.9,55.7,38.6,37.1,97.6,82.02013888888888,23.7,24.3,59.3,38.9,29.6,36.7,97.1
31.73106796116504,81.7368932038835,24.3,54.1,40.3,38.0,100.0,28.715277777777768,88.80069444444445,25.1,66.7,35.9,33.1,100.0,82.30069444444446,24.6,24.9,55.7,38.6,30.1,37.1,97.6
26.654368932038828,84.19320388349516,24.1,68.6,32.2,30.5,95.9,30.096527777777766,82.81527777777772,24.3,54.1,40.3,38.0,100.0,88.80069444444445,24.5,25.1,66.7,35.9,29.6,33.1,100.0
28.29805825242718,82.04368932038834,23.6,61.1,37.0,35.2,95.7,26.145138888888887,85.71597222222223,24.1,68.6,32.2,30.5,95.9,82.81527777777772,24.3,24.3,54.1,40.3,30.9,38.0,100.0
29.565048543689326,79.00194174757284,23.0,55.3,40.3,37.5,94.7,27.29444444444445,84.1111111111111,23.6,61.1,37.0,35.2,95.7,85.71597222222223,23.8,24.1,68.6,32.2,27.5,30.5,95.9
27.27864077669904,90.79611650485441,24.7,78.6,35.3,32.6,96.0,28.62777777777779,80.6541666666667,23.0,55.3,40.3,37.5,94.7,84.1111111111111,23.2,23.6,61.1,37.0,28.9,35.2,95.7
29.465048543689324,83.3747572815534,24.3,61.9,38.2,35.8,99.2,27.02638888888889,92.36458333333336,24.7,78.6,35.3,32.6,97.7,80.6541666666667,22.6,23.0,55.3,40.3,29.3,37.5,94.7
27.1631067961165,80.11844660194177,22.7,55.9,36.3,31.8,94.5,28.219444444444445,84.52777777777774,24.3,61.9,38.2,35.8,99.2,92.36458333333336,24.2,24.7,78.6,35.3,28.3,32.6,97.7
26.85048543689321,86.87961165048544,23.2,76.6,32.8,30.6,96.4,26.68888888888889,82.61527777777779,22.7,55.9,36.3,31.8,94.5,84.52777777777774,23.6,24.3,61.9,38.2,29.0,35.8,99.2
28.154368932038842,86.02524271844659,25.8,72.7,34.6,33.2,94.4,26.70833333333333,87.62013888888886,23.2,76.6,32.8,30.6,96.4,82.61527777777779,22.1,22.7,55.9,36.3,27.3,31.8,94.5
29.219417475728164,84.89223300970875,24.9,62.5,38.5,36.8,98.3,27.395138888888887,87.76527777777773,25.0,72.7,34.6,33.2,95.9,87.62013888888886,22.9,23.2,76.6,32.8,27.4,30.6,96.4
25.13009708737865,92.20679611650486,23.0,83.5,31.0,29.2,96.1,28.28750000000001,86.05208333333331,24.9,62.5,38.5,36.8,98.3,87.76527777777773,24.6,25.0,72.7,34.6,28.0,33.2,95.9
23.233980582524282,80.68349514563107,20.0,63.4,29.9,27.6,90.2,24.41527777777778,91.00416666666666,21.7,83.5,31.0,29.2,96.1,86.05208333333331,24.5,24.9,62.5,38.5,29.3,36.8,98.3
22.5,76.0135922330097,20.8,61.4,27.8,27.2,90.3,23.09861111111111,80.18680555555551,20.0,63.4,29.9,27.6,90.2,91.00416666666666,21.2,21.7,83.5,31.0,26.9,29.2,96.1
23.635922330097088,75.87864077669903,19.7,54.2,32.5,30.4,89.0,21.74791666666666,78.28194444444446,19.9,61.4,27.8,27.2,90.3,80.18680555555551,19.6,20.0,63.4,29.9,24.8,27.6,90.2
22.979611650485435,86.3640776699029,20.6,77.2,28.1,27.0,91.9,23.42222222222223,78.40069444444447,19.7,54.2,32.5,30.4,90.9,78.28194444444446,19.5,19.9,61.4,27.8,23.8,27.2,90.3
23.58932038834952,90.18058252427187,22.0,75.8,27.7,27.5,97.2,22.861111111111125,87.23194444444445,20.6,77.2,28.1,27.0,94.8,78.40069444444447,19.4,19.7,54.2,32.5,24.4,30.4,90.9
27.95631067961165,80.90194174757279,22.5,57.5,36.2,34.4,97.5,23.36666666666666,91.56458333333336,22.0,75.8,27.7,27.5,97.2,87.23194444444445,20.2,20.6,77.2,28.1,24.3,27.0,94.8
28.11650485436893,67.15825242718446,24.3,42.0,33.4,32.2,88.9,27.31875000000001,82.95555555555555,22.5,57.5,36.2,34.4,97.5,91.56458333333336,21.7,22.0,75.8,27.7,24.5,27.5,97.2
26.465048543689324,68.98058252427185,19.5,46.8,34.1,33.1,90.1,27.230555555555554,67.40347222222225,23.4,42.0,33.4,32.2,88.9,82.95555555555555,22.2,22.5,57.5,36.2,27.1,34.4,97.5
25.809708737864074,68.5368932038835,19.1,45.9,36.0,32.9,88.7,25.56736111111111,71.04236111111112,19.5,46.8,34.1,33.1,90.1,67.40347222222225,23.4,23.4,42.0,33.4,25.9,32.2,88.9
21.515533980582518,87.37864077669899,20.5,81.6,24.0,23.7,93.1,24.95347222222223,73.22638888888889,19.1,45.9,36.0,32.9,90.8,71.04236111111112,18.8,19.5,46.8,34.1,26.4,33.1,90.1
21.04660194174758,88.49902912621363,19.4,80.8,24.0,23.7,93.4,21.099305555555546,88.12430555555551,20.1,81.6,24.0,23.7,93.1,73.22638888888889,18.4,19.1,45.9,36.0,29.4,32.9,90.8
25.89611650485437,80.27961165048539,21.7,54.6,35.4,31.7,95.5,21.232638888888886,89.35555555555555,19.4,80.8,24.0,23.7,93.4,88.12430555555551,19.7,20.1,81.6,24.0,22.9,23.7,93.1
25.766019417475718,70.86504854368933,20.0,49.6,36.5,31.5,89.5,25.175,77.32430555555545,21.6,54.6,35.4,31.7,95.5,89.35555555555555,18.9,19.4,80.8,24.0,23.0,23.7,93.4
25.82427184466018,82.71844660194175,21.8,58.7,33.6,30.8,97.9,25.20486111111109,75.6215277777778,20.0,49.6,36.5,31.5,91.8,77.32430555555545,21.1,21.6,54.6,35.4,25.2,31.7,95.5
22.207766990291272,87.33495145631069,20.9,79.1,24.4,23.9,94.6,25.17222222222221,84.93680555555558,21.8,58.7,33.6,30.8,97.9,75.6215277777778,19.5,20.0,49.6,36.5,25.2,31.5,91.8
23.158252427184447,80.96213592233008,20.4,61.7,28.0,26.6,94.1,21.679166666666664,88.72986111111112,20.1,79.1,24.4,23.9,94.6,84.93680555555558,21.5,21.8,58.7,33.6,26.2,30.8,97.9
19.92621359223301,86.90388349514559,18.1,67.4,24.3,23.3,95.8,21.90208333333333,83.6215277777778,18.5,61.7,28.0,26.6,94.4,88.72986111111112,19.8,20.1,79.1,24.4,24.0,23.9,94.6
22.650485436893202,73.32621359223302,14.8,48.6,36.2,30.5,92.7,19.5701388888889,86.10416666666666,17.2,67.4,24.3,23.3,95.8,83.6215277777778,17.9,18.5,61.7,28.0,23.7,26.6,94.4
19.984466019417468,85.64854368932038,19.2,79.6,21.3,21.2,92.0,21.92777777777778,77.2638888888889,14.8,48.6,36.2,30.5,92.7,86.10416666666666,16.5,17.2,67.4,24.3,22.1,23.3,95.8
23.873786407766985,86.72233009708741,19.9,71.3,29.9,28.4,95.4,19.828472222222207,85.30208333333333,19.1,78.4,21.3,21.2,92.0,77.2638888888889,14.0,14.8,48.6,36.2,23.3,30.5,92.7
28.166019417475727,73.92233009708737,21.6,49.1,38.9,34.4,93.5,24.128472222222207,89.6215277777778,19.9,71.3,29.9,28.4,99.7,85.30208333333333,18.6,19.1,78.4,21.3,21.6,21.2,92.0
25.299029126213583,68.16310679611645,16.3,41.5,38.0,33.5,89.1,25.743055555555557,75.2645833333333,18.4,49.1,38.9,34.4,93.5,89.6215277777778,19.6,19.9,71.3,29.9,23.9,28.4,99.7
24.600970873786405,72.35728155339805,16.2,43.9,39.0,34.2,91.5,23.88194444444445,71.42916666666662,16.3,41.5,38.0,33.5,90.4,75.2645833333333,17.5,18.4,49.1,38.9,26.2,34.4,93.5
22.931067961165052,87.66310679611652,19.8,77.7,27.8,26.5,93.1,23.48958333333334,76.77916666666668,16.2,43.9,39.0,34.2,91.5,71.42916666666662,15.9,16.3,41.5,38.0,25.0,33.5,90.4
18.653398058252424,87.44854368932037,12.3,58.9,34.1,37.7,97.9,13.452777777777778,92.42152777777777,11.1,75.4,21.0,21.6,98.2,89.42430555555558,11.5,12.0,54.4,33.2,23.4,32.4,100.0
14.639805825242714,94.31262135922329,12.3,84.7,21.8,22.6,99.7,17.217361111111103,89.54374999999996,12.2,58.9,34.1,37.7,97.9,92.42152777777777,11.3,11.1,75.4,21.0,16.0,21.6,98.2
20.383495145631066,81.28543689320388,11.4,41.7,40.2,34.2,100.0,14.110416666666667,95.81597222222223,12.0,84.7,21.8,22.6,100.0,89.54374999999996,11.6,12.2,58.9,34.1,22.0,37.7,97.9
20.32621359223301,80.77766990291259,11.0,41.1,40.2,34.3,98.7,18.589583333333326,85.72569444444447,11.4,41.7,40.2,34.2,100.0,95.81597222222223,11.7,12.0,84.7,21.8,16.2,22.6,100.0
16.404854368932046,92.38834951456309,11.6,70.6,28.5,30.2,100.0,18.46944444444444,85.19097222222223,11.0,41.1,40.2,34.3,98.9,85.72569444444447,11.1,11.4,41.7,40.2,20.1,34.2,100.0
19.758252427184466,85.32233009708739,12.2,41.9,38.8,33.0,100.0,15.526388888888896,94.53194444444445,11.6,70.6,28.5,30.2,100.0,85.19097222222223,11.0,11.0,41.1,40.2,20.4,34.3,98.9
18.62233009708737,84.87766990291263,11.9,34.9,38.9,35.3,98.4,17.990277777777774,88.19236111111111,12.2,41.9,38.8,33.0,100.0,94.53194444444445,11.8,11.6,70.6,28.5,18.1,30.2,100.0
19.628155339805826,82.80000000000003,12.3,41.6,38.8,33.1,97.5,17.202777777777776,87.89097222222225,11.9,34.9,38.9,35.3,98.4,88.19236111111111,11.7,12.2,41.9,38.8,19.6,33.0,100.0
20.197087378640774,80.14563106796116,12.0,42.4,38.7,33.3,93.8,17.887500000000006,85.42013888888886,12.2,41.6,38.8,33.1,97.5,87.89097222222225,11.8,11.9,34.9,38.9,19.4,35.3,98.4
15.20194174757281,91.08252427184462,11.8,61.3,27.1,25.9,99.1,18.475694444444443,83.42430555555555,12.0,42.4,38.7,33.3,94.9,85.42013888888886,12.2,12.2,41.6,38.8,23.2,33.1,97.5
19.10388349514564,82.16116504854365,12.0,38.4,39.2,33.5,95.7,14.689583333333326,92.1388888888888,11.8,61.3,27.1,25.9,99.1,83.42430555555555,11.9,12.0,42.4,38.7,23.5,33.3,94.9
17.099999999999998,87.48834951456307,11.8,59.3,30.0,31.3,97.5,17.581250000000015,85.04305555555554,12.0,38.4,39.2,33.5,95.7,92.1388888888888,12.2,11.8,61.3,27.1,17.9,25.9,99.1
19.586407766990305,83.28543689320392,11.5,50.7,34.7,33.3,95.5,16.031944444444445,89.85763888888883,11.8,59.3,30.0,31.3,97.6,85.04305555555554,11.8,12.0,38.4,39.2,22.2,33.5,95.7
19.762135922330085,84.0368932038835,12.1,46.2,35.1,32.4,97.8,18.039583333333336,85.7958333333333,11.5,50.7,34.7,33.3,95.5,89.85763888888883,12.1,11.8,59.3,30.0,19.6,31.3,97.6
18.427184466019426,85.75339805825244,12.0,45.1,37.5,33.7,94.9,18.14652777777777,86.32986111111109,12.1,46.2,35.1,32.4,97.8,85.7958333333333,11.6,11.5,50.7,34.7,22.6,33.3,95.5
18.39126213592233,85.65533980582522,12.2,46.8,33.5,31.6,97.2,17.050694444444446,87.52013888888891,11.7,45.1,37.5,33.7,94.9,86.32986111111109,12.4,12.1,46.2,35.1,22.9,32.4,97.8
19.621359223300963,79.67378640776697,11.5,44.7,37.3,34.7,92.1,16.963194444444447,87.28749999999998,12.0,46.8,33.5,31.6,97.2,87.52013888888891,12.0,11.7,45.1,37.5,21.5,33.7,94.9
15.450485436893208,89.69126213592234,11.7,80.1,21.9,23.2,95.1,18.090277777777775,82.75833333333338,11.5,44.7,37.3,34.7,93.7,87.28749999999998,12.2,12.0,46.8,33.5,20.7,31.6,97.2
19.481553398058246,83.57961165048545,12.1,48.5,35.8,33.8,96.8,14.918750000000005,91.15833333333332,11.7,80.1,21.9,23.2,97.6,82.75833333333338,11.7,11.5,44.7,37.3,23.0,34.7,93.7
17.516504854368936,85.52621359223302,10.3,46.9,30.5,31.0,98.7,17.89236111111111,85.57222222222225,11.4,48.5,35.8,33.8,96.8,91.15833333333332,12.1,11.7,80.1,21.9,17.4,23.2,97.6
13.135922330097086,98.64271844660195,11.1,94.6,18.7,20.7,100.0,16.242361111111105,89.59236111111113,10.3,46.9,30.5,31.0,100.0,85.57222222222225,12.0,11.4,48.5,35.8,22.4,33.8,96.8
18.9252427184466,82.37864077669903,11.1,46.3,34.9,31.9,98.8,12.843055555555553,98.8,11.1,94.6,18.7,20.7,100.0,89.59236111111113,10.8,10.3,46.9,30.5,20.4,31.0,100.0
19.16504854368932,83.71941747572812,11.0,50.4,35.0,35.1,95.4,17.34513888888889,84.55694444444441,11.1,46.3,34.9,31.9,98.8,98.8,11.4,11.1,94.6,18.7,15.7,20.7,100.0
17.47087378640777,88.55825242718443,10.8,67.5,29.1,33.2,95.8,17.770138888888887,85.74930555555554,11.0,50.4,35.0,35.1,95.4,84.55694444444441,11.2,11.1,46.3,34.9,21.8,31.9,98.8
19.329126213592232,87.43398058252428,12.1,41.5,35.2,35.3,99.3,16.65625,90.23611111111113,10.8,67.5,29.1,33.2,96.2,85.74930555555554,11.1,11.0,50.4,35.0,21.3,35.1,95.4
18.694174757281555,86.60582524271842,11.6,51.7,29.9,33.3,99.5,17.918055555555547,90.84305555555555,11.9,41.5,35.2,35.3,100.0,90.23611111111113,11.0,10.8,67.5,29.1,19.4,33.2,96.2
14.642718446601934,94.29320388349515,11.4,69.3,28.4,30.9,98.7,17.31874999999999,87.66180555555552,11.5,51.7,29.9,33.3,99.5,90.84305555555555,12.0,11.9,41.5,35.2,21.2,35.3,100.0
18.283495145631065,88.94854368932043,11.2,68.4,29.3,33.6,96.8,14.33888888888889,94.06944444444441,11.4,69.3,28.4,30.9,98.7,87.66180555555552,11.7,11.5,51.7,29.9,21.4,33.3,99.5
16.073786407766985,90.31941747572814,11.8,76.8,21.2,22.9,100.0,17.740972222222222,90.10486111111112,11.2,68.4,29.3,33.6,96.8,94.06944444444441,11.8,11.4,69.3,28.4,17.9,30.9,98.7
13.072815533980574,99.40388349514565,10.9,95.0,17.6,18.9,100.0,14.993055555555555,93.07569444444445,11.2,76.8,21.2,22.9,100.0,90.10486111111112,11.7,11.2,68.4,29.3,20.1,33.6,96.8
17.455339805825247,88.15339805825244,11.1,70.8,29.6,33.8,95.8,12.806249999999995,98.22152777777781,10.9,93.5,17.6,18.9,100.0,93.07569444444445,11.3,11.2,76.8,21.2,17.7,22.9,100.0
14.35825242718447,91.05436893203886,11.2,81.4,20.7,22.7,96.6,16.14722222222223,88.83888888888893,11.1,70.8,29.6,33.8,95.8,98.22152777777781,10.9,10.9,93.5,17.6,15.5,18.9,100.0
18.60582524271845,83.02621359223302,11.3,50.8,30.7,35.8,95.2,13.792361111111116,91.7375,11.2,81.4,20.7,22.7,96.6,88.83888888888893,11.2,11.1,70.8,29.6,19.4,33.8,95.8
18.4990291262136,83.98252427184465,11.3,49.2,32.3,34.9,95.5,17.254861111111108,84.50833333333334,11.3,50.8,30.7,35.8,95.2,91.7375,11.4,11.2,81.4,20.7,16.4,22.7,96.6
16.52912621359223,86.96893203883495,11.3,75.6,23.6,30.4,94.7,17.31458333333334,85.35277777777776,11.3,49.2,32.3,34.9,95.5,84.50833333333334,11.2,11.3,50.8,30.7,20.3,35.8,95.2
13.815533980582526,90.59708737864078,10.5,77.5,24.7,34.5,95.1,15.419444444444444,88.05902777777777,11.0,75.6,23.6,30.4,94.7,85.35277777777776,11.6,11.3,49.2,32.3,21.1,34.9,95.5
17.56407766990292,87.57378640776702,11.6,62.7,28.4,33.0,97.4,13.356944444444444,92.07361111111106,10.5,77.5,24.7,34.5,97.3,88.05902777777777,11.5,11.0,75.6,23.6,18.3,30.4,94.7
19.267961165048547,81.71262135922328,11.5,50.1,31.2,36.9,95.3,16.561111111111124,88.41250000000002,11.6,62.7,28.4,33.0,97.4,92.07361111111106,10.8,10.5,77.5,24.7,16.2,34.5,97.3
18.7747572815534,81.5621359223301,11.1,54.6,31.1,34.3,94.5,17.849305555555556,83.33263888888888,11.5,50.1,31.2,36.9,95.3,88.41250000000002,11.6,11.6,62.7,28.4,18.6,33.0,97.4
14.26699029126214,95.96407766990295,12.0,91.7,17.2,17.8,98.4,17.516666666666666,84.02916666666667,11.1,54.6,31.1,34.3,94.5,83.33263888888888,11.8,11.5,50.1,31.2,21.4,36.9,95.3
19.048543689320386,90.56116504854369,12.5,52.5,32.0,34.1,100.0,14.13819444444445,96.89583333333336,12.0,91.7,17.2,17.8,100.0,84.02916666666667,11.5,11.1,54.6,31.1,20.9,34.3,94.5
19.229126213592238,82.51844660194173,12.3,52.9,31.5,35.2,96.3,18.252083333333328,91.4104166666666,12.5,52.5,32.0,34.1,100.0,96.89583333333336,12.5,12.0,91.7,17.2,16.2,17.8,100.0
18.30291262135922,82.55242718446597,11.4,54.0,28.5,31.7,94.7,18.182638888888885,84.64027777777775,12.3,52.9,31.5,35.2,96.3,91.4104166666666,12.8,12.5,52.5,32.0,19.6,34.1,100.0
20.063106796116504,82.76893203883495,12.6,46.1,33.0,38.8,97.9,17.58333333333333,85.34305555555548,11.4,54.0,28.5,31.7,94.8,84.64027777777775,12.5,12.3,52.9,31.5,21.2,35.2,96.3
19.061165048543693,84.78640776699028,11.9,57.6,28.7,32.7,96.3,18.82083333333334,86.9784722222222,12.6,46.1,33.0,38.8,98.7,85.34305555555548,11.9,11.4,54.0,28.5,20.0,31.7,94.8
20.99514563106797,81.752427184466,12.3,44.3,34.5,38.0,98.2,18.3201388888889,86.8145833333333,11.9,57.6,28.7,32.7,96.3,86.9784722222222,13.1,12.6,46.1,33.0,21.2,38.8,98.7
21.445631067961155,80.00388349514566,12.7,41.8,32.6,38.6,96.8,19.980555555555558,84.38125000000002,12.3,44.3,34.5,38.0,98.2,86.8145833333333,12.3,11.9,57.6,28.7,20.7,32.7,96.3
18.588349514563106,86.25728155339806,12.2,65.7,28.1,33.8,95.0,20.163888888888884,82.25625000000005,12.7,41.8,32.6,38.6,96.8,84.38125000000002,12.9,12.3,44.3,34.5,22.0,38.0,98.2
15.334951456310682,96.86796116504856,12.7,94.7,18.0,18.4,99.7,18.14444444444443,88.1125,12.2,65.7,28.1,33.8,95.0,82.25625000000005,13.3,12.7,41.8,32.6,22.7,38.6,96.8
20.92233009708737,80.47475728155341,12.0,41.0,33.2,38.6,99.5,15.052777777777786,97.65416666666668,12.7,94.7,18.0,18.4,100.0,88.1125,12.8,12.2,65.7,28.1,20.5,33.8,95.0
19.53786407766991,76.40485436893205,11.9,40.8,29.1,37.5,93.8,19.755555555555546,83.01458333333333,12.0,41.0,33.2,38.6,99.5,97.65416666666668,13.2,12.7,94.7,18.0,18.1,18.4,100.0
16.296116504854368,91.32330097087379,13.5,80.3,21.3,22.9,97.4,18.8513888888889,80.4611111111111,11.9,40.8,29.1,37.5,93.8,83.01458333333333,12.3,12.0,41.0,33.2,21.9,38.6,99.5
17.17184466019418,91.32912621359226,13.2,59.0,29.5,33.7,97.4,15.8951388888889,92.46875,13.5,80.3,21.3,22.9,97.4,80.4611111111111,12.5,11.9,40.8,29.1,20.9,37.5,93.8
