H_mean_x,T20_min_x,H_min_x,T20_max_x,ST_max_x,T60_max_x,H_max_x,housa_x,H_mean_y,T20_min_y,H_min_y,T20_max_y,ST_max_y,T60_max_y,H_max_y,housa_y,H_mean_z,T20_min_z,H_min_z,T20_max_z,ST_max_z,T60_max_z,H_max_z,housa_z,days
76.59236111,4.9,35.8,35.9,20.5,32.1,93.4,2.778180546449,71.50694444,7.6,25.7,29.8,20.2,25.6,93.8,3.343632909959892,81.55833333,10.2,35.4,25.6,20.6,23.9,99.6,2.386306274657213,1.0
69.425,8.4,20.6,35.8,22.0,32.7,94.7,4.190183319029487,76.59236111,4.9,35.8,35.9,20.5,32.1,93.4,2.778180546449,71.50694444,7.6,25.7,29.8,20.2,25.6,93.8,3.343632909959892,2.0
94.09513889,12.2,86.7,23.9,18.8,22.7,100.0,0.7576817736845416,69.425,8.4,20.6,35.8,22.0,32.7,94.7,4.190183319029487,76.59236111,4.9,35.8,35.9,20.5,32.1,93.4,2.778180546449,3.0
77.93333333,13.4,25.4,34.0,22.8,29.6,100.0,3.378333587633971,94.09513889,12.2,86.7,23.9,18.8,22.7,100.0,0.7576817736845416,69.425,8.4,20.6,35.8,22.0,32.7,94.7,4.190183319029487,4.0
69.03333333,11.2,27.6,31.4,22.2,28.1,95.2,4.151370881247749,77.93333333,13.4,25.4,34.0,22.8,29.6,100.0,3.378333587633971,94.09513889,12.2,86.7,23.9,18.8,22.7,100.0,0.7576817736845416,5.0
86.73819444,11.5,45.7,32.1,21.8,30.2,99.4,1.8378318327929,69.03333333,11.2,27.6,31.4,22.2,28.1,95.2,4.151370881247749,77.93333333,13.4,25.4,34.0,22.8,29.6,100.0,3.378333587633971,6.0
88.05625,11.3,47.2,27.6,20.9,25.4,100.0,1.6281264149975148,86.73819444,11.5,45.7,32.1,21.8,30.2,99.4,1.8378318327929,69.03333333,11.2,27.6,31.4,22.2,28.1,95.2,4.151370881247749,7.0
74.15694444,9.4,35.8,31.9,21.6,29.0,96.0,3.4697704165224343,88.05625,11.3,47.2,27.6,20.9,25.4,100.0,1.6281264149975148,86.73819444,11.5,45.7,32.1,21.8,30.2,99.4,1.8378318327929,8.0
92.90694444,13.6,63.9,27.0,20.1,26.0,99.8,0.905155259795004,74.15694444,9.4,35.8,31.9,21.6,29.0,96.0,3.4697704165224343,88.05625,11.3,47.2,27.6,20.9,25.4,100.0,1.6281264149975148,9.0
84.26527778,12.7,50.0,31.9,21.2,28.5,100.0,2.1483060358999744,92.90694444,13.6,63.9,27.0,20.1,26.0,99.8,0.905155259795004,74.15694444,9.4,35.8,31.9,21.6,29.0,96.0,3.4697704165224343,10.0
77.22569444,11.1,38.0,31.9,23.1,28.7,97.3,3.2501311758593334,84.26527778,12.7,50.0,31.9,21.2,28.5,100.0,2.1483060358999744,92.90694444,13.6,63.9,27.0,20.1,26.0,99.8,0.905155259795004,11.0
70.46319444,11.6,36.7,32.8,23.1,29.8,95.2,4.423642454994419,77.22569444,11.1,38.0,31.9,23.1,28.7,97.3,3.2501311758593334,84.26527778,12.7,50.0,31.9,21.2,28.5,100.0,2.1483060358999744,12.0
73.05208333,12.4,38.0,35.9,25.2,32.0,95.3,4.206781854563522,70.46319444,11.6,36.7,32.8,23.1,29.8,95.2,4.423642454994419,77.22569444,11.1,38.0,31.9,23.1,28.7,97.3,3.2501311758593334,13.0
73.66944444,12.6,32.7,35.6,25.4,32.7,94.5,4.089191583385527,73.05208333,12.4,38.0,35.9,25.2,32.0,95.3,4.206781854563522,70.46319444,11.6,36.7,32.8,23.1,29.8,95.2,4.423642454994419,14.0
75.14444444,13.7,42.2,35.3,25.9,33.8,94.7,4.175933755983326,73.66944444,12.6,32.7,35.6,25.4,32.7,94.5,4.089191583385527,73.05208333,12.4,38.0,35.9,25.2,32.0,95.3,4.206781854563522,15.0
90.72569444,18.0,72.7,25.2,21.3,24.5,99.4,1.3493918028588414,75.14444444,13.7,42.2,35.3,25.9,33.8,94.7,4.175933755983326,73.66944444,12.6,32.7,35.6,25.4,32.7,94.5,4.089191583385527,16.0
81.76180556,14.4,55.4,31.9,24.5,27.7,100.0,2.7373272146475323,90.72569444,18.0,72.7,25.2,21.3,24.5,99.4,1.3493918028588414,75.14444444,13.7,42.2,35.3,25.9,33.8,94.7,4.175933755983326,17.0
67.55347222,12.5,38.7,33.3,23.9,30.9,91.3,4.785968969571631,81.76180556,14.4,55.4,31.9,24.5,27.7,100.0,2.7373272146475323,90.72569444,18.0,72.7,25.2,21.3,24.5,99.4,1.3493918028588414,18.0
77.47638889,15.1,59.1,28.0,21.8,25.7,92.6,3.2669516459941264,67.55347222,12.5,38.7,33.3,23.9,30.9,91.3,4.785968969571631,81.76180556,14.4,55.4,31.9,24.5,27.7,100.0,2.7373272146475323,19.0
63.8875,12.3,34.9,33.6,23.6,29.2,91.6,5.289355207167941,77.47638889,15.1,59.1,28.0,21.8,25.7,92.6,3.2669516459941264,67.55347222,12.5,38.7,33.3,23.9,30.9,91.3,4.785968969571631,20.0
70.88402778,12.5,35.7,34.5,25.1,31.7,93.7,4.5285106862683415,63.8875,12.3,34.9,33.6,23.6,29.2,91.6,5.289355207167941,77.47638889,15.1,59.1,28.0,21.8,25.7,92.6,3.2669516459941264,21.0
75.33402778,13.4,48.0,33.4,23.5,30.3,92.8,3.7016614770062506,70.88402778,12.5,35.7,34.5,25.1,31.7,93.7,4.5285106862683415,63.8875,12.3,34.9,33.6,23.6,29.2,91.6,5.289355207167941,22.0
73.53888889,14.0,41.0,33.5,24.6,30.6,93.2,4.231948223287088,75.33402778,13.4,48.0,33.4,23.5,30.3,92.8,3.7016614770062506,70.88402778,12.5,35.7,34.5,25.1,31.7,93.7,4.5285106862683415,23.0
88.81527778,15.0,69.9,27.1,21.2,26.2,99.8,1.5864121234845825,73.53888889,14.0,41.0,33.5,24.6,30.6,93.2,4.231948223287088,75.33402778,13.4,48.0,33.4,23.5,30.3,92.8,3.7016614770062506,24.0
80.32291667,13.8,59.2,26.6,21.9,25.1,100.0,2.940999864324345,88.81527778,15.0,69.9,27.1,21.2,26.2,99.8,1.5864121234845825,73.53888889,14.0,41.0,33.5,24.6,30.6,93.2,4.231948223287088,25.0
64.46319444,10.9,36.3,29.6,22.9,25.9,90.0,4.651627753476673,80.32291667,13.8,59.2,26.6,21.9,25.1,100.0,2.940999864324345,88.81527778,15.0,69.9,27.1,21.2,26.2,99.8,1.5864121234845825,26.0
67.02152778,9.1,37.0,30.1,22.3,28.1,91.8,4.5044315324727116,64.46319444,10.9,36.3,29.6,22.9,25.9,90.0,4.651627753476673,80.32291667,13.8,59.2,26.6,21.9,25.1,100.0,2.940999864324345,27.0
71.50416667,11.6,35.6,33.8,24.0,31.0,91.5,4.262571258752908,67.02152778,9.1,37.0,30.1,22.3,28.1,91.8,4.5044315324727116,64.46319444,10.9,36.3,29.6,22.9,25.9,90.0,4.651627753476673,28.0
97.57361111,15.4,89.7,20.7,19.4,20.3,100.0,0.3162470512157319,71.50416667,11.6,35.6,33.8,24.0,31.0,91.5,4.262571258752908,67.02152778,9.1,37.0,30.1,22.3,28.1,91.8,4.5044315324727116,29.0
94.175,15.3,83.1,23.2,20.2,22.4,100.0,0.792924692082775,97.57361111,15.4,89.7,20.7,19.4,20.3,100.0,0.3162470512157319,71.50416667,11.6,35.6,33.8,24.0,31.0,91.5,4.262571258752908,30.0
80.79722222,13.5,45.6,31.3,22.1,28.4,99.2,2.6466992350336738,94.175,15.3,83.1,23.2,20.2,22.4,100.0,0.792924692082775,97.57361111,15.4,89.7,20.7,19.4,20.3,100.0,0.3162470512157319,31.0
62.18888889,10.6,35.6,29.0,22.3,26.8,85.6,4.877567448573871,80.79722222,13.5,45.6,31.3,22.1,28.4,99.2,2.6466992350336738,94.175,15.3,83.1,23.2,20.2,22.4,100.0,0.792924692082775,32.0
66.69236111,8.6,27.6,32.2,22.8,28.8,92.1,4.4951705771178165,62.18888889,10.6,35.6,29.0,22.3,26.8,85.6,4.877567448573871,80.79722222,13.5,45.6,31.3,22.1,28.4,99.2,2.6466992350336738,33.0
73.73402778,10.7,38.0,33.8,23.4,30.9,94.1,3.825062550334216,66.69236111,8.6,27.6,32.2,22.8,28.8,92.1,4.4951705771178165,62.18888889,10.6,35.6,29.0,22.3,26.8,85.6,4.877567448573871,34.0
94.29027778,16.2,87.2,20.5,19.4,20.2,99.9,0.7736202263473501,73.73402778,10.7,38.0,33.8,23.4,30.9,94.1,3.825062550334216,66.69236111,8.6,27.6,32.2,22.8,28.8,92.1,4.4951705771178165,35.0
74.05416667,17.0,42.7,33.1,25.2,29.9,100.0,4.314510331309641,94.29027778,16.2,87.2,20.5,19.4,20.2,99.9,0.7736202263473501,73.73402778,10.7,38.0,33.8,23.4,30.9,94.1,3.825062550334216,36.0
75.31805556,14.6,49.5,33.8,26.0,32.6,93.4,4.139353846518923,74.05416667,17.0,42.7,33.1,25.2,29.9,100.0,4.314510331309641,94.29027778,16.2,87.2,20.5,19.4,20.2,99.9,0.7736202263473501,37.0
80.32430556,16.1,58.7,31.3,23.8,28.6,92.9,3.3178685771842784,75.31805556,14.6,49.5,33.8,26.0,32.6,93.4,4.139353846518923,74.05416667,17.0,42.7,33.1,25.2,29.9,100.0,4.314510331309641,38.0
80.41625,18.7,56.7,35.1,25.5,32.7,93.3,3.4856460037555377,80.32430556,16.1,58.7,31.3,23.8,28.6,92.9,3.3178685771842784,75.31805556,14.6,49.5,33.8,26.0,32.6,93.4,4.139353846518923,50.0
85.99236111,19.1,63.3,31.0,24.5,29.3,100.0,2.434645401660015,80.41625,18.7,56.7,35.1,25.5,32.7,93.3,3.4856460037555377,80.32430556,16.1,58.7,31.3,23.8,28.6,92.9,3.3178685771842784,51.0
88.84652778,19.0,71.0,28.5,24.0,29.1,99.8,1.8124528872141696,85.99236111,19.1,63.3,31.0,24.5,29.3,100.0,2.434645401660015,80.41625,18.7,56.7,35.1,25.5,32.7,93.3,3.4856460037555377,52.0
91.42708333,17.8,76.4,24.9,22.0,24.8,99.2,1.2451563273781063,88.84652778,19.0,71.0,28.5,24.0,29.1,99.8,1.8124528872141696,85.99236111,19.1,63.3,31.0,24.5,29.3,100.0,2.434645401660015,53.0
64.98055556,15.9,30.1,36.4,26.9,40.5,96.3,6.875833875480031,91.42708333,17.8,76.4,24.9,22.0,24.8,99.2,1.2451563273781063,88.84652778,19.0,71.0,28.5,24.0,29.1,99.8,1.8124528872141696,54.0
72.4875,16.5,34.6,33.7,26.9,39.3,100.0,5.170447024303508,64.98055556,15.9,30.1,36.4,26.9,40.5,96.3,6.875833875480031,91.42708333,17.8,76.4,24.9,22.0,24.8,99.2,1.2451563273781063,55.0
70.14375,17.1,32.5,33.9,27.9,39.0,97.5,5.802182489321575,72.4875,16.5,34.6,33.7,26.9,39.3,100.0,5.170447024303508,64.98055556,15.9,30.1,36.4,26.9,40.5,96.3,6.875833875480031,56.0
68.44166667,17.3,33.7,34.9,27.6,39.3,93.3,6.297779365564254,70.14375,17.1,32.5,33.9,27.9,39.0,97.5,5.802182489321575,72.4875,16.5,34.6,33.7,26.9,39.3,100.0,5.170447024303508,57.0
75.97916667,18.0,39.7,33.4,26.6,35.9,96.0,4.444112022231996,68.44166667,17.3,33.7,34.9,27.6,39.3,93.3,6.297779365564254,70.14375,17.1,32.5,33.9,27.9,39.0,97.5,5.802182489321575,58.0
93.57777778,17.9,83.6,26.7,23.5,26.4,100.0,1.0067941780826941,75.97916667,18.0,39.7,33.4,26.6,35.9,96.0,4.444112022231996,68.44166667,17.3,33.7,34.9,27.6,39.3,93.3,6.297779365564254,59.0
85.01875,19.6,46.0,33.1,26.2,37.8,100.0,2.7362063623249657,93.57777778,17.9,83.6,26.7,23.5,26.4,100.0,1.0067941780826941,75.97916667,18.0,39.7,33.4,26.6,35.9,96.0,4.444112022231996,60.0
83.61527778,18.6,42.1,34.2,26.5,40.5,100.0,3.0751561812706494,85.01875,19.6,46.0,33.1,26.2,37.8,100.0,2.7362063623249657,93.57777778,17.9,83.6,26.7,23.5,26.4,100.0,1.0067941780826941,61.0
79.64166667,19.7,38.6,36.6,27.5,40.7,100.0,4.101542461759498,83.61527778,18.6,42.1,34.2,26.5,40.5,100.0,3.0751561812706494,85.01875,19.6,46.0,33.1,26.2,37.8,100.0,2.7362063623249657,62.0
84.43472222,19.4,64.3,31.0,24.9,29.4,96.3,2.718815648175501,79.64166667,19.7,38.6,36.6,27.5,40.7,100.0,4.101542461759498,83.61527778,18.6,42.1,34.2,26.5,40.5,100.0,3.0751561812706494,63.0
82.44861111,22.1,59.0,36.1,26.2,34.7,94.9,3.4320478187882997,84.43472222,19.4,64.3,31.0,24.9,29.4,96.3,2.718815648175501,79.64166667,19.7,38.6,36.6,27.5,40.7,100.0,4.101542461759498,64.0
71.05625,20.1,48.0,36.6,28.0,36.9,95.1,6.0151394173905715,82.44861111,22.1,59.0,36.1,26.2,34.7,94.9,3.4320478187882997,84.43472222,19.4,64.3,31.0,24.9,29.4,96.3,2.718815648175501,65.0
69.60069444,18.2,47.7,35.5,25.8,33.6,89.1,5.485551172791852,71.05625,20.1,48.0,36.6,28.0,36.9,95.1,6.0151394173905715,82.44861111,22.1,59.0,36.1,26.2,34.7,94.9,3.4320478187882997,66.0
76.89583333,16.7,47.0,33.5,25.8,33.5,93.1,4.235471602703991,69.60069444,18.2,47.7,35.5,25.8,33.6,89.1,5.485551172791852,71.05625,20.1,48.0,36.6,28.0,36.9,95.1,6.0151394173905715,67.0
90.24652778,19.8,74.3,28.1,24.4,26.5,98.2,1.6244617663962382,76.89583333,16.7,47.0,33.5,25.8,33.5,93.1,4.235471602703991,69.60069444,18.2,47.7,35.5,25.8,33.6,89.1,5.485551172791852,68.0
80.75277778,17.1,54.7,32.5,24.6,30.6,95.9,3.182660890016082,90.24652778,19.8,74.3,28.1,24.4,26.5,98.2,1.6244617663962382,76.89583333,16.7,47.0,33.5,25.8,33.5,93.1,4.235471602703991,69.0
77.06180556,16.1,48.8,34.6,26.1,35.1,98.1,4.179902156720543,80.75277778,17.1,54.7,32.5,24.6,30.6,95.9,3.182660890016082,90.24652778,19.8,74.3,28.1,24.4,26.5,98.2,1.6244617663962382,70.0
87.97361111,18.3,68.0,31.9,24.2,29.1,95.5,1.9294438420531632,77.06180556,16.1,48.8,34.6,26.1,35.1,98.1,4.179902156720543,80.75277778,17.1,54.7,32.5,24.6,30.6,95.9,3.182660890016082,71.0
84.15347222,18.7,54.1,34.9,25.5,35.1,97.6,2.836249312768892,87.97361111,18.3,68.0,31.9,24.2,29.1,95.5,1.9294438420531632,77.06180556,16.1,48.8,34.6,26.1,35.1,98.1,4.179902156720543,72.0
97.41319444,19.7,92.2,24.6,23.3,24.0,100.0,0.4168613429713779,84.15347222,18.7,54.1,34.9,25.5,35.1,97.6,2.836249312768892,87.97361111,18.3,68.0,31.9,24.2,29.1,95.5,1.9294438420531632,73.0
87.02638889,18.9,66.7,30.6,24.5,30.0,100.0,2.2925017763553663,97.41319444,19.7,92.2,24.6,23.3,24.0,100.0,0.4168613429713779,84.15347222,18.7,54.1,34.9,25.5,35.1,97.6,2.836249312768892,74.0
73.47152778,16.9,44.7,37.2,26.1,34.8,94.4,5.052528329680727,87.02638889,18.9,66.7,30.6,24.5,30.0,100.0,2.2925017763553663,97.41319444,19.7,92.2,24.6,23.3,24.0,100.0,0.4168613429713779,75.0
92.81666667,18.4,73.7,25.9,24.0,25.7,100.0,1.103579087981253,73.47152778,16.9,44.7,37.2,26.1,34.8,94.4,5.052528329680727,87.02638889,18.9,66.7,30.6,24.5,30.0,100.0,2.2925017763553663,76.0
82.00972222,18.4,45.5,34.7,27.4,36.4,100.0,3.3868866724618085,92.81666667,18.4,73.7,25.9,24.0,25.7,100.0,1.103579087981253,73.47152778,16.9,44.7,37.2,26.1,34.8,94.4,5.052528329680727,77.0
73.56597222,19.6,41.1,38.2,29.9,39.3,96.4,5.7437384311417565,82.00972222,18.4,45.5,34.7,27.4,36.4,100.0,3.3868866724618085,92.81666667,18.4,73.7,25.9,24.0,25.7,100.0,1.103579087981253,78.0
83.85902778,22.0,53.8,36.4,29.4,39.0,97.4,3.4367352362733503,73.56597222,19.6,41.1,38.2,29.9,39.3,96.4,5.7437384311417565,82.00972222,18.4,45.5,34.7,27.4,36.4,100.0,3.3868866724618085,79.0
85.44027778,23.5,52.5,35.4,28.4,39.2,97.5,3.137168691711145,83.85902778,22.0,53.8,36.4,29.4,39.0,97.4,3.4367352362733503,73.56597222,19.6,41.1,38.2,29.9,39.3,96.4,5.7437384311417565,80.0
85.76666667,24.0,58.7,38.9,29.9,38.9,100.0,3.1552937061006117,85.44027778,23.5,52.5,35.4,28.4,39.2,97.5,3.137168691711145,83.85902778,22.0,53.8,36.4,29.4,39.0,97.4,3.4367352362733503,81.0
88.27569444,24.6,70.0,34.8,29.1,34.5,99.9,2.5663760693572555,85.76666667,24.0,58.7,38.9,29.9,38.9,100.0,3.1552937061006117,85.44027778,23.5,52.5,35.4,28.4,39.2,97.5,3.137168691711145,82.0
89.30694444,25.1,61.1,36.8,29.8,38.4,100.0,2.38474652988323,88.27569444,24.6,70.0,34.8,29.1,34.5,99.9,2.5663760693572555,85.76666667,24.0,58.7,38.9,29.9,38.9,100.0,3.1552937061006117,83.0
85.34583333,24.6,62.8,36.9,30.4,37.6,100.0,3.419595016726108,89.30694444,25.1,61.1,36.8,29.8,38.4,100.0,2.38474652988323,88.27569444,24.6,70.0,34.8,29.1,34.5,99.9,2.5663760693572555,84.0
86.34722222,24.1,66.2,37.2,29.7,36.3,98.3,3.0805133522073325,85.34583333,24.6,62.8,36.9,30.4,37.6,100.0,3.419595016726108,89.30694444,25.1,61.1,36.8,29.8,38.4,100.0,2.38474652988323,85.0
85.68472222,23.8,65.0,37.0,29.6,35.7,99.9,3.214156508119224,86.34722222,24.1,66.2,37.2,29.7,36.3,98.3,3.0805133522073325,85.34583333,24.6,62.8,36.9,30.4,37.6,100.0,3.419595016726108,86.0
92.24166667,24.4,82.6,31.2,27.7,29.9,99.5,1.5861827093474918,85.68472222,23.8,65.0,37.0,29.6,35.7,99.9,3.214156508119224,86.34722222,24.1,66.2,37.2,29.7,36.3,98.3,3.0805133522073325,87.0
93.95069444,24.4,88.0,27.9,26.5,27.4,98.8,1.1820453784469722,92.24166667,24.4,82.6,31.2,27.7,29.9,99.5,1.5861827093474918,85.68472222,23.8,65.0,37.0,29.6,35.7,99.9,3.214156508119224,88.0
93.44166667,23.9,79.3,30.0,29.4,30.5,100.0,1.312639837394206,93.95069444,24.4,88.0,27.9,26.5,27.4,98.8,1.1820453784469722,92.24166667,24.4,82.6,31.2,27.7,29.9,99.5,1.5861827093474918,89.0
89.90555556,24.7,62.0,33.3,32.2,34.0,100.0,2.121458593888096,93.44166667,23.9,79.3,30.0,29.4,30.5,100.0,1.312639837394206,93.95069444,24.4,88.0,27.9,26.5,27.4,98.8,1.1820453784469722,90.0
86.49444444,23.5,62.6,40.0,29.6,36.6,100.0,3.0473977678855566,89.90555556,24.7,62.0,33.3,32.2,34.0,100.0,2.121458593888096,93.44166667,23.9,79.3,30.0,29.4,30.5,100.0,1.312639837394206,91.0
85.09375,22.5,65.5,40.7,29.9,36.7,97.3,3.3627717367444427,86.49444444,23.5,62.6,40.0,29.6,36.6,100.0,3.0473977678855566,89.90555556,24.7,62.0,33.3,32.2,34.0,100.0,2.121458593888096,92.0
83.25972222,22.7,63.6,41.4,29.8,36.8,97.2,3.815330212403933,85.09375,22.5,65.5,40.7,29.9,36.7,97.3,3.3627717367444427,86.49444444,23.5,62.6,40.0,29.6,36.6,100.0,3.0473977678855566,93.0
83.71180556,24.0,58.7,39.1,29.2,36.7,99.3,3.7054376948387016,83.25972222,22.7,63.6,41.4,29.8,36.8,97.2,3.815330212403933,85.09375,22.5,65.5,40.7,29.9,36.7,97.3,3.3627717367444427,94.0
83.97708333,25.2,56.8,42.6,30.2,38.0,99.2,3.7408761439876126,83.71180556,24.0,58.7,39.1,29.2,36.7,99.3,3.7054376948387016,83.25972222,22.7,63.6,41.4,29.8,36.8,97.2,3.815330212403933,95.0
80.72152778,24.0,60.6,44.0,30.7,38.2,96.2,4.667564194674836,83.97708333,25.2,56.8,42.6,30.2,38.0,99.2,3.7408761439876126,83.71180556,24.0,58.7,39.1,29.2,36.7,99.3,3.7054376948387016,96.0
82.90763889,24.0,62.5,41.4,30.7,37.3,97.3,4.098043633398191,80.72152778,24.0,60.6,44.0,30.7,38.2,96.2,4.667564194674836,83.97708333,25.2,56.8,42.6,30.2,38.0,99.2,3.7408761439876126,97.0
83.55208333,24.6,66.8,42.5,31.2,37.0,97.7,4.045173794132573,82.90763889,24.0,62.5,41.4,30.7,37.3,97.3,4.098043633398191,80.72152778,24.0,60.6,44.0,30.7,38.2,96.2,4.667564194674836,1.0
85.03819444,25.0,64.6,41.8,31.0,37.6,96.8,3.6036554796933613,83.55208333,24.6,66.8,42.5,31.2,37.0,97.7,4.045173794132573,82.90763889,24.0,62.5,41.4,30.7,37.3,97.3,4.098043633398191,2.0
86.80625,26.4,70.5,40.0,31.0,36.6,99.0,3.2036474641153725,85.03819444,25.0,64.6,41.8,31.0,37.6,96.8,3.6036554796933613,83.55208333,24.6,66.8,42.5,31.2,37.0,97.7,4.045173794132573,3.0
85.44236111,26.3,68.6,41.2,31.6,37.5,99.4,3.6967462511590385,86.80625,26.4,70.5,40.0,31.0,36.6,99.0,3.2036474641153725,85.03819444,25.0,64.6,41.8,31.0,37.6,96.8,3.6036554796933613,4.0
86.27986111,26.5,66.9,41.2,31.2,36.6,98.2,3.3540545529287638,85.44236111,26.3,68.6,41.2,31.6,37.5,99.4,3.6967462511590385,86.80625,26.4,70.5,40.0,31.0,36.6,99.0,3.2036474641153725,5.0
87.27013889,25.5,69.9,39.7,30.0,34.7,97.0,2.9567487775019865,86.27986111,26.5,66.9,41.2,31.2,36.6,98.2,3.3540545529287638,85.44236111,26.3,68.6,41.2,31.6,37.5,99.4,3.6967462511590385,6.0
85.24166667,25.0,64.6,35.1,28.3,32.4,98.8,3.361471584300186,87.27013889,25.5,69.9,39.7,30.0,34.7,97.0,2.9567487775019865,86.27986111,26.5,66.9,41.2,31.2,36.6,98.2,3.3540545529287638,27.0
80.72430556,26.5,49.9,39.9,34.2,39.4,97.2,4.8112193220760195,85.24166667,25.0,64.6,35.1,28.3,32.4,98.8,3.361471584300186,87.27013889,25.5,69.9,39.7,30.0,34.7,97.0,2.9567487775019865,28.0
85.86805556,26.4,62.4,37.6,31.8,37.0,97.2,3.34507994221341,80.72430556,26.5,49.9,39.9,34.2,39.4,97.2,4.8112193220760195,85.24166667,25.0,64.6,35.1,28.3,32.4,98.8,3.361471584300186,29.0
82.46527778,26.0,57.1,40.9,34.1,39.0,99.1,4.385392203977928,85.86805556,26.4,62.4,37.6,31.8,37.0,97.2,3.34507994221341,80.72430556,26.5,49.9,39.9,34.2,39.4,97.2,4.8112193220760195,30.0
82.37569444,26.6,58.6,38.7,33.4,39.0,97.0,4.354275223346208,82.46527778,26.0,57.1,40.9,34.1,39.0,99.1,4.385392203977928,85.86805556,26.4,62.4,37.6,31.8,37.0,97.2,3.34507994221341,31.0
90.16805556,25.3,61.5,37.6,31.0,37.8,98.0,2.09498057644226,82.37569444,26.6,58.6,38.7,33.4,39.0,97.0,4.354275223346208,82.46527778,26.0,57.1,40.9,34.1,39.0,99.1,4.385392203977928,32.0
86.64583333,25.5,63.4,35.7,30.6,36.1,100.0,2.9647948874312884,90.16805556,25.3,61.5,37.6,31.0,37.8,98.0,2.09498057644226,82.37569444,26.6,58.6,38.7,33.4,39.0,97.0,4.354275223346208,33.0
63.01180556,22.2,26.7,40.0,31.3,41.9,83.6,8.428397784555091,86.64583333,25.5,63.4,35.7,30.6,36.1,100.0,2.9647948874312884,90.16805556,25.3,61.5,37.6,31.0,37.8,98.0,2.09498057644226,34.0
65.82083333,19.7,40.5,37.0,29.4,40.6,86.4,6.900604679482773,63.01180556,22.2,26.7,40.0,31.3,41.9,83.6,8.428397784555091,86.64583333,25.5,63.4,35.7,30.6,36.1,100.0,2.9647948874312884,35.0
70.52152778,19.4,33.9,38.3,29.6,39.8,91.8,5.931646274854756,65.82083333,19.7,40.5,37.0,29.4,40.6,86.4,6.900604679482773,63.01180556,22.2,26.7,40.0,31.3,41.9,83.6,8.428397784555091,36.0
82.48263889,20.7,54.6,37.5,28.7,37.6,100.0,3.5962206781227724,70.52152778,19.4,33.9,38.3,29.6,39.8,91.8,5.931646274854756,65.82083333,19.7,40.5,37.0,29.4,40.6,86.4,6.900604679482773,37.0
83.57083333,25.4,52.0,41.0,31.7,43.5,100.0,4.075350345809387,82.48263889,20.7,54.6,37.5,28.7,37.6,100.0,3.5962206781227724,70.52152778,19.4,33.9,38.3,29.6,39.8,91.8,5.931646274854756,38.0
80.01527778,26.2,46.0,43.8,32.3,43.3,99.7,5.178411746871318,83.57083333,25.4,52.0,41.0,31.7,43.5,100.0,4.075350345809387,82.48263889,20.7,54.6,37.5,28.7,37.6,100.0,3.5962206781227724,39.0
84.72847222,26.6,58.8,42.3,31.5,40.4,99.2,3.677518352208647,80.01527778,26.2,46.0,43.8,32.3,43.3,99.7,5.178411746871318,83.57083333,25.4,52.0,41.0,31.7,43.5,100.0,4.075350345809387,40.0
90.26875,26.9,67.0,35.8,30.1,36.5,100.0,2.1992380627622814,84.72847222,26.6,58.8,42.3,31.5,40.4,99.2,3.677518352208647,80.01527778,26.2,46.0,43.8,32.3,43.3,99.7,5.178411746871318,41.0
88.66180556,25.8,67.3,39.0,30.2,36.7,99.7,2.6207351582985607,90.26875,26.9,67.0,35.8,30.1,36.5,100.0,2.1992380627622814,84.72847222,26.6,58.8,42.3,31.5,40.4,99.2,3.677518352208647,42.0
82.70833333,24.2,58.5,41.0,31.7,39.6,100.0,4.288443933107485,88.66180556,25.8,67.3,39.0,30.2,36.7,99.7,2.6207351582985607,90.26875,26.9,67.0,35.8,30.1,36.5,100.0,2.1992380627622814,43.0
81.16597222,23.6,54.3,41.8,31.2,39.8,99.4,4.558591158199987,82.70833333,24.2,58.5,41.0,31.7,39.6,100.0,4.288443933107485,88.66180556,25.8,67.3,39.0,30.2,36.7,99.7,2.6207351582985607,44.0
85.25277778,23.8,62.3,41.5,30.4,37.2,99.1,3.364137752344365,81.16597222,23.6,54.3,41.8,31.2,39.8,99.4,4.558591158199987,82.70833333,24.2,58.5,41.0,31.7,39.6,100.0,4.288443933107485,45.0
83.85277778,24.6,61.6,40.9,30.5,37.9,98.9,3.795097899728997,85.25277778,23.8,62.3,41.5,30.4,37.2,99.1,3.364137752344365,81.16597222,23.6,54.3,41.8,31.2,39.8,99.4,4.558591158199987,46.0
90.18194444,24.6,66.9,38.0,30.1,33.8,100.0,2.1987012488211106,83.85277778,24.6,61.6,40.9,30.5,37.9,98.9,3.795097899728997,85.25277778,23.8,62.3,41.5,30.4,37.2,99.1,3.364137752344365,47.0
84.99861111,24.4,55.6,43.1,31.4,39.2,100.0,3.5677708104651304,90.18194444,24.6,66.9,38.0,30.1,33.8,100.0,2.1987012488211106,83.85277778,24.6,61.6,40.9,30.5,37.9,98.9,3.795097899728997,48.0
89.43055556,23.8,73.9,36.6,28.1,31.1,98.0,2.131293592787511,84.99861111,24.4,55.6,43.1,31.4,39.2,100.0,3.5677708104651304,90.18194444,24.6,66.9,38.0,30.1,33.8,100.0,2.1987012488211106,49.0
87.51527778,23.2,70.5,41.0,29.3,35.2,97.5,2.6189888704339963,89.43055556,23.8,73.9,36.6,28.1,31.1,98.0,2.131293592787511,84.99861111,24.4,55.6,43.1,31.4,39.2,100.0,3.5677708104651304,50.0
83.73680556,22.7,59.4,42.3,29.6,38.2,96.1,3.5839250159696023,87.51527778,23.2,70.5,41.0,29.3,35.2,97.5,2.6189888704339963,89.43055556,23.8,73.9,36.6,28.1,31.1,98.0,2.131293592787511,51.0
94.45694444,24.1,81.7,35.6,28.4,32.1,99.4,1.1495375827695444,83.73680556,22.7,59.4,42.3,29.6,38.2,96.1,3.5839250159696023,87.51527778,23.2,70.5,41.0,29.3,35.2,97.5,2.6189888704339963,52.0
86.79722222,23.9,60.4,40.1,29.3,36.1,100.0,2.903413928092029,94.45694444,24.1,81.7,35.6,28.4,32.1,99.4,1.1495375827695444,83.73680556,22.7,59.4,42.3,29.6,38.2,96.1,3.5839250159696023,53.0
86.79097222,22.1,69.1,35.2,28.0,32.7,97.4,2.7009398679853445,86.79722222,23.9,60.4,40.1,29.3,36.1,100.0,2.903413928092029,94.45694444,24.1,81.7,35.6,28.4,32.1,99.4,1.1495375827695444,54.0
89.81736111,22.8,80.8,31.9,27.8,30.5,97.5,2.0975103793512218,86.79097222,22.1,69.1,35.2,28.0,32.7,97.4,2.7009398679853445,86.79722222,23.9,60.4,40.1,29.3,36.1,100.0,2.903413928092029,55.0
89.67916667,24.8,72.5,34.6,28.3,33.1,97.6,2.2003466677388457,89.81736111,22.8,80.8,31.9,27.8,30.5,97.5,2.0975103793512218,86.79097222,22.1,69.1,35.2,28.0,32.7,97.4,2.7009398679853445,56.0
87.65347222,24.6,61.5,37.0,29.4,37.2,99.2,2.7308387878808698,89.67916667,24.8,72.5,34.6,28.3,33.1,97.6,2.2003466677388457,89.81736111,22.8,80.8,31.9,27.8,30.5,97.5,2.0975103793512218,57.0
93.18958333,20.9,84.5,31.9,27.3,29.1,98.3,1.269142168037102,87.65347222,24.6,61.5,37.0,29.4,37.2,99.2,2.7308387878808698,89.67916667,24.8,72.5,34.6,28.3,33.1,97.6,2.2003466677388457,58.0
85.31111111,19.6,71.0,31.0,25.4,28.6,94.0,2.5559949654235488,93.18958333,20.9,84.5,31.9,27.3,29.1,98.3,1.269142168037102,87.65347222,24.6,61.5,37.0,29.4,37.2,99.2,2.7308387878808698,59.0
82.88263889,19.5,68.1,30.1,24.4,27.5,93.8,2.7871835808564627,85.31111111,19.6,71.0,31.0,25.4,28.6,94.0,2.5559949654235488,93.18958333,20.9,84.5,31.9,27.3,29.1,98.3,1.269142168037102,60.0
82.98194444,19.2,58.4,35.8,25.1,32.4,92.3,2.9942119243505587,82.88263889,19.5,68.1,30.1,24.4,27.5,93.8,2.7871835808564627,85.31111111,19.6,71.0,31.0,25.4,28.6,94.0,2.5559949654235488,61.0
90.41805556,20.4,80.7,28.4,24.7,26.9,97.7,1.6406413379277978,82.98194444,19.2,58.4,35.8,25.1,32.4,92.3,2.9942119243505587,82.88263889,19.5,68.1,30.1,24.4,27.5,93.8,2.7871835808564627,62.0
94.28055556,21.9,80.6,28.8,24.9,27.4,100.0,1.0091065585062908,90.41805556,20.4,80.7,28.4,24.7,26.9,97.7,1.6406413379277978,82.98194444,19.2,58.4,35.8,25.1,32.4,92.3,2.9942119243505587,63.0
85.86180556,22.3,65.3,39.3,27.7,35.0,99.8,2.9692775183095765,94.28055556,21.9,80.6,28.8,24.9,27.4,100.0,1.0091065585062908,90.41805556,20.4,80.7,28.4,24.7,26.9,97.7,1.6406413379277978,64.0
77.95833333,22.1,54.6,38.5,27.7,34.5,93.0,4.591353286512458,85.86180556,22.3,65.3,39.3,27.7,35.0,99.8,2.9692775183095765,94.28055556,21.9,80.6,28.8,24.9,27.4,100.0,1.0091065585062908,65.0
78.03472222,18.9,59.9,39.3,27.0,33.2,93.1,4.2000474828405245,77.95833333,22.1,54.6,38.5,27.7,34.5,93.0,4.591353286512458,85.86180556,22.3,65.3,39.3,27.7,35.0,99.8,2.9692775183095765,66.0
78.51388889,18.0,52.4,37.3,28.7,33.4,93.0,3.981218280613721,78.03472222,18.9,59.9,39.3,27.0,33.2,93.1,4.2000474828405245,77.95833333,22.1,54.6,38.5,27.7,34.5,93.0,4.591353286512458,67.0
89.96388889,19.7,82.4,24.4,23.4,24.3,94.8,1.5724424590111263,78.51388889,18.0,52.4,37.3,28.7,33.4,93.0,3.981218280613721,78.03472222,18.9,59.9,39.3,27.0,33.2,93.1,4.2000474828405245,68.0
92.06319444,19.1,86.2,25.1,23.4,24.0,95.7,1.2638370647819746,89.96388889,19.7,82.4,24.4,23.4,24.3,94.8,1.5724424590111263,78.51388889,18.0,52.4,37.3,28.7,33.4,93.0,3.981218280613721,69.0
83.67083333,20.6,64.0,36.6,26.2,33.4,98.2,3.0712980841499107,92.06319444,19.1,86.2,25.1,23.4,24.0,95.7,1.2638370647819746,89.96388889,19.7,82.4,24.4,23.4,24.3,94.8,1.5724424590111263,70.0
82.00416667,19.4,59.6,33.6,25.9,32.1,95.7,3.3341493846630215,83.67083333,20.6,64.0,36.6,26.2,33.4,98.2,3.0712980841499107,92.06319444,19.1,86.2,25.1,23.4,24.0,95.7,1.2638370647819746,71.0
89.39027778,21.2,71.8,34.0,26.1,30.5,98.9,1.9959604503084485,82.00416667,19.4,59.6,33.6,25.9,32.1,95.7,3.3341493846630215,83.67083333,20.6,64.0,36.6,26.2,33.4,98.2,3.0712980841499107,72.0
93.13402778,20.1,83.9,25.5,24.7,24.3,98.7,1.1202183647407682,89.39027778,21.2,71.8,34.0,26.1,30.5,98.9,1.9959604503084485,82.00416667,19.4,59.6,33.6,25.9,32.1,95.7,3.3341493846630215,73.0
88.28611111,18.3,71.1,30.0,24.1,27.2,99.7,1.9104404590884128,93.13402778,20.1,83.9,25.5,24.7,24.3,98.7,1.1202183647407682,89.39027778,21.2,71.8,34.0,26.1,30.5,98.9,1.9959604503084485,74.0
90.5875,16.6,72.8,26.9,22.9,24.7,97.2,1.3823870699875838,88.28611111,18.3,71.1,30.0,24.1,27.2,99.7,1.9104404590884128,93.13402778,20.1,83.9,25.5,24.7,24.3,98.7,1.1202183647407682,75.0
80.89097222,14.3,53.5,34.0,23.9,29.9,96.0,3.0260338818308683,90.5875,16.6,72.8,26.9,22.9,24.7,97.2,1.3823870699875838,88.28611111,18.3,71.1,30.0,24.1,27.2,99.7,1.9104404590884128,76.0
88.38541667,18.6,82.8,21.8,22.0,21.4,94.4,1.7046431410979423,80.89097222,14.3,53.5,34.0,23.9,29.9,96.0,3.0260338818308683,90.5875,16.6,72.8,26.9,22.9,24.7,97.2,1.3823870699875838,77.0
93.22361111,19.6,74.8,29.9,24.4,28.3,100.0,1.2059556708298755,88.38541667,18.6,82.8,21.8,22.0,21.4,94.4,1.7046431410979423,80.89097222,14.3,53.5,34.0,23.9,29.9,96.0,3.0260338818308683,78.0
69.71875,17.6,41.5,37.8,24.1,34.5,92.7,5.783989231307952,93.22361111,19.6,74.8,29.9,24.4,28.3,100.0,1.2059556708298755,88.38541667,18.6,82.8,21.8,22.0,21.4,94.4,1.7046431410979423,104.0
88.54375,14.9,63.0,29.3,22.2,30.8,99.2,1.6985425962121754,69.71875,17.6,41.5,37.8,24.1,34.5,92.7,5.783989231307952,93.22361111,19.6,74.8,29.9,24.4,28.3,100.0,1.2059556708298755,20.0
80.25833333,12.3,52.7,28.2,21.5,29.4,94.6,2.669715916005692,88.54375,14.9,63.0,29.3,22.2,30.8,99.2,1.6985425962121754,69.71875,17.6,41.5,37.8,24.1,34.5,92.7,5.783989231307952,21.0
81.53472222,10.7,55.3,27.1,20.9,28.7,93.7,2.4069620072614337,80.25833333,12.3,52.7,28.2,21.5,29.4,94.6,2.669715916005692,88.54375,14.9,63.0,29.3,22.2,30.8,99.2,1.6985425962121754,22.0
80.79166667,11.0,51.2,28.4,20.8,29.8,95.4,2.4970084551194884,81.53472222,10.7,55.3,27.1,20.9,28.7,93.7,2.4069620072614337,80.25833333,12.3,52.7,28.2,21.5,29.4,94.6,2.669715916005692,23.0
83.37361111,11.8,52.8,26.5,20.1,29.1,95.0,2.0861247610767224,80.79166667,11.0,51.2,28.4,20.8,29.8,95.4,2.4970084551194884,81.53472222,10.7,55.3,27.1,20.9,28.7,93.7,2.4069620072614337,24.0
85.87986111,10.0,60.2,24.8,19.4,27.0,96.9,1.6874979631546256,83.37361111,11.8,52.8,26.5,20.1,29.1,95.0,2.0861247610767224,80.79166667,11.0,51.2,28.4,20.8,29.8,95.4,2.4970084551194884,25.0
82.27777778,9.4,48.9,27.6,19.5,30.0,96.1,2.2442375668378727,85.87986111,10.0,60.2,24.8,19.4,27.0,96.9,1.6874979631546256,83.37361111,11.8,52.8,26.5,20.1,29.1,95.0,2.0861247610767224,26.0
90.40694444,14.7,56.4,25.2,19.9,26.4,99.3,1.2922860168209962,82.27777778,9.4,48.9,27.6,19.5,30.0,96.1,2.2442375668378727,85.87986111,10.0,60.2,24.8,19.4,27.0,96.9,1.6874979631546256,27.0
96.18055556,15.5,85.2,23.2,19.6,24.2,100.0,0.51114373808575,90.40694444,14.7,56.4,25.2,19.9,26.4,99.3,1.2922860168209962,82.27777778,9.4,48.9,27.6,19.5,30.0,96.1,2.2442375668378727,28.0
93.90902778,15.8,70.2,27.9,21.0,29.4,100.0,0.9129102351150058,96.18055556,15.5,85.2,23.2,19.6,24.2,100.0,0.51114373808575,90.40694444,14.7,56.4,25.2,19.9,26.4,99.3,1.2922860168209962,29.0
97.525,17.9,77.4,24.8,21.2,25.6,100.0,0.3692495083808012,93.90902778,15.8,70.2,27.9,21.0,29.4,100.0,0.9129102351150058,96.18055556,15.5,85.2,23.2,19.6,24.2,100.0,0.51114373808575,30.0
91.43402778,16.5,66.2,27.3,21.8,28.6,100.0,1.2977401101381758,97.525,17.9,77.4,24.8,21.2,25.6,100.0,0.3692495083808012,93.90902778,15.8,70.2,27.9,21.0,29.4,100.0,0.9129102351150058,31.0
89.78819444,17.0,56.5,29.2,22.4,31.0,100.0,1.5908701669268268,91.43402778,16.5,66.2,27.3,21.8,28.6,100.0,1.2977401101381758,97.525,17.9,77.4,24.8,21.2,25.6,100.0,0.3692495083808012,32.0
98.66111111,17.6,86.7,24.0,20.9,24.9,100.0,0.19115568245240147,89.78819444,17.0,56.5,29.2,22.4,31.0,100.0,1.5908701669268268,91.43402778,16.5,66.2,27.3,21.8,28.6,100.0,1.2977401101381758,33.0
90.48541667,17.3,59.2,27.6,21.9,29.1,100.0,1.4679701630219462,98.66111111,17.6,86.7,24.0,20.9,24.9,100.0,0.19115568245240147,89.78819444,17.0,56.5,29.2,22.4,31.0,100.0,1.5908701669268268,34.0
87.10416667,14.8,57.2,26.8,21.4,27.6,99.6,1.8535471523828675,90.48541667,17.3,59.2,27.6,21.9,29.1,100.0,1.4679701630219462,98.66111111,17.6,86.7,24.0,20.9,24.9,100.0,0.19115568245240147,35.0
91.23125,16.0,63.1,25.5,21.1,26.6,100.0,1.2804516215004664,87.10416667,14.8,57.2,26.8,21.4,27.6,99.6,1.8535471523828675,90.48541667,17.3,59.2,27.6,21.9,29.1,100.0,1.4679701630219462,36.0
94.91597222,17.2,77.0,23.7,21.0,24.3,100.0,0.7213901829612801,91.23125,16.0,63.1,25.5,21.1,26.6,100.0,1.2804516215004664,87.10416667,14.8,57.2,26.8,21.4,27.6,99.6,1.8535471523828675,37.0
88.48888889,14.9,57.1,25.8,20.9,26.8,99.5,1.6089427924596675,94.91597222,17.2,77.0,23.7,21.0,24.3,100.0,0.7213901829612801,91.23125,16.0,63.1,25.5,21.1,26.6,100.0,1.2804516215004664,38.0
86.32430556,13.5,52.6,24.1,20.1,25.0,99.6,1.812236662198224,88.48888889,14.9,57.1,25.8,20.9,26.8,99.5,1.6089427924596675,94.91597222,17.2,77.0,23.7,21.0,24.3,100.0,0.7213901829612801,39.0
87.34305556,13.6,58.6,26.4,20.4,27.2,98.9,1.7283378070653896,86.32430556,13.5,52.6,24.1,20.1,25.0,99.6,1.812236662198224,88.48888889,14.9,57.1,25.8,20.9,26.8,99.5,1.6089427924596675,40.0
87.70763889,15.4,53.0,25.3,20.6,25.9,100.0,1.7423278806734006,87.34305556,13.6,58.6,26.4,20.4,27.2,98.9,1.7283378070653896,86.32430556,13.5,52.6,24.1,20.1,25.0,99.6,1.812236662198224,41.0
87.43125,14.5,57.0,25.5,20.5,26.4,100.0,1.7176576456653267,87.70763889,15.4,53.0,25.3,20.6,25.9,100.0,1.7423278806734006,87.34305556,13.6,58.6,26.4,20.4,27.2,98.9,1.7283378070653896,42.0
96.52916667,15.6,89.1,21.8,19.8,22.7,99.7,0.4599046604716818,87.43125,14.5,57.0,25.5,20.5,26.4,100.0,1.7176576456653267,87.70763889,15.4,53.0,25.3,20.6,25.9,100.0,1.7423278806734006,43.0
88.50138889,14.1,53.1,22.8,19.6,24.9,99.9,1.4963501015818268,96.52916667,15.6,89.1,21.8,19.8,22.7,99.7,0.4599046604716818,87.43125,14.5,57.0,25.5,20.5,26.4,100.0,1.7176576456653267,44.0
88.33819444,13.1,48.0,26.1,19.8,28.1,100.0,1.5357608158595966,88.50138889,14.1,53.1,22.8,19.6,24.9,99.9,1.4963501015818268,96.52916667,15.6,89.1,21.8,19.8,22.7,99.7,0.4599046604716818,45.0
94.69166667,14.8,69.6,22.9,19.7,23.7,99.5,0.6843923048268798,88.33819444,13.1,48.0,26.1,19.8,28.1,100.0,1.5357608158595966,88.50138889,14.1,53.1,22.8,19.6,24.9,99.9,1.4963501015818268,46.0
88.23194444,13.5,56.8,24.7,19.9,25.6,98.5,1.5090831437204122,94.69166667,14.8,69.6,22.9,19.7,23.7,99.5,0.6843923048268798,88.33819444,13.1,48.0,26.1,19.8,28.1,100.0,1.5357608158595966,47.0
84.96666667,12.7,52.9,24.6,19.2,26.2,97.3,1.8854856988982407,88.23194444,13.5,56.8,24.7,19.9,25.6,98.5,1.5090831437204122,94.69166667,14.8,69.6,22.9,19.7,23.7,99.5,0.6843923048268798,48.0
84.63680556,12.6,53.6,23.3,19.1,24.0,97.1,1.9346078023737368,84.96666667,12.7,52.9,24.6,19.2,26.2,97.3,1.8854856988982407,88.23194444,13.5,56.8,24.7,19.9,25.6,98.5,1.5090831437204122,49.0
