date,disease,T20_mean_x,ST_mean_x,T60_mean_x,H_mean_x,T20_max_x,ST_max_x,T60_max_x,T20_mean_y,ST_mean_y,T60_mean_y,H_mean_y,ST_max_y,T60_max_y,T20_mean_z,T60_mean_z,H_mean_z,ST_max_z,T60_max_z
2016-09-19,0,25.309027777777786,25.460416666666656,25.42083333333332,97.46527777777777,27.4,25.8,26.7,26.823611111111106,25.492361111111112,26.090277777777768,88.90277777777777,27.2,31.5,25.548611111111132,25.130555555555574,90.75694444444444,26.1,29.1
2016-09-20,0,27.23333333333333,25.878472222222214,26.48680555555556,87.86111111111109,37.5,28.1,33.5,25.309027777777786,25.460416666666656,25.42083333333332,97.46527777777777,25.8,26.7,26.823611111111106,26.090277777777768,88.90277777777777,27.2,31.5
2016-09-21,1,23.45277777777777,24.41319444444445,23.564583333333346,92.13194444444444,28.2,25.4,26.4,27.23333333333333,25.878472222222214,26.48680555555556,87.86111111111109,28.1,33.5,25.309027777777786,25.42083333333332,97.46527777777777,25.8,26.7
2016-09-22,1,23.66875,23.19375000000001,23.230555555555572,86.77777777777777,32.2,25.2,28.5,23.45277777777777,24.41319444444445,23.564583333333346,92.13194444444444,25.4,26.4,27.23333333333333,26.48680555555556,87.86111111111109,28.1,33.5
2016-09-23,1,22.84930555555555,23.00277777777779,22.869444444444433,96.32638888888887,29.9,27.8,28.6,23.66875,23.19375000000001,23.230555555555572,86.77777777777777,25.2,28.5,23.45277777777777,23.564583333333346,92.13194444444444,25.4,26.4
2016-09-24,1,23.722222222222207,23.720138888888854,23.535416666666656,97.68055555555556,30.2,24.5,27.0,22.84930555555555,23.00277777777779,22.869444444444433,96.32638888888887,27.8,28.6,23.66875,23.230555555555572,86.77777777777777,25.2,28.5
2016-09-25,1,22.18541666666667,23.131249999999977,22.23125000000001,98.57638888888887,27.1,23.6,24.4,23.722222222222207,23.720138888888854,23.535416666666656,97.68055555555556,24.5,27.0,22.84930555555555,22.869444444444433,96.32638888888887,27.8,28.6
2016-09-26,1,24.697222222222226,23.26458333333333,23.521527777777795,86.11805555555556,36.6,25.5,29.5,22.18541666666667,23.131249999999977,22.23125000000001,98.57638888888887,23.6,24.4,23.722222222222207,23.535416666666656,97.68055555555556,24.5,27.0
2016-09-27,1,26.053472222222204,24.4138888888889,25.24722222222222,88.03472222222223,36.1,26.9,32.1,24.697222222222226,23.26458333333333,23.521527777777795,86.11805555555556,25.5,29.5,22.18541666666667,22.23125000000001,98.57638888888887,23.6,24.4
2016-09-28,1,27.23541666666668,25.51527777777777,26.457638888888887,86.14583333333331,39.2,34.2,35.4,26.053472222222204,24.4138888888889,25.24722222222222,88.03472222222223,26.9,32.1,24.697222222222226,23.521527777777795,86.11805555555556,25.5,29.5
2016-09-29,1,25.74861111111112,25.33958333333333,25.540972222222226,95.88194444444444,32.9,26.3,29.3,27.23541666666668,25.51527777777777,26.457638888888887,86.14583333333331,34.2,35.4,26.053472222222204,25.24722222222222,88.03472222222223,26.9,32.1
2016-09-30,1,25.9625,25.17013888888888,25.43333333333333,84.6736111111111,36.8,27.4,33.6,25.74861111111112,25.33958333333333,25.540972222222226,95.88194444444444,26.3,29.3,27.23541666666668,26.457638888888887,86.14583333333331,34.2,35.4
2016-10-01,1,22.86805555555557,23.00833333333333,22.73472222222219,78.2986111111111,30.5,24.4,26.7,25.9625,25.17013888888888,25.43333333333333,84.6736111111111,27.4,33.6,25.74861111111112,25.540972222222226,95.88194444444444,26.3,29.3
2016-10-02,1,24.55694444444445,23.722222222222232,24.14861111111113,86.14583333333331,31.5,25.5,29.4,22.86805555555557,23.00833333333333,22.73472222222219,78.2986111111111,24.4,26.7,25.9625,25.43333333333333,84.6736111111111,27.4,33.6
2016-10-03,1,25.77291666666666,25.237500000000008,25.680555555555557,85.86805555555556,34.5,33.5,34.6,24.55694444444445,23.722222222222232,24.14861111111113,86.14583333333331,25.5,29.4,22.86805555555557,22.73472222222219,78.2986111111111,24.4,26.7
2016-10-04,1,23.790972222222226,24.072222222222205,23.74374999999999,93.63194444444444,28.8,27.5,27.7,25.77291666666666,25.237500000000008,25.680555555555557,85.86805555555556,33.5,34.6,24.55694444444445,24.14861111111113,86.14583333333331,25.5,29.4
2016-10-05,1,25.31250000000001,24.257638888888888,24.54999999999999,85.92361111111109,38.0,27.2,32.1,23.790972222222226,24.072222222222205,23.74374999999999,93.63194444444444,27.5,27.7,25.77291666666666,25.680555555555557,85.86805555555556,33.5,34.6
2016-10-06,1,24.077777777777786,23.611805555555573,23.867361111111126,89.98611111111109,31.4,25.0,29.2,25.31250000000001,24.257638888888888,24.54999999999999,85.92361111111109,27.2,32.1,23.790972222222226,23.74374999999999,93.63194444444444,27.5,27.7
2016-10-07,1,25.30416666666667,23.972916666666666,24.24305555555555,73.49305555555556,41.6,35.0,34.2,24.077777777777786,23.611805555555573,23.867361111111126,89.98611111111109,25.0,29.2,25.31250000000001,24.54999999999999,85.92361111111109,27.2,32.1
2016-10-08,1,23.362500000000008,22.47569444444445,22.42152777777777,74.03472222222223,38.0,25.4,29.3,25.30416666666667,23.972916666666666,24.24305555555555,73.49305555555556,35.0,34.2,24.077777777777786,23.867361111111126,89.98611111111109,25.0,29.2
2016-10-09,1,24.480555555555547,23.39236111111111,24.0875,86.79166666666669,35.2,25.1,30.4,23.362500000000008,22.47569444444445,22.42152777777777,74.03472222222223,25.4,29.3,25.30416666666667,24.24305555555555,73.49305555555556,35.0,34.2
2016-10-10,1,21.84305555555556,22.667361111111106,21.97986111111112,83.97222222222223,29.6,24.3,26.5,24.480555555555547,23.39236111111111,24.0875,86.79166666666669,25.1,30.4,23.362500000000008,22.42152777777777,74.03472222222223,25.4,29.3
2016-10-11,1,20.38125,20.650694444444454,19.870833333333334,80.34722222222223,31.0,22.4,25.7,21.84305555555556,22.667361111111106,21.97986111111112,83.97222222222223,24.3,26.5,24.480555555555547,24.0875,86.79166666666669,25.1,30.4
2016-10-12,1,21.004166666666666,20.73055555555555,20.538194444444443,82.19444444444444,32.7,32.6,32.4,20.38125,20.650694444444454,19.870833333333334,80.34722222222223,22.4,25.7,21.84305555555556,21.97986111111112,83.97222222222223,24.3,26.5
2016-10-13,1,21.252777777777773,21.959722222222208,21.334722222222226,74.25694444444444,34.4,35.0,34.1,21.004166666666666,20.73055555555555,20.538194444444443,82.19444444444444,32.6,32.4,20.38125,19.870833333333334,80.34722222222223,22.4,25.7
2016-10-14,1,17.915972222222212,19.13125,17.737500000000008,86.77083333333331,28.9,23.6,24.0,21.252777777777773,21.959722222222208,21.334722222222226,74.25694444444444,35.0,34.1,21.004166666666666,20.538194444444443,82.19444444444444,32.6,32.4
2016-10-15,1,18.294444444444448,19.17361111111112,18.048611111111114,86.59722222222223,28.5,21.0,24.8,17.915972222222212,19.13125,17.737500000000008,86.77083333333331,23.6,24.0,21.252777777777773,21.334722222222226,74.25694444444444,35.0,34.1
2016-10-16,1,19.24791666666666,19.455555555555552,18.782638888888886,79.83333333333333,32.2,31.9,31.8,18.294444444444448,19.17361111111112,18.048611111111114,86.59722222222223,21.0,24.8,17.915972222222212,17.737500000000008,86.77083333333331,23.6,24.0
2016-10-17,1,20.997222222222234,19.598611111111094,19.993749999999988,74.19444444444444,36.6,22.7,29.4,19.24791666666666,19.455555555555552,18.782638888888886,79.83333333333333,31.9,31.8,18.294444444444448,18.048611111111114,86.59722222222223,21.0,24.8
2016-10-18,1,19.681250000000013,20.13888888888888,19.68125,94.5625,24.1,20.8,22.2,20.997222222222234,19.598611111111094,19.993749999999988,74.19444444444444,22.7,29.4,19.24791666666666,18.782638888888886,79.83333333333333,31.9,31.8
2016-10-19,1,22.677777777777766,21.197222222222205,21.802083333333343,88.04861111111109,37.1,24.0,29.9,19.681250000000013,20.13888888888888,19.68125,94.5625,20.8,22.2,20.997222222222234,19.993749999999988,74.19444444444444,22.7,29.4
2016-10-20,1,22.16597222222221,21.69375,21.89097222222223,90.91666666666669,31.8,23.9,29.1,22.677777777777766,21.197222222222205,21.802083333333343,88.04861111111109,24.0,29.9,19.681250000000013,19.68125,94.5625,20.8,22.2
2016-10-21,1,22.29375,21.781944444444452,21.85,84.66666666666667,33.8,24.2,29.5,22.16597222222221,21.69375,21.89097222222223,90.91666666666669,23.9,29.1,22.677777777777766,21.802083333333343,88.04861111111109,24.0,29.9
2016-10-22,1,18.93194444444445,19.925,18.90347222222223,83.08333333333333,27.7,21.6,25.1,22.29375,21.781944444444452,21.85,84.66666666666667,24.2,29.5,22.16597222222221,21.89097222222223,90.91666666666669,23.9,29.1
2016-10-23,1,19.472916666666656,19.8826388888889,19.340277777777786,91.38888888888887,27.1,21.1,24.6,18.93194444444445,19.925,18.90347222222223,83.08333333333333,21.6,25.1,22.29375,21.85,84.66666666666667,24.2,29.5
2016-10-24,1,19.418055555555554,19.92708333333335,19.28125,89.25,26.5,21.5,24.7,19.472916666666656,19.8826388888889,19.340277777777786,91.38888888888887,21.1,24.6,18.93194444444445,18.90347222222223,83.08333333333333,21.6,25.1
2016-10-25,1,16.769444444444446,18.358333333333327,16.766666666666666,83.40972222222223,26.0,19.9,23.5,19.418055555555554,19.92708333333335,19.28125,89.25,21.5,24.7,19.472916666666656,19.340277777777786,91.38888888888887,21.1,24.6
2016-10-26,1,15.759027777777774,17.159722222222246,15.829166666666673,93.61111111111113,20.5,18.0,19.0,16.769444444444446,18.358333333333327,16.766666666666666,83.40972222222223,19.9,23.5,19.418055555555554,19.28125,89.25,21.5,24.7
2016-10-27,1,21.251388888888886,19.749305555555555,20.62777777777778,90.61805555555556,31.6,22.0,27.2,15.759027777777774,17.159722222222246,15.829166666666673,93.61111111111113,18.0,19.0,16.769444444444446,16.766666666666666,83.40972222222223,19.9,23.5
2016-10-28,1,19.44097222222221,19.78263888888889,19.20833333333333,80.84722222222223,30.9,26.0,28.1,21.251388888888886,19.749305555555555,20.62777777777778,90.61805555555556,22.0,27.2,15.759027777777774,15.829166666666673,93.61111111111113,18.0,19.0
2016-10-29,1,17.299305555555566,17.911805555555578,17.413888888888867,98.93055555555556,19.5,18.9,18.9,19.44097222222221,19.78263888888889,19.20833333333333,80.84722222222223,26.0,28.1,21.251388888888886,20.62777777777778,90.61805555555556,22.0,27.2
2016-10-30,1,19.843750000000004,19.52847222222223,19.387500000000017,81.60416666666667,30.7,23.1,27.7,17.299305555555566,17.911805555555578,17.413888888888867,98.93055555555556,18.9,18.9,19.44097222222221,19.20833333333333,80.84722222222223,26.0,28.1
2016-10-31,1,16.15069444444445,17.493055555555557,15.829861111111107,79.27777777777777,26.8,19.6,23.0,19.843750000000004,19.52847222222223,19.387500000000017,81.60416666666667,23.1,27.7,17.299305555555566,17.413888888888867,98.93055555555556,18.9,18.9
2016-11-01,1,16.78055555555557,17.040277777777778,16.265277777777786,86.75694444444444,26.3,19.0,22.6,16.15069444444445,17.493055555555557,15.829861111111107,79.27777777777777,19.6,23.0,19.843750000000004,19.387500000000017,81.60416666666667,23.1,27.7
2016-11-02,1,16.984027777777786,17.522222222222215,16.427083333333336,85.83333333333333,30.3,20.2,25.5,16.78055555555557,17.040277777777778,16.265277777777786,86.75694444444444,19.0,22.6,16.15069444444445,15.829861111111107,79.27777777777777,19.6,23.0
2016-11-03,1,15.402083333333335,16.441666666666652,15.15763888888889,90.29861111111113,23.7,17.9,20.2,16.984027777777786,17.522222222222215,16.427083333333336,85.83333333333333,20.2,25.5,16.78055555555557,16.265277777777786,86.75694444444444,19.0,22.6
2016-11-04,1,15.86597222222222,16.585416666666667,15.368749999999993,83.18055555555556,29.9,19.7,25.6,15.402083333333335,16.441666666666652,15.15763888888889,90.29861111111113,17.9,20.2,16.984027777777786,16.427083333333336,85.83333333333333,20.2,25.5
2016-11-05,1,14.600694444444445,15.40486111111111,13.777777777777775,82.65277777777777,27.3,18.1,22.2,15.86597222222222,16.585416666666667,15.368749999999993,83.18055555555556,19.7,25.6,15.402083333333335,15.15763888888889,90.29861111111113,17.9,20.2
2016-11-06,1,14.43819444444444,15.115277777777786,13.826388888888884,85.39583333333333,26.9,18.0,22.8,14.600694444444445,15.40486111111111,13.777777777777775,82.65277777777777,18.1,22.2,15.86597222222222,15.368749999999993,83.18055555555556,19.7,25.6
2016-11-07,1,16.19027777777777,15.911805555555565,15.63958333333334,87.82638888888891,28.2,19.1,25.1,14.43819444444444,15.115277777777786,13.826388888888884,85.39583333333333,18.0,22.8,14.600694444444445,13.777777777777775,82.65277777777777,18.1,22.2
2016-11-08,1,15.593055555555562,15.750694444444447,14.795138888888893,87.36805555555556,24.4,17.4,20.1,16.19027777777777,15.911805555555565,15.63958333333334,87.82638888888891,19.1,25.1,14.43819444444444,13.826388888888884,85.39583333333333,18.0,22.8
2016-11-09,1,15.907638888888895,16.235416666666666,15.665277777777774,96.53472222222223,22.3,17.5,20.2,15.593055555555562,15.750694444444447,14.795138888888893,87.36805555555556,17.4,20.1,16.19027777777777,15.63958333333334,87.82638888888891,19.1,25.1
2016-11-10,1,13.482638888888884,15.264583333333333,13.129166666666675,85.14583333333333,26.5,18.3,22.8,15.907638888888895,16.235416666666666,15.665277777777774,96.53472222222223,17.5,20.2,15.593055555555562,14.795138888888893,87.36805555555556,17.4,20.1
2016-11-19,1,15.865277777777786,15.57777777777778,15.009722222222226,91.20833333333331,27.1,17.8,23.0,14.131944444444445,15.162500000000005,13.740972222222226,89.71527777777777,17.7,22.0,14.979861111111116,14.199305555555561,87.39583333333331,18.0,21.4
2016-11-20,1,16.07708333333333,16.181250000000006,15.834027777777774,99.47916666666669,22.8,17.5,20.6,15.865277777777786,15.57777777777778,15.009722222222226,91.20833333333331,17.8,23.0,14.131944444444445,13.740972222222226,89.71527777777777,17.7,22.0
2016-11-21,1,18.009027777777764,17.181944444444447,17.431944444444447,94.25,27.3,19.2,23.8,16.07708333333333,16.181250000000006,15.834027777777774,99.47916666666669,17.5,20.6,15.865277777777786,15.009722222222226,91.20833333333331,17.8,23.0
2016-11-22,1,16.588888888888878,16.935416666666665,16.378472222222225,96.80555555555556,21.8,17.9,20.2,18.009027777777764,17.181944444444447,17.431944444444447,94.25,19.2,23.8,16.07708333333333,15.834027777777774,99.47916666666669,17.5,20.6
2016-11-23,1,17.829166666666676,17.576388888888893,17.43055555555555,93.625,26.0,19.5,23.6,16.588888888888878,16.935416666666665,16.378472222222225,96.80555555555556,17.9,20.2,18.009027777777764,17.431944444444447,94.25,19.2,23.8
2016-11-24,1,15.315972222222221,16.425694444444446,15.129166666666675,93.03472222222223,21.9,17.7,19.9,17.829166666666676,17.576388888888893,17.43055555555555,93.625,19.5,23.6,16.588888888888878,16.378472222222225,96.80555555555556,17.9,20.2
2016-11-25,1,12.957638888888884,15.001388888888883,12.668055555555561,97.8125,24.6,17.4,21.9,15.315972222222221,16.425694444444446,15.129166666666675,93.03472222222223,17.7,19.9,17.829166666666676,17.43055555555555,93.625,19.5,23.6
2016-11-26,1,12.374999999999995,13.641666666666666,11.643055555555556,87.90277777777777,22.0,15.6,18.2,12.957638888888884,15.001388888888883,12.668055555555561,97.8125,17.4,21.9,15.315972222222221,15.129166666666675,93.03472222222223,17.7,19.9
2016-11-27,1,14.895138888888884,14.677777777777779,14.348611111111113,83.2638888888889,23.7,16.4,20.7,12.374999999999995,13.641666666666666,11.643055555555556,87.90277777777777,15.6,18.2,12.957638888888884,12.668055555555561,97.8125,17.4,21.9
2016-11-28,1,16.493055555555557,15.99166666666667,16.026388888888892,96.27083333333331,25.0,17.3,21.7,14.895138888888884,14.677777777777779,14.348611111111113,83.2638888888889,16.4,20.7,12.374999999999995,11.643055555555556,87.90277777777777,15.6,18.2
2016-11-29,1,16.077777777777776,16.218749999999993,15.825694444444453,89.0,24.0,17.6,21.7,16.493055555555557,15.99166666666667,16.026388888888892,96.27083333333331,17.3,21.7,14.895138888888884,14.348611111111113,83.2638888888889,16.4,20.7
2016-11-30,1,16.124305555555562,16.035416666666666,15.72916666666666,83.34722222222223,23.9,17.9,21.9,16.077777777777776,16.218749999999993,15.825694444444453,89.0,17.6,21.7,16.493055555555557,16.026388888888892,96.27083333333331,17.3,21.7
2016-12-01,1,15.340277777777768,15.719444444444466,14.862500000000008,89.36111111111109,21.2,16.6,19.2,16.124305555555562,16.035416666666666,15.72916666666666,83.34722222222223,17.9,21.9,16.077777777777776,15.825694444444453,89.0,17.6,21.7
2016-12-02,1,16.013194444444434,15.865972222222213,15.55625,94.29166666666669,23.3,16.8,20.2,15.340277777777768,15.719444444444466,14.862500000000008,89.36111111111109,16.6,19.2,16.124305555555562,15.72916666666666,83.34722222222223,17.9,21.9
2016-12-03,1,15.411111111111113,15.782638888888904,15.179166666666667,84.36805555555556,21.0,16.9,19.7,16.013194444444434,15.865972222222213,15.55625,94.29166666666669,16.8,20.2,15.340277777777768,14.862500000000008,89.36111111111109,16.6,19.2
2016-12-04,1,15.80972222222223,15.69444444444444,15.174305555555547,80.84722222222223,24.1,17.3,20.9,15.411111111111113,15.782638888888904,15.179166666666667,84.36805555555556,16.9,19.7,16.013194444444434,15.55625,94.29166666666669,16.8,20.2
2016-12-05,1,16.380555555555542,16.06527777777778,15.8451388888889,88.24305555555556,24.8,17.8,21.6,15.80972222222223,15.69444444444444,15.174305555555547,80.84722222222223,17.3,20.9,15.411111111111113,15.179166666666667,84.36805555555556,16.9,19.7
2016-12-06,1,16.389583333333327,16.37430555555555,16.03541666666667,90.98611111111113,22.9,17.8,21.0,16.380555555555542,16.06527777777778,15.8451388888889,88.24305555555556,17.8,21.6,15.80972222222223,15.174305555555547,80.84722222222223,17.3,20.9
2016-12-07,1,15.702777777777774,16.065277777777773,15.429861111111116,84.55555555555556,23.6,17.4,21.8,16.389583333333327,16.37430555555555,16.03541666666667,90.98611111111113,17.8,21.0,16.380555555555542,15.8451388888889,88.24305555555556,17.8,21.6
2016-12-08,1,15.499305555555553,15.782638888888865,15.193749999999998,78.44444444444444,22.6,17.0,20.8,15.702777777777774,16.065277777777773,15.429861111111116,84.55555555555556,17.4,21.8,16.389583333333327,16.03541666666667,90.98611111111113,17.8,21.0
2016-12-09,1,15.168749999999996,15.430555555555573,14.683333333333335,76.30555555555556,21.7,16.8,19.0,15.499305555555553,15.782638888888865,15.193749999999998,78.44444444444444,17.0,20.8,15.702777777777774,15.429861111111116,84.55555555555556,17.4,21.8
2016-12-10,1,15.966666666666667,15.45000000000001,15.228472222222221,82.65277777777777,22.7,16.8,20.1,15.168749999999996,15.430555555555573,14.683333333333335,76.30555555555556,16.8,19.0,15.499305555555553,15.193749999999998,78.44444444444444,17.0,20.8
2016-12-11,1,15.613888888888884,15.653472222222225,15.28611111111111,79.81944444444444,22.0,17.0,19.8,15.966666666666667,15.45000000000001,15.228472222222221,82.65277777777777,16.8,20.1,15.168749999999996,14.683333333333335,76.30555555555556,16.8,19.0
2016-12-12,1,15.643749999999995,15.63125000000002,15.366666666666667,76.81944444444444,21.9,16.9,20.3,15.613888888888884,15.653472222222225,15.28611111111111,79.81944444444444,17.0,19.8,15.966666666666667,15.228472222222221,82.65277777777777,16.8,20.1
2016-12-13,1,15.392361111111116,15.581249999999995,15.165277777777774,78.72916666666667,21.6,16.7,19.2,15.643749999999995,15.63125000000002,15.366666666666667,76.81944444444444,16.9,20.3,15.613888888888884,15.28611111111111,79.81944444444444,17.0,19.8
2016-12-14,1,14.670138888888893,15.340972222222225,14.408333333333333,89.93055555555556,17.8,16.0,16.9,15.392361111111116,15.581249999999995,15.165277777777774,78.72916666666667,16.7,19.2,15.643749999999995,15.366666666666667,76.81944444444444,16.9,20.3
2016-12-15,1,15.560416666666674,15.491666666666658,15.061805555555553,81.34027777777777,22.3,16.6,19.4,14.670138888888893,15.340972222222225,14.408333333333333,89.93055555555556,16.0,16.9,15.392361111111116,15.165277777777774,78.72916666666667,16.7,19.2
2016-12-16,1,15.097916666666665,15.29930555555557,14.830555555555556,75.09722222222223,19.0,16.0,17.7,15.560416666666674,15.491666666666658,15.061805555555553,81.34027777777777,16.6,19.4,14.670138888888893,14.408333333333333,89.93055555555556,16.0,16.9
2016-12-17,1,14.986111111111102,15.281944444444447,14.663888888888884,79.6111111111111,21.0,16.5,19.1,15.097916666666665,15.29930555555557,14.830555555555556,75.09722222222223,16.0,17.7,15.560416666666674,15.061805555555553,81.34027777777777,16.6,19.4
2016-12-18,1,14.978472222222221,14.963194444444444,14.545138888888893,76.9375,21.7,16.2,19.3,14.986111111111102,15.281944444444447,14.663888888888884,79.6111111111111,16.5,19.1,15.097916666666665,14.830555555555556,75.09722222222223,16.0,17.7
2016-12-19,1,15.882638888888884,15.563194444444466,15.491666666666678,80.30555555555556,23.8,17.5,21.8,14.978472222222221,14.963194444444444,14.545138888888893,76.9375,16.2,19.3,14.986111111111102,14.663888888888884,79.6111111111111,16.5,19.1
2016-12-20,1,15.956249999999995,15.85555555555557,15.480555555555556,81.74305555555556,24.2,17.4,22.2,15.882638888888884,15.563194444444466,15.491666666666678,80.30555555555556,17.5,21.8,14.978472222222221,14.545138888888893,76.9375,16.2,19.3
2016-12-21,1,15.393055555555556,15.681250000000013,15.123611111111117,85.2986111111111,20.5,17.0,19.3,15.956249999999995,15.85555555555557,15.480555555555556,81.74305555555556,17.4,22.2,15.882638888888884,15.491666666666678,80.30555555555556,17.5,21.8
2016-12-22,0,16.112499999999994,15.947222222222226,15.605555555555556,80.4375,24.0,17.5,21.9,15.393055555555556,15.681250000000013,15.123611111111117,85.2986111111111,17.0,19.3,15.956249999999995,15.480555555555556,81.74305555555556,17.4,22.2
2016-12-23,0,15.884027777777774,15.962499999999993,15.717361111111117,93.72222222222223,20.2,16.7,18.8,16.112499999999994,15.947222222222226,15.605555555555556,80.4375,17.5,21.9,15.393055555555556,15.123611111111117,85.2986111111111,17.0,19.3
2016-12-24,0,15.658333333333326,16.27569444444446,15.525000000000004,89.39583333333331,20.4,17.1,18.8,15.884027777777774,15.962499999999993,15.717361111111117,93.72222222222223,16.7,18.8,16.112499999999994,15.605555555555556,80.4375,17.5,21.9
2016-12-25,0,15.86319444444445,16.094444444444434,15.61874999999999,79.38194444444444,22.6,17.5,20.9,15.658333333333326,16.27569444444446,15.525000000000004,89.39583333333331,17.1,18.8,15.884027777777774,15.717361111111117,93.72222222222223,16.7,18.8
2016-12-26,0,15.713194444444447,15.968750000000005,15.365972222222226,77.8888888888889,21.5,17.2,19.7,15.86319444444445,16.094444444444434,15.61874999999999,79.38194444444444,17.5,20.9,15.658333333333326,15.525000000000004,89.39583333333331,17.1,18.8
2016-12-27,0,15.66875,15.834027777777774,15.112500000000002,82.00694444444444,22.8,17.5,20.9,15.713194444444447,15.968750000000005,15.365972222222226,77.8888888888889,17.2,19.7,15.86319444444445,15.61874999999999,79.38194444444444,17.5,20.9
2016-12-28,0,15.744444444444444,16.050694444444456,15.572916666666671,90.91666666666669,23.6,17.8,21.6,15.66875,15.834027777777774,15.112500000000002,82.00694444444444,17.5,20.9,15.713194444444447,15.365972222222226,77.8888888888889,17.2,19.7
2016-12-29,0,16.6625,16.503472222222214,16.48958333333333,79.56944444444444,27.8,19.3,25.8,15.744444444444444,16.050694444444456,15.572916666666671,90.91666666666669,17.8,21.6,15.66875,15.112500000000002,82.00694444444444,17.5,20.9
2016-12-30,0,16.72708333333334,16.55624999999999,16.440277777777773,81.9513888888889,28.8,19.4,26.5,16.6625,16.503472222222214,16.48958333333333,79.56944444444444,19.3,25.8,15.744444444444444,15.572916666666671,90.91666666666669,17.8,21.6
2016-12-31,0,16.95138888888889,16.38680555555556,16.690277777777787,80.77083333333333,29.0,19.0,26.9,16.72708333333334,16.55624999999999,16.440277777777773,81.9513888888889,19.4,26.5,16.6625,16.48958333333333,79.56944444444444,19.3,25.8
2017-01-01,0,17.22083333333334,16.65555555555555,16.89930555555556,80.34722222222223,29.6,19.6,27.2,16.95138888888889,16.38680555555556,16.690277777777787,80.77083333333333,19.0,26.9,16.72708333333334,16.440277777777773,81.9513888888889,19.4,26.5
2017-01-02,0,16.985416666666666,16.738194444444446,16.475694444444443,80.25,28.4,19.4,25.6,17.22083333333334,16.65555555555555,16.89930555555556,80.34722222222223,19.6,27.2,16.95138888888889,16.690277777777787,80.77083333333333,19.0,26.9
2017-01-03,0,17.097222222222214,16.82083333333334,16.623611111111117,80.24305555555556,29.9,19.8,27.0,16.985416666666666,16.738194444444446,16.475694444444443,80.25,19.4,25.6,17.22083333333334,16.89930555555556,80.34722222222223,19.6,27.2
2017-01-04,0,16.7236111111111,16.781944444444438,16.353472222222212,85.125,29.5,19.2,27.2,17.097222222222214,16.82083333333334,16.623611111111117,80.24305555555556,19.8,27.0,16.985416666666666,16.475694444444443,80.25,19.4,25.6
2017-01-05,0,16.847916666666666,16.81736111111112,16.47500000000001,82.30555555555556,26.5,19.3,24.8,16.7236111111111,16.781944444444438,16.353472222222212,85.125,19.2,27.2,17.097222222222214,16.623611111111117,80.24305555555556,19.8,27.0
2017-01-06,0,16.586111111111116,16.8125,16.433333333333348,80.50694444444444,27.8,19.1,26.1,16.847916666666666,16.81736111111112,16.47500000000001,82.30555555555556,19.3,24.8,16.7236111111111,16.353472222222212,85.125,19.2,27.2
2017-01-07,0,15.43958333333334,16.27291666666666,15.378472222222225,81.52083333333333,21.0,17.6,19.7,16.586111111111116,16.8125,16.433333333333348,80.50694444444444,19.1,26.1,16.847916666666666,16.47500000000001,82.30555555555556,19.3,24.8
2017-01-08,0,17.020833333333336,16.654861111111103,16.673611111111107,80.90972222222223,30.6,20.1,28.5,15.43958333333334,16.27291666666666,15.378472222222225,81.52083333333333,17.6,19.7,16.586111111111116,16.433333333333348,80.50694444444444,19.1,26.1
2017-01-09,0,14.326388888888893,15.780555555555544,14.34930555555556,86.5,15.3,16.1,15.2,17.020833333333336,16.654861111111103,16.673611111111107,80.90972222222223,20.1,28.5,15.43958333333334,15.378472222222225,81.52083333333333,17.6,19.7
2017-01-10,0,16.847916666666666,16.624305555555562,16.570833333333326,84.25,26.4,19.1,24.8,14.326388888888893,15.780555555555544,14.34930555555556,86.5,16.1,15.2,17.020833333333336,16.673611111111107,80.90972222222223,20.1,28.5
2017-01-17,0,16.053472222222226,14.584027777777779,14.309722222222213,93.58333333333331,26.7,16.4,21.9,15.492361111111116,14.58888888888889,13.936805555555566,93.04166666666669,17.1,22.7,13.813194444444447,12.632638888888893,99.5,15.1,19.4
2017-01-18,0,16.953472222222214,15.11597222222222,14.984027777777774,91.45138888888887,29.5,18.0,25.4,16.053472222222226,14.584027777777779,14.309722222222213,93.58333333333331,16.4,21.9,15.492361111111116,13.936805555555566,93.04166666666669,17.1,22.7
2017-01-19,0,17.524999999999995,15.624999999999993,15.640972222222226,91.89583333333331,31.1,18.8,27.4,16.953472222222214,15.11597222222222,14.984027777777774,91.45138888888887,18.0,25.4,16.053472222222226,14.309722222222213,93.58333333333331,16.4,21.9
2017-01-20,0,16.138888888888896,15.382638888888884,14.658333333333335,96.53472222222223,26.7,17.3,23.3,17.524999999999995,15.624999999999993,15.640972222222226,91.89583333333331,18.8,27.4,16.953472222222214,14.984027777777774,91.45138888888887,18.0,25.4
2017-01-21,0,15.61458333333333,15.115277777777774,14.545833333333334,97.29166666666669,30.9,16.8,25.5,16.138888888888896,15.382638888888884,14.658333333333335,96.53472222222223,17.3,23.3,17.524999999999995,15.640972222222226,91.89583333333331,18.8,27.4
2017-01-22,0,17.349305555555542,15.595138888888895,15.600694444444438,90.77083333333331,28.8,18.7,27.1,15.61458333333333,15.115277777777774,14.545833333333334,97.29166666666669,16.8,25.5,16.138888888888896,14.658333333333335,96.53472222222223,17.3,23.3
2017-01-23,0,16.154861111111103,15.474305555555553,14.814583333333333,94.98611111111113,30.7,18.0,24.1,17.349305555555542,15.595138888888895,15.600694444444438,90.77083333333331,18.7,27.1,15.61458333333333,14.545833333333334,97.29166666666669,16.8,25.5
2017-01-24,0,16.30069444444446,15.374305555555553,14.804861111111116,92.64583333333331,27.9,18.3,27.5,16.154861111111103,15.474305555555553,14.814583333333333,94.98611111111113,18.0,24.1,17.349305555555542,15.600694444444438,90.77083333333331,18.7,27.1
2017-01-25,0,16.865972222222222,14.900694444444447,14.739583333333329,91.47222222222223,30.6,21.9,25.9,16.30069444444446,15.374305555555553,14.804861111111116,92.64583333333331,18.3,27.5,16.154861111111103,14.814583333333333,94.98611111111113,18.0,24.1
2017-01-26,0,17.44861111111112,15.01041666666666,15.184027777777779,90.45138888888887,31.6,22.1,25.8,16.865972222222222,14.900694444444447,14.739583333333329,91.47222222222223,21.9,25.9,16.30069444444446,14.804861111111116,92.64583333333331,18.3,27.5
2017-01-27,0,17.38958333333334,15.412499999999998,15.514583333333334,91.33333333333331,31.2,23.8,26.9,17.44861111111112,15.01041666666666,15.184027777777779,90.45138888888887,22.1,25.8,16.865972222222222,14.739583333333329,91.47222222222223,21.9,25.9
2017-01-28,0,17.120138888888892,15.663194444444445,15.738194444444439,95.36111111111113,29.9,20.3,25.4,17.38958333333334,15.412499999999998,15.514583333333334,91.33333333333331,23.8,26.9,17.44861111111112,15.184027777777779,90.45138888888887,22.1,25.8
2017-01-29,0,18.29513888888889,15.782638888888883,16.38958333333333,90.72916666666669,31.2,21.0,27.0,17.120138888888892,15.663194444444445,15.738194444444439,95.36111111111113,20.3,25.4,17.38958333333334,15.514583333333334,91.33333333333331,23.8,26.9
2017-01-30,0,17.420138888888893,15.899305555555562,15.956944444444435,95.88194444444444,30.1,20.8,25.4,18.29513888888889,15.782638888888883,16.38958333333333,90.72916666666669,21.0,27.0,17.120138888888892,15.738194444444439,95.36111111111113,20.3,25.4
2017-01-31,0,15.52291666666667,15.144444444444435,14.662499999999998,96.99305555555556,27.9,20.6,24.9,17.420138888888893,15.899305555555562,15.956944444444435,95.88194444444444,20.8,25.4,18.29513888888889,16.38958333333333,90.72916666666669,21.0,27.0
2017-02-01,0,17.698611111111106,15.342361111111119,15.382638888888895,90.20138888888887,31.3,21.5,26.7,15.52291666666667,15.144444444444435,14.662499999999998,96.99305555555556,20.6,24.9,17.420138888888893,15.956944444444435,95.88194444444444,20.8,25.4
2017-02-02,0,16.76388888888889,14.770833333333336,15.03958333333333,93.625,28.7,19.1,23.5,17.698611111111106,15.342361111111119,15.382638888888895,90.20138888888887,21.5,26.7,15.52291666666667,14.662499999999998,96.99305555555556,20.6,24.9
2017-02-03,0,17.286805555555567,15.400694444444456,15.236805555555556,90.20833333333331,30.1,19.3,24.9,16.76388888888889,14.770833333333336,15.03958333333333,93.625,19.1,23.5,17.698611111111106,15.382638888888895,90.20138888888887,21.5,26.7
2017-02-04,0,17.831249999999994,16.021527777777766,16.04513888888889,89.00694444444444,30.4,19.3,27.9,17.286805555555567,15.400694444444456,15.236805555555556,90.20833333333331,19.3,24.9,16.76388888888889,15.03958333333333,93.625,19.1,23.5
2017-02-05,1,18.16736111111112,15.997222222222225,16.348611111111108,87.98611111111109,31.2,18.8,26.6,17.831249999999994,16.021527777777766,16.04513888888889,89.00694444444444,19.3,27.9,17.286805555555567,15.236805555555556,90.20833333333331,19.3,24.9
2017-02-06,1,13.49375,14.972222222222221,12.898611111111116,99.97916666666669,15.0,15.4,13.9,18.16736111111112,15.997222222222225,16.348611111111108,87.98611111111109,18.8,26.6,17.831249999999994,16.04513888888889,89.00694444444444,19.3,27.9
2017-02-07,1,16.519444444444453,15.621527777777779,15.422916666666666,93.57638888888887,27.3,17.7,25.0,13.49375,14.972222222222221,12.898611111111116,99.97916666666669,15.4,13.9,18.16736111111112,16.348611111111108,87.98611111111109,18.8,26.6
2017-02-08,1,16.926388888888887,15.256250000000005,15.081250000000004,91.23611111111113,29.5,17.3,24.5,16.519444444444453,15.621527777777779,15.422916666666666,93.57638888888887,17.7,25.0,13.49375,12.898611111111116,99.97916666666669,15.4,13.9
2017-02-09,1,17.392361111111104,15.699305555555556,15.61805555555556,90.77083333333331,29.8,18.0,25.4,16.926388888888887,15.256250000000005,15.081250000000004,91.23611111111113,17.3,24.5,16.519444444444453,15.422916666666666,93.57638888888887,17.7,25.0
2017-02-10,1,14.647916666666665,15.115972222222226,13.895833333333329,99.21527777777777,20.2,16.1,18.3,17.392361111111104,15.699305555555556,15.61805555555556,90.77083333333331,18.0,25.4,16.926388888888887,15.081250000000004,91.23611111111113,17.3,24.5
2017-02-11,1,16.974305555555542,15.753472222222221,15.438194444444438,89.1875,31.0,19.2,24.9,14.647916666666665,15.115972222222226,13.895833333333329,99.21527777777777,16.1,18.3,17.392361111111104,15.61805555555556,90.77083333333331,18.0,25.4
2017-02-12,1,16.384722222222226,15.28611111111111,14.934722222222213,91.88888888888887,29.9,18.4,24.2,16.974305555555542,15.753472222222221,15.438194444444438,89.1875,19.2,24.9,14.647916666666665,13.895833333333329,99.21527777777777,16.1,18.3
2017-02-13,1,17.42986111111111,15.977083333333335,15.819444444444434,87.24305555555556,31.7,19.6,25.3,16.384722222222226,15.28611111111111,14.934722222222213,91.88888888888887,18.4,24.2,16.974305555555542,15.438194444444438,89.1875,19.2,24.9
2017-02-14,1,17.893749999999994,16.206250000000004,16.10347222222222,84.80555555555556,32.1,19.6,26.5,17.42986111111111,15.977083333333335,15.819444444444434,87.24305555555556,19.6,25.3,16.384722222222226,14.934722222222213,91.88888888888887,18.4,24.2
2017-02-15,1,17.735416666666673,16.75902777777779,16.260416666666668,83.3611111111111,30.9,23.0,26.1,17.893749999999994,16.206250000000004,16.10347222222222,84.80555555555556,19.6,26.5,17.42986111111111,15.819444444444434,87.24305555555556,19.6,25.3
2017-02-16,1,18.14375,16.659722222222225,16.615277777777774,80.20833333333333,31.4,23.2,28.1,17.735416666666673,16.75902777777779,16.260416666666668,83.3611111111111,23.0,26.1,17.893749999999994,16.10347222222222,84.80555555555556,19.6,26.5
2017-02-17,1,18.28541666666666,16.567361111111108,16.952083333333324,84.13194444444444,29.6,22.8,27.0,18.14375,16.659722222222225,16.615277777777774,80.20833333333333,23.2,28.1,17.735416666666673,16.260416666666668,83.3611111111111,23.0,26.1
2017-02-18,1,14.42847222222222,15.535416666666643,14.25902777777778,98.30555555555556,21.3,16.6,19.5,18.28541666666666,16.567361111111108,16.952083333333324,84.13194444444444,22.8,27.0,18.14375,16.615277777777774,80.20833333333333,23.2,28.1
2017-02-19,1,18.302777777777788,16.904861111111117,17.27152777777777,87.51388888888891,29.7,19.8,26.4,14.42847222222222,15.535416666666643,14.25902777777778,98.30555555555556,16.6,19.5,18.28541666666666,16.952083333333324,84.13194444444444,22.8,27.0
2017-02-20,1,18.22916666666667,16.99236111111112,16.938194444444445,83.38194444444444,31.1,20.2,25.9,18.302777777777788,16.904861111111117,17.27152777777777,87.51388888888891,19.8,26.4,14.42847222222222,14.25902777777778,98.30555555555556,16.6,19.5
2017-02-21,1,16.61319444444444,16.629166666666666,15.999305555555555,95.40972222222223,26.8,18.8,23.4,18.22916666666667,16.99236111111112,16.938194444444445,83.38194444444444,20.2,25.9,18.302777777777788,17.27152777777777,87.51388888888891,19.8,26.4
2017-02-22,1,17.59166666666667,16.60902777777778,16.240277777777774,82.125,29.9,21.8,26.3,16.61319444444444,16.629166666666666,15.999305555555555,95.40972222222223,18.8,23.4,18.22916666666667,16.938194444444445,83.38194444444444,20.2,25.9
2017-02-23,1,17.802777777777774,15.916666666666671,16.413888888888884,88.59722222222223,28.2,19.0,24.5,17.59166666666667,16.60902777777778,16.240277777777774,82.125,21.8,26.3,16.61319444444444,15.999305555555555,95.40972222222223,18.8,23.4
2017-02-24,1,16.020138888888898,16.309027777777768,15.68125,98.77083333333331,23.3,17.8,20.7,17.802777777777774,15.916666666666671,16.413888888888884,88.59722222222223,19.0,24.5,17.59166666666667,16.240277777777774,82.125,21.8,26.3
2017-02-25,1,18.322916666666668,16.85208333333333,16.999305555555562,81.9513888888889,30.7,19.8,25.6,16.020138888888898,16.309027777777768,15.68125,98.77083333333331,17.8,20.7,17.802777777777774,16.413888888888884,88.59722222222223,19.0,24.5
2017-02-26,1,18.599305555555546,16.47986111111111,17.034722222222214,85.1875,32.0,19.4,26.0,18.322916666666668,16.85208333333333,16.999305555555562,81.9513888888889,19.8,25.6,16.020138888888898,15.68125,98.77083333333331,17.8,20.7
2017-02-27,1,18.254861111111108,17.13125,17.266666666666662,84.06944444444444,30.6,20.3,26.0,18.599305555555546,16.47986111111111,17.034722222222214,85.1875,19.4,26.0,18.322916666666668,16.999305555555562,81.9513888888889,19.8,25.6
2017-02-28,1,19.48750000000001,17.86319444444445,18.427777777777766,82.85416666666667,35.4,21.3,32.2,18.254861111111108,17.13125,17.266666666666662,84.06944444444444,20.3,26.0,18.599305555555546,17.034722222222214,85.1875,19.4,26.0
2017-03-01,1,18.56180555555555,17.954166666666655,17.950694444444455,84.61805555555556,31.7,21.3,28.4,19.48750000000001,17.86319444444445,18.427777777777766,82.85416666666667,21.3,32.2,18.254861111111108,17.266666666666662,84.06944444444444,20.3,26.0
2017-03-02,1,17.901388888888896,17.635416666666668,17.37569444444445,89.5625,30.7,21.0,27.0,18.56180555555555,17.954166666666655,17.950694444444455,84.61805555555556,21.3,28.4,19.48750000000001,18.427777777777766,82.85416666666667,21.3,32.2
2017-03-03,1,14.74861111111111,16.253472222222225,14.627777777777787,97.71527777777777,25.5,17.7,20.9,17.901388888888896,17.635416666666668,17.37569444444445,89.5625,21.0,27.0,18.56180555555555,17.950694444444455,84.61805555555556,21.3,28.4
2017-03-04,0,18.60972222222221,17.236805555555556,17.606944444444448,78.7986111111111,31.4,20.2,26.9,14.74861111111111,16.253472222222225,14.627777777777787,97.71527777777777,17.7,20.9,17.901388888888896,17.37569444444445,89.5625,21.0,27.0
2017-03-05,0,18.702083333333327,17.574305555555554,17.630555555555546,81.68055555555556,31.3,20.7,27.5,18.60972222222221,17.236805555555556,17.606944444444448,78.7986111111111,20.2,26.9,14.74861111111111,14.627777777777787,97.71527777777777,17.7,20.9
2017-03-06,0,18.609722222222224,17.83541666666667,17.828472222222214,88.35416666666669,30.9,20.9,28.1,18.702083333333327,17.574305555555554,17.630555555555546,81.68055555555556,20.7,27.5,18.60972222222221,17.606944444444448,78.7986111111111,20.2,26.9
2017-03-07,0,14.961111111111105,16.603472222222226,14.816666666666665,97.44444444444444,21.6,17.3,19.3,18.609722222222224,17.83541666666667,17.828472222222214,88.35416666666669,20.9,28.1,18.702083333333327,17.630555555555546,81.68055555555556,20.7,27.5
2017-03-08,0,17.406944444444438,16.852777777777778,16.43541666666666,84.52083333333333,30.5,19.8,25.1,14.961111111111105,16.603472222222226,14.816666666666665,97.44444444444444,17.3,19.3,18.609722222222224,17.828472222222214,88.35416666666669,20.9,28.1
2017-03-09,0,17.290277777777774,16.766666666666662,16.306249999999995,84.10416666666667,29.7,19.6,26.2,17.406944444444438,16.852777777777778,16.43541666666666,84.52083333333333,19.8,25.1,14.961111111111105,14.816666666666665,97.44444444444444,17.3,19.3
2017-03-10,0,18.89375,17.50625,17.834027777777788,80.27777777777777,33.3,21.1,29.2,17.290277777777774,16.766666666666662,16.306249999999995,84.10416666666667,19.6,26.2,17.406944444444438,16.43541666666666,84.52083333333333,19.8,25.1
2017-05-15,0,21.715277777777786,22.23194444444445,22.46388888888889,81.5138888888889,31.5,28.2,33.1,18.240972222222226,18.95486111111111,18.417361111111113,92.52777777777777,21.4,22.1,21.68333333333333,22.10833333333333,71.9513888888889,29.8,30.7
2017-05-16,0,21.413888888888884,22.072222222222226,21.01666666666668,84.52777777777777,30.8,26.1,31.3,21.715277777777786,22.23194444444445,22.46388888888889,81.5138888888889,28.2,33.1,18.240972222222226,18.417361111111113,92.52777777777777,21.4,22.1
2017-05-17,0,19.39444444444445,20.122916666666672,19.469444444444434,65.95833333333333,28.6,25.4,32.8,21.413888888888884,22.072222222222226,21.01666666666668,84.52777777777777,26.1,31.3,21.715277777777786,22.46388888888889,81.5138888888889,28.2,33.1
2017-05-18,0,19.40555555555555,20.185416666666672,19.71597222222222,81.89583333333333,26.3,23.5,27.2,19.39444444444445,20.122916666666672,19.469444444444434,65.95833333333333,25.4,32.8,21.413888888888884,21.01666666666668,84.52777777777777,26.1,31.3
2017-05-19,0,21.534722222222232,22.23541666666666,22.37638888888889,74.0763888888889,31.7,30.8,33.8,19.40555555555555,20.185416666666672,19.71597222222222,81.89583333333333,23.5,27.2,19.39444444444445,19.469444444444434,65.95833333333333,25.4,32.8
2017-05-20,0,22.515972222222214,22.675694444444453,22.53263888888889,78.27083333333333,33.8,31.3,35.6,21.534722222222232,22.23541666666666,22.37638888888889,74.0763888888889,30.8,33.8,19.40555555555555,19.71597222222222,81.89583333333333,23.5,27.2
2017-05-21,0,23.346527777777766,22.840972222222234,23.448611111111113,70.7361111111111,33.0,30.8,35.0,22.515972222222214,22.675694444444453,22.53263888888889,78.27083333333333,31.3,35.6,21.534722222222232,22.37638888888889,74.0763888888889,30.8,33.8
2017-05-22,0,24.82569444444445,23.88402777777778,24.87013888888889,69.34027777777777,36.4,31.8,38.5,23.346527777777766,22.840972222222234,23.448611111111113,70.7361111111111,30.8,35.0,22.515972222222214,22.53263888888889,78.27083333333333,31.3,35.6
2017-05-23,0,23.690277777777766,23.684722222222234,23.92916666666666,74.2986111111111,32.3,29.8,34.3,24.82569444444445,23.88402777777778,24.87013888888889,69.34027777777777,31.8,38.5,23.346527777777766,23.448611111111113,70.7361111111111,30.8,35.0
2017-05-24,0,23.7375,23.538888888888877,23.33958333333333,77.02777777777777,32.6,30.1,35.0,23.690277777777766,23.684722222222234,23.92916666666666,74.2986111111111,29.8,34.3,24.82569444444445,24.87013888888889,69.34027777777777,31.8,38.5
2017-05-25,0,23.23125000000001,23.48472222222221,21.92638888888888,76.2986111111111,31.0,30.8,31.8,23.7375,23.538888888888877,23.33958333333333,77.02777777777777,30.1,35.0,23.690277777777766,23.92916666666666,74.2986111111111,29.8,34.3
2017-05-26,0,21.40694444444445,21.82638888888889,21.543055555555554,90.25694444444444,26.2,24.2,26.5,23.23125000000001,23.48472222222221,21.92638888888888,76.2986111111111,30.8,31.8,23.7375,23.33958333333333,77.02777777777777,30.1,35.0
2017-05-27,0,22.31944444444445,22.55555555555557,22.349305555555553,91.47916666666669,32.8,30.9,32.1,21.40694444444445,21.82638888888889,21.543055555555554,90.25694444444444,24.2,26.5,23.23125000000001,21.92638888888888,76.2986111111111,30.8,31.8
2017-05-28,0,22.28611111111111,22.016666666666666,23.62708333333333,59.1875,32.8,30.9,36.7,22.31944444444445,22.55555555555557,22.349305555555553,91.47916666666669,30.9,32.1,21.40694444444445,21.543055555555554,90.25694444444444,24.2,26.5
2017-05-29,0,22.761111111111088,21.97013888888889,23.80416666666667,60.41666666666666,34.6,31.9,38.2,22.28611111111111,22.016666666666666,23.62708333333333,59.1875,30.9,36.7,22.31944444444445,22.349305555555553,91.47916666666669,30.9,32.1
2017-05-30,0,23.01597222222221,22.45555555555556,23.411805555555574,69.95833333333333,32.6,27.6,35.2,22.761111111111088,21.97013888888889,23.80416666666667,60.41666666666666,31.9,38.2,22.28611111111111,23.62708333333333,59.1875,30.9,36.7
2017-05-31,0,23.9625,23.06527777777779,24.17916666666667,73.65972222222223,35.6,27.4,35.6,23.01597222222221,22.45555555555556,23.411805555555574,69.95833333333333,27.6,35.2,22.761111111111088,23.80416666666667,60.41666666666666,31.9,38.2
2017-06-01,0,24.46875000000001,23.94374999999999,25.17222222222223,85.95138888888891,31.9,26.3,32.6,23.9625,23.06527777777779,24.17916666666667,73.65972222222223,27.4,35.6,23.01597222222221,23.411805555555574,69.95833333333333,27.6,35.2
2017-06-02,0,24.30694444444444,23.899305555555557,24.240972222222233,82.15277777777777,33.5,27.4,37.4,24.46875000000001,23.94374999999999,25.17222222222223,85.95138888888891,26.3,32.6,23.9625,24.17916666666667,73.65972222222223,27.4,35.6
2017-06-03,0,21.84861111111111,22.715277777777786,22.38055555555555,67.97916666666667,31.3,27.5,35.7,24.30694444444444,23.899305555555557,24.240972222222233,82.15277777777777,27.4,37.4,24.46875000000001,25.17222222222223,85.95138888888891,26.3,32.6
2017-06-04,0,21.722222222222207,21.743055555555554,21.470138888888897,58.88888888888889,31.2,26.6,32.2,21.84861111111111,22.715277777777786,22.38055555555555,67.97916666666667,27.5,35.7,24.30694444444444,24.240972222222233,82.15277777777777,27.4,37.4
2017-06-05,0,22.405555555555548,21.961805555555557,22.6125,55.97916666666666,33.2,27.5,36.9,21.722222222222207,21.743055555555554,21.470138888888897,58.88888888888889,26.6,32.2,21.84861111111111,22.38055555555555,67.97916666666667,27.5,35.7
2017-06-06,0,21.202777777777776,21.146527777777774,21.131249999999994,68.79166666666667,29.7,24.9,33.0,22.405555555555548,21.961805555555557,22.6125,55.97916666666666,27.5,36.9,21.722222222222207,21.470138888888897,58.88888888888889,26.6,32.2
2017-06-07,0,22.55694444444444,22.195138888888877,22.30208333333334,78.875,31.2,25.6,32.4,21.202777777777776,21.146527777777774,21.131249999999994,68.79166666666667,24.9,33.0,22.405555555555548,22.6125,55.97916666666666,27.5,36.9
2017-06-08,0,21.01319444444444,21.28680555555556,20.927777777777788,87.71527777777777,28.1,24.2,28.9,22.55694444444444,22.195138888888877,22.30208333333334,78.875,25.6,32.4,21.202777777777776,21.131249999999994,68.79166666666667,24.9,33.0
2017-06-09,0,20.65,20.925694444444442,20.598611111111115,92.54861111111113,27.6,23.6,27.1,21.01319444444444,21.28680555555556,20.927777777777788,87.71527777777777,24.2,28.9,22.55694444444444,22.30208333333334,78.875,25.6,32.4
2017-06-10,0,23.197916666666657,22.493749999999995,22.814583333333346,81.15972222222223,32.7,25.7,32.3,20.65,20.925694444444442,20.598611111111115,92.54861111111113,23.6,27.1,21.01319444444444,20.927777777777788,87.71527777777777,24.2,28.9
2017-06-11,0,24.95555555555556,22.675694444444453,23.732638888888893,73.6736111111111,35.1,26.0,33.6,23.197916666666657,22.493749999999995,22.814583333333346,81.15972222222223,25.7,32.3,20.65,20.598611111111115,92.54861111111113,23.6,27.1
2017-06-12,0,22.75555555555555,21.56041666666666,21.644444444444428,67.34027777777777,32.2,23.6,29.2,24.95555555555556,22.675694444444453,23.732638888888893,73.6736111111111,26.0,33.6,23.197916666666657,22.814583333333346,81.15972222222223,25.7,32.3
2017-06-13,0,22.899305555555557,21.37638888888889,22.027777777777786,61.40972222222222,34.4,25.5,34.9,22.75555555555555,21.56041666666666,21.644444444444428,67.34027777777777,23.6,29.2,24.95555555555556,23.732638888888893,73.6736111111111,26.0,33.6
2017-06-14,0,21.879861111111122,21.1375,20.845833333333346,79.7013888888889,31.7,25.7,32.2,22.899305555555557,21.37638888888889,22.027777777777786,61.40972222222222,25.5,34.9,22.75555555555555,21.644444444444428,67.34027777777777,23.6,29.2
2017-06-15,0,22.199305555555558,21.48472222222221,20.852083333333336,79.38194444444444,31.0,25.0,30.3,21.879861111111122,21.1375,20.845833333333346,79.7013888888889,25.7,32.2,22.899305555555557,22.027777777777786,61.40972222222222,25.5,34.9
2017-06-16,0,23.418749999999985,21.89027777777777,22.65416666666665,74.6111111111111,32.6,26.2,33.3,22.199305555555558,21.48472222222221,20.852083333333336,79.38194444444444,25.0,30.3,21.879861111111122,20.845833333333346,79.7013888888889,25.7,32.2
2017-06-17,0,24.69375,22.73402777777777,22.874305555555555,71.59722222222223,35.3,28.0,36.5,23.418749999999985,21.89027777777777,22.65416666666665,74.6111111111111,26.2,33.3,22.199305555555558,20.852083333333336,79.38194444444444,25.0,30.3
2017-06-18,0,24.040972222222234,22.831250000000008,23.763194444444466,68.77083333333333,33.7,27.1,34.0,24.69375,22.73402777777777,22.874305555555555,71.59722222222223,28.0,36.5,23.418749999999985,22.65416666666665,74.6111111111111,26.2,33.3
2017-06-19,0,21.61041666666665,22.02430555555555,21.38819444444444,85.16666666666667,26.8,23.4,25.3,24.040972222222234,22.831250000000008,23.763194444444466,68.77083333333333,27.1,34.0,24.69375,22.874305555555555,71.59722222222223,28.0,36.5
2017-06-20,0,25.26388888888889,23.196527777777767,24.33888888888889,74.3125,36.5,27.1,33.0,21.61041666666665,22.02430555555555,21.38819444444444,85.16666666666667,23.4,25.3,24.040972222222234,23.763194444444466,68.77083333333333,27.1,34.0
2017-06-21,0,24.93263888888889,23.67083333333333,24.03749999999999,88.28472222222223,36.2,27.6,35.2,25.26388888888889,23.196527777777767,24.33888888888889,74.3125,27.1,33.0,21.61041666666665,21.38819444444444,85.16666666666667,23.4,25.3
2017-06-22,0,22.417361111111106,23.21875,22.445833333333322,95.41666666666669,29.2,24.8,29.0,24.93263888888889,23.67083333333333,24.03749999999999,88.28472222222223,27.6,35.2,25.26388888888889,24.33888888888889,74.3125,27.1,33.0
2017-06-23,0,23.759722222222234,22.85902777777777,23.315972222222232,77.04166666666667,32.8,25.0,31.0,22.417361111111106,23.21875,22.445833333333322,95.41666666666669,24.8,29.0,24.93263888888889,24.03749999999999,88.28472222222223,27.6,35.2
2017-06-24,0,25.336805555555557,24.04652777777777,24.81944444444445,82.8611111111111,34.1,27.6,34.1,23.759722222222234,22.85902777777777,23.315972222222232,77.04166666666667,25.0,31.0,22.417361111111106,22.445833333333322,95.41666666666669,24.8,29.0
2017-06-25,0,25.19236111111111,24.22708333333334,24.82986111111111,82.2361111111111,33.1,26.6,32.1,25.336805555555557,24.04652777777777,24.81944444444445,82.8611111111111,27.6,34.1,23.759722222222234,23.315972222222232,77.04166666666667,25.0,31.0
2017-06-26,0,23.15069444444445,23.62291666666666,23.248611111111106,94.13888888888887,27.1,24.3,26.3,25.19236111111111,24.22708333333334,24.82986111111111,82.2361111111111,26.6,32.1,25.336805555555557,24.81944444444445,82.8611111111111,27.6,34.1
2017-06-27,0,24.538194444444446,23.51111111111113,23.749305555555548,84.50694444444444,30.7,24.5,27.9,23.15069444444445,23.62291666666666,23.248611111111106,94.13888888888887,24.3,26.3,25.19236111111111,24.82986111111111,82.2361111111111,26.6,32.1
2017-06-28,0,24.459722222222233,23.71319444444444,24.018055555555573,90.78472222222223,32.6,25.7,30.6,24.538194444444446,23.51111111111113,23.749305555555548,84.50694444444444,24.5,27.9,23.15069444444445,23.248611111111106,94.13888888888887,24.3,26.3
2017-06-29,0,24.309722222222234,24.058333333333344,24.314583333333346,92.85416666666669,31.4,25.7,29.3,24.459722222222233,23.71319444444444,24.018055555555573,90.78472222222223,25.7,30.6,24.538194444444446,23.749305555555548,84.50694444444444,24.5,27.9
2017-06-30,0,24.41944444444445,23.940972222222232,24.113888888888887,93.15972222222223,29.8,25.0,28.0,24.309722222222234,24.058333333333344,24.314583333333346,92.85416666666669,25.7,29.3,24.459722222222233,24.018055555555573,90.78472222222223,25.7,30.6
2017-07-01,1,24.665972222222226,24.113888888888887,24.547916666666666,95.34722222222223,30.5,25.6,28.9,24.41944444444445,23.940972222222232,24.113888888888887,93.15972222222223,25.0,28.0,24.309722222222234,24.314583333333346,92.85416666666669,25.7,29.3
2017-07-02,1,28.02916666666667,25.699305555555554,27.31805555555555,87.5625,37.6,28.0,34.4,24.665972222222226,24.113888888888887,24.547916666666666,95.34722222222223,25.6,28.9,24.41944444444445,24.113888888888887,93.15972222222223,25.0,28.0
2017-07-03,1,29.05694444444445,26.695138888888888,28.643055555555573,82.19444444444444,38.1,29.3,36.6,28.02916666666667,25.699305555555554,27.31805555555555,87.5625,28.0,34.4,24.665972222222226,24.547916666666666,95.34722222222223,25.6,28.9
2017-07-04,1,30.06805555555556,27.338888888888878,29.136805555555572,80.59722222222223,38.3,29.4,35.4,29.05694444444445,26.695138888888888,28.643055555555573,82.19444444444444,29.3,36.6,28.02916666666667,27.31805555555555,87.5625,28.0,34.4
2017-07-05,1,28.677083333333357,27.09513888888889,27.84999999999999,87.47916666666669,35.8,28.7,34.2,30.06805555555556,27.338888888888878,29.136805555555572,80.59722222222223,29.4,35.4,29.05694444444445,28.643055555555573,82.19444444444444,29.3,36.6
2017-07-06,1,27.43263888888889,26.363194444444442,27.08402777777779,82.52083333333333,35.7,28.2,34.6,28.677083333333357,27.09513888888889,27.84999999999999,87.47916666666669,28.7,34.2,30.06805555555556,29.136805555555572,80.59722222222223,29.4,35.4
2018-06-01,0,19.822222222222205,21.659027777777773,19.983333333333327,90.05625000000003,24.8,22.3,24.6,22.12708333333333,23.04513888888888,22.079861111111125,88.19236111111113,24.4,28.9,23.73333333333332,23.292361111111113,86.82847222222217,24.8,28.9
2018-06-02,0,24.36944444444444,23.39930555555557,25.287500000000005,66.05416666666667,35.1,27.4,39.5,19.822222222222205,21.659027777777773,19.983333333333327,90.05625000000003,22.3,24.6,22.12708333333333,22.079861111111125,88.19236111111113,24.4,28.9
2018-06-03,0,24.21041666666667,24.059722222222234,24.836111111111112,73.2097222222222,33.5,27.4,36.7,24.36944444444444,23.39930555555557,25.287500000000005,66.05416666666667,27.4,39.5,19.822222222222205,19.983333333333327,90.05625000000003,22.3,24.6
2018-06-04,0,25.132638888888888,24.73194444444445,25.79930555555555,70.1875,34.2,28.0,39.1,24.21041666666667,24.059722222222234,24.836111111111112,73.2097222222222,27.4,36.7,24.36944444444444,25.287500000000005,66.05416666666667,27.4,39.5
2018-06-05,0,25.815972222222214,25.05208333333334,26.226388888888888,69.72569444444447,34.7,27.9,38.6,25.132638888888888,24.73194444444445,25.79930555555555,70.1875,28.0,39.1,24.21041666666667,24.836111111111112,73.2097222222222,27.4,36.7
2018-06-06,0,24.540277777777792,24.614583333333343,24.49791666666667,80.25069444444442,33.8,26.6,35.4,25.815972222222214,25.05208333333334,26.226388888888888,69.72569444444447,27.9,38.6,25.132638888888888,25.79930555555555,70.1875,28.0,39.1
2018-06-07,0,21.291666666666664,23.13958333333333,20.286111111111094,96.96319444444441,26.4,24.1,26.4,24.540277777777792,24.614583333333343,24.49791666666667,80.25069444444442,26.6,35.4,25.815972222222214,26.226388888888888,69.72569444444447,27.9,38.6
2018-06-08,0,23.859027777777786,23.896527777777766,21.77847222222222,87.66736111111109,32.2,25.8,34.5,21.291666666666664,23.13958333333333,20.286111111111094,96.96319444444441,24.1,26.4,24.540277777777792,24.49791666666667,80.25069444444442,26.6,35.4
2018-06-09,0,24.19374999999999,24.27083333333334,24.492361111111087,84.33611111111105,33.2,26.3,35.4,23.859027777777786,23.896527777777766,21.77847222222222,87.66736111111109,25.8,34.5,21.291666666666664,20.286111111111094,96.96319444444441,24.1,26.4
2018-06-10,0,26.159722222222232,25.14583333333333,25.565972222222232,83.33680555555559,35.5,27.4,35.8,24.19374999999999,24.27083333333334,24.492361111111087,84.33611111111105,26.3,35.4,23.859027777777786,21.77847222222222,87.66736111111109,25.8,34.5
2018-06-11,0,23.972916666666652,24.23055555555554,23.65069444444445,86.81875000000008,30.5,25.2,29.5,26.159722222222232,25.14583333333333,25.565972222222232,83.33680555555559,27.4,35.8,24.19374999999999,24.492361111111087,84.33611111111105,26.3,35.4
2018-06-12,0,26.19236111111111,24.73333333333334,25.55277777777779,83.74652777777777,34.7,26.3,33.8,23.972916666666652,24.23055555555554,23.65069444444445,86.81875000000008,25.2,29.5,26.159722222222232,25.565972222222232,83.33680555555559,27.4,35.8
2018-06-13,0,26.81666666666668,25.46736111111111,26.68263888888889,71.96666666666665,35.4,27.6,36.9,26.19236111111111,24.73333333333334,25.55277777777779,83.74652777777777,26.3,33.8,23.972916666666652,23.65069444444445,86.81875000000008,25.2,29.5
2018-06-14,0,24.729861111111113,24.34375000000001,24.284722222222207,71.2708333333334,34.3,26.0,34.2,26.81666666666668,25.46736111111111,26.68263888888889,71.96666666666665,27.6,36.9,26.19236111111111,25.55277777777779,83.74652777777777,26.3,33.8
2018-06-15,0,24.445138888888913,24.07986111111111,24.568055555555574,77.14097222222225,33.2,26.1,33.8,24.729861111111113,24.34375000000001,24.284722222222207,71.2708333333334,26.0,34.2,26.81666666666668,26.68263888888889,71.96666666666665,27.6,36.9
2018-06-16,0,22.684027777777786,23.94374999999999,22.727083333333344,89.90555555555555,28.2,24.7,27.0,24.445138888888913,24.07986111111111,24.568055555555574,77.14097222222225,26.1,33.8,24.729861111111113,24.284722222222207,71.2708333333334,26.0,34.2
2018-06-17,0,22.488194444444442,23.168055555555554,22.398611111111126,81.80624999999998,31.6,24.8,29.8,22.684027777777786,23.94374999999999,22.727083333333344,89.90555555555555,24.7,27.0,24.445138888888913,24.568055555555574,77.14097222222225,26.1,33.8
2018-06-18,0,24.36111111111111,23.79375000000001,24.41527777777778,77.32638888888884,35.2,26.1,34.7,22.488194444444442,23.168055555555554,22.398611111111126,81.80624999999998,24.8,29.8,22.684027777777786,22.727083333333344,89.90555555555555,24.7,27.0
2018-06-19,0,22.097916666666666,23.27986111111112,21.99791666666666,87.80833333333334,31.8,24.5,29.1,24.36111111111111,23.79375000000001,24.41527777777778,77.32638888888884,26.1,34.7,22.488194444444442,22.398611111111126,81.80624999999998,24.8,29.8
2018-06-20,0,23.94444444444445,23.679861111111112,23.511805555555547,90.65555555555555,34.4,25.5,32.6,22.097916666666666,23.27986111111112,21.99791666666666,87.80833333333334,24.5,29.1,24.36111111111111,24.41527777777778,77.32638888888884,26.1,34.7
2018-06-21,0,21.94027777777779,23.11527777777782,22.067361111111122,99.28472222222223,24.7,23.5,24.2,23.94444444444445,23.679861111111112,23.511805555555547,90.65555555555555,25.5,32.6,22.097916666666666,21.99791666666666,87.80833333333334,24.5,29.1
2018-06-22,0,23.93958333333333,23.650694444444426,23.32708333333333,94.43819444444449,30.3,24.7,27.8,21.94027777777779,23.11527777777782,22.067361111111122,99.28472222222223,23.5,24.2,23.94444444444445,23.511805555555547,90.65555555555555,25.5,32.6
2018-06-23,0,25.60625000000001,24.036805555555553,24.738888888888912,82.9055555555556,34.5,26.4,33.6,23.93958333333333,23.650694444444426,23.32708333333333,94.43819444444449,24.7,27.8,21.94027777777779,22.067361111111122,99.28472222222223,23.5,24.2
2018-06-24,0,20.96111111111111,22.697222222222237,21.140972222222224,96.14027777777778,25.4,23.6,25.4,25.60625000000001,24.036805555555553,24.738888888888912,82.9055555555556,26.4,33.6,23.93958333333333,23.32708333333333,94.43819444444449,24.7,27.8
2018-06-25,0,24.63125,23.89305555555556,24.84513888888888,86.21666666666663,34.5,26.4,34.8,20.96111111111111,22.697222222222237,21.140972222222224,96.14027777777778,23.6,25.4,25.60625000000001,24.738888888888912,82.9055555555556,26.4,33.6
2018-06-26,0,27.705555555555573,25.586111111111112,27.196527777777792,81.79930555555555,38.3,28.5,37.6,24.63125,23.89305555555556,24.84513888888888,86.21666666666663,26.4,34.8,20.96111111111111,21.140972222222224,96.14027777777778,23.6,25.4
2018-06-27,0,27.91041666666667,26.446527777777767,27.415277777777785,87.88680555555555,38.4,28.8,37.6,27.705555555555573,25.586111111111112,27.196527777777792,81.79930555555555,28.5,37.6,24.63125,24.84513888888888,86.21666666666663,26.4,34.8
2018-06-28,0,28.18888888888889,26.60972222222221,27.15625,91.56527777777771,38.4,28.4,34.1,27.91041666666667,26.446527777777767,27.415277777777785,87.88680555555555,28.8,37.6,27.705555555555573,27.196527777777792,81.79930555555555,28.5,37.6
2018-06-29,0,28.992361111111126,27.23402777777777,28.11944444444445,89.58263888888891,40.2,29.5,37.2,28.18888888888889,26.60972222222221,27.15625,91.56527777777771,28.4,34.1,27.91041666666667,27.415277777777785,87.88680555555555,28.8,37.6
2018-06-30,0,28.83819444444445,27.42708333333333,28.071527777777767,90.87430555555555,37.7,28.9,33.9,28.992361111111126,27.23402777777777,28.11944444444445,89.58263888888891,29.5,37.2,28.18888888888889,27.15625,91.56527777777771,28.4,34.1
2018-07-01,0,28.985416666666666,27.70486111111111,27.939583333333346,95.24722222222216,38.3,29.1,37.0,28.83819444444445,27.42708333333333,28.071527777777767,90.87430555555555,28.9,33.9,28.992361111111126,28.11944444444445,89.58263888888891,29.5,37.2
2018-07-02,0,30.10625000000001,28.25694444444445,29.33819444444445,88.23263888888886,40.9,30.3,36.6,28.985416666666666,27.70486111111111,27.939583333333346,95.24722222222216,29.1,37.0,28.83819444444445,28.071527777777767,90.87430555555555,28.9,33.9
2018-07-03,0,29.594444444444427,27.985416666666683,27.93541666666666,94.63125,39.7,29.5,33.0,30.10625000000001,28.25694444444445,29.33819444444445,88.23263888888886,30.3,36.6,28.985416666666666,27.939583333333346,95.24722222222216,29.1,37.0
2018-07-04,0,29.556944444444426,27.95347222222223,27.27152777777779,94.10902777777771,38.8,29.5,34.2,29.594444444444427,27.985416666666683,27.93541666666666,94.63125,29.5,33.0,30.10625000000001,29.33819444444445,88.23263888888886,30.3,36.6
2018-07-05,0,27.21805555555556,27.30694444444446,26.72986111111112,96.72222222222223,32.7,27.9,29.8,29.556944444444426,27.95347222222223,27.27152777777779,94.10902777777771,29.5,34.2,29.594444444444427,27.93541666666666,94.63125,29.5,33.0
2018-07-06,0,25.97291666666667,26.311805555555548,25.739583333333343,98.80416666666667,28.3,26.7,27.4,27.21805555555556,27.30694444444446,26.72986111111112,96.72222222222223,27.9,29.8,29.556944444444426,27.27152777777779,94.10902777777771,29.5,34.2
2018-07-07,0,26.27847222222221,26.05625000000002,25.82777777777777,99.2375,30.3,27.9,28.5,25.97291666666667,26.311805555555548,25.739583333333343,98.80416666666667,26.7,27.4,27.21805555555556,26.72986111111112,96.72222222222223,27.9,29.8
2018-07-08,0,27.349305555555574,26.80972222222222,26.507638888888927,97.3201388888889,33.1,31.5,31.9,26.27847222222221,26.05625000000002,25.82777777777777,99.2375,27.9,28.5,25.97291666666667,25.739583333333343,98.80416666666667,26.7,27.4
2018-07-09,0,29.211111111111112,27.58819444444445,28.429861111111112,74.56319444444446,38.0,29.9,35.6,27.349305555555574,26.80972222222222,26.507638888888927,97.3201388888889,31.5,31.9,26.27847222222221,25.82777777777777,99.2375,27.9,28.5
2018-07-10,0,29.70625,27.77708333333332,27.963194444444433,76.25763888888885,43.3,30.2,35.0,29.211111111111112,27.58819444444445,28.429861111111112,74.56319444444446,29.9,35.6,27.349305555555574,26.507638888888927,97.3201388888889,31.5,31.9
2018-07-11,0,29.98472222222223,27.98680555555556,28.130555555555553,70.07986111111113,40.8,30.1,34.6,29.70625,27.77708333333332,27.963194444444433,76.25763888888885,30.2,35.0,29.211111111111112,28.429861111111112,74.56319444444446,29.9,35.6
2018-07-12,0,29.54444444444444,28.00486111111111,28.73611111111111,54.18263888888888,38.0,29.6,35.4,29.98472222222223,27.98680555555556,28.130555555555553,70.07986111111113,30.1,34.6,29.70625,27.963194444444433,76.25763888888885,30.2,35.0
2018-07-13,0,30.290972222222226,28.46180555555555,28.80486111111113,62.369444444444454,40.1,30.3,36.2,29.54444444444444,28.00486111111111,28.73611111111111,54.18263888888888,29.6,35.4,29.98472222222223,28.130555555555553,70.07986111111113,30.1,34.6
2018-07-14,0,31.84999999999999,28.75208333333333,29.479861111111113,55.12083333333332,43.2,30.9,36.1,30.290972222222226,28.46180555555555,28.80486111111113,62.369444444444454,30.3,36.2,29.54444444444444,28.73611111111111,54.18263888888888,29.6,35.4
2018-07-15,0,31.433333333333305,28.918055555555554,29.402777777777786,54.38194444444443,41.8,30.8,35.5,31.84999999999999,28.75208333333333,29.479861111111113,55.12083333333332,30.9,36.1,30.290972222222226,28.80486111111113,62.369444444444454,30.3,36.2
2018-07-16,0,32.125694444444434,29.27708333333332,30.35972222222223,48.02777777777776,43.8,31.2,36.1,31.433333333333305,28.918055555555554,29.402777777777786,54.38194444444443,30.8,35.5,31.84999999999999,29.479861111111113,55.12083333333332,30.9,36.1
2018-07-17,0,30.52083333333334,29.26250000000001,29.56111111111112,54.06388888888888,39.0,31.1,35.5,32.125694444444434,29.27708333333332,30.35972222222223,48.02777777777776,31.2,36.1,31.433333333333305,29.402777777777786,54.38194444444443,30.8,35.5
2018-07-18,0,30.693750000000005,29.475,30.164583333333344,46.546527777777754,38.1,31.1,35.7,30.52083333333334,29.26250000000001,29.56111111111112,54.06388888888888,31.1,35.5,32.125694444444434,30.35972222222223,48.02777777777776,31.2,36.1
2018-07-19,0,32.20347222222222,29.98333333333333,30.496527777777768,51.131944444444436,41.2,31.7,35.2,30.693750000000005,29.475,30.164583333333344,46.546527777777754,31.1,35.7,30.52083333333334,29.56111111111112,54.06388888888888,31.1,35.5
2018-07-20,0,30.990972222222233,29.83125,30.27916666666665,42.77361111111113,41.2,31.3,36.0,32.20347222222222,29.98333333333333,30.496527777777768,51.131944444444436,31.7,35.2,30.693750000000005,30.164583333333344,46.546527777777754,31.1,35.7
2018-07-21,0,30.13333333333333,29.26666666666666,28.677777777777766,51.83750000000001,39.6,30.3,34.1,30.990972222222233,29.83125,30.27916666666665,42.77361111111113,31.3,36.0,32.20347222222222,30.496527777777768,51.131944444444436,31.7,35.2
2018-07-22,0,29.37361111111112,28.5,28.33055555555555,47.88055555555553,33.5,28.5,32.1,30.13333333333333,29.26666666666666,28.677777777777766,51.83750000000001,30.3,34.1,30.990972222222233,30.27916666666665,42.77361111111113,31.3,36.0
2018-08-14,0,30.686805555555548,30.21249999999999,30.38194444444445,86.44444444444444,38.3,34.0,37.7,29.591666666666665,29.46041666666666,29.372222222222234,89.9375,31.5,35.2,30.58055555555555,30.6,83.47222222222223,33.1,39.4
2018-08-15,0,30.491666666666656,30.20138888888889,30.285416666666656,85.22916666666667,39.5,32.9,37.3,30.686805555555548,30.21249999999999,30.38194444444445,86.44444444444444,34.0,37.7,29.591666666666665,29.372222222222234,89.9375,31.5,35.2
2018-08-16,0,27.49166666666665,28.492361111111087,27.51319444444444,93.70833333333331,37.7,30.7,35.4,30.491666666666656,30.20138888888889,30.285416666666656,85.22916666666667,32.9,37.3,30.686805555555548,30.38194444444445,86.44444444444444,34.0,37.7
2018-08-17,0,28.27986111111112,28.42430555555555,28.12291666666667,90.25,35.3,30.5,33.7,27.49166666666665,28.492361111111087,27.51319444444444,93.70833333333331,30.7,35.4,30.491666666666656,30.285416666666656,85.22916666666667,32.9,37.3
2018-08-18,0,28.63194444444445,27.634027777777767,27.79375,66.13194444444444,39.9,30.8,35.5,28.27986111111112,28.42430555555555,28.12291666666667,90.25,30.5,33.7,27.49166666666665,27.51319444444444,93.70833333333331,30.7,35.4
2018-08-19,0,26.213888888888878,26.31319444444444,25.559722222222234,69.34027777777777,38.6,29.3,34.0,28.63194444444445,27.634027777777767,27.79375,66.13194444444444,30.8,35.5,28.27986111111112,28.12291666666667,90.25,30.5,33.7
2018-08-20,0,26.352777777777767,25.996527777777768,25.60763888888889,73.47222222222223,38.2,29.1,34.5,26.213888888888878,26.31319444444444,25.559722222222234,69.34027777777777,29.3,34.0,28.63194444444445,27.79375,66.13194444444444,30.8,35.5
2018-08-21,0,26.88333333333333,26.397916666666678,26.395138888888912,84.65972222222223,35.8,28.6,33.3,26.352777777777767,25.996527777777768,25.60763888888889,73.47222222222223,29.1,34.5,26.213888888888878,25.559722222222234,69.34027777777777,29.3,34.0
2018-08-22,0,30.89930555555557,28.9597222222222,29.888888888888875,86.67361111111109,41.9,31.6,37.7,26.88333333333333,26.397916666666678,26.395138888888912,84.65972222222223,28.6,33.3,26.352777777777767,25.60763888888889,73.47222222222223,29.1,34.5
2018-08-23,0,32.150694444444454,29.82083333333333,30.7,83.84027777777777,43.8,32.3,38.1,30.89930555555557,28.9597222222222,29.888888888888875,86.67361111111109,31.6,37.7,26.88333333333333,26.395138888888912,84.65972222222223,28.6,33.3
2018-08-24,0,30.334722222222208,29.42013888888889,29.5875,87.95833333333331,43.4,31.8,37.7,32.150694444444454,29.82083333333333,30.7,83.84027777777777,32.3,38.1,30.89930555555557,29.888888888888875,86.67361111111109,31.6,37.7
2018-08-25,0,28.69513888888884,28.95000000000001,28.607638888888875,92.32638888888887,36.4,30.1,34.0,30.334722222222208,29.42013888888889,29.5875,87.95833333333331,31.8,37.7,32.150694444444454,30.7,83.84027777777777,32.3,38.1
2018-08-26,0,29.51180555555554,28.856944444444427,28.94166666666668,90.63194444444444,39.1,30.3,33.3,28.69513888888884,28.95000000000001,28.607638888888875,92.32638888888887,30.1,34.0,30.334722222222208,29.5875,87.95833333333331,31.8,37.7
2018-08-27,0,30.927083333333307,29.29513888888888,29.820138888888888,84.8125,39.9,31.7,36.2,29.51180555555554,28.856944444444427,28.94166666666668,90.63194444444444,30.3,33.3,28.69513888888884,28.607638888888875,92.32638888888887,30.1,34.0
2018-08-28,0,30.774999999999977,29.13541666666667,29.539583333333308,82.36805555555556,39.7,31.2,35.6,30.927083333333307,29.29513888888888,29.820138888888888,84.8125,31.7,36.2,29.51180555555554,28.94166666666668,90.63194444444444,30.3,33.3
2018-08-29,1,29.62013888888889,28.78125000000001,28.75277777777779,85.8263888888889,39.3,30.5,35.2,30.774999999999977,29.13541666666667,29.539583333333308,82.36805555555556,31.2,35.6,30.927083333333307,29.820138888888888,84.8125,31.7,36.2
2018-08-30,1,30.32222222222222,29.00000000000001,29.27986111111113,84.4861111111111,39.6,30.6,34.6,29.62013888888889,28.78125000000001,28.75277777777779,85.8263888888889,30.5,35.2,30.774999999999977,29.539583333333308,82.36805555555556,31.2,35.6
2018-08-31,1,29.331944444444442,28.770833333333314,28.690277777777762,90.27777777777777,40.9,30.3,32.8,30.32222222222222,29.00000000000001,29.27986111111113,84.4861111111111,30.6,34.6,29.62013888888889,28.75277777777779,85.8263888888889,30.5,35.2
2018-09-01,1,30.839583333333344,29.09513888888889,29.57708333333332,86.16666666666669,41.6,31.5,35.7,29.331944444444442,28.770833333333314,28.690277777777762,90.27777777777777,30.3,32.8,30.32222222222222,29.27986111111113,84.4861111111111,30.6,34.6
2018-09-02,1,26.85069444444445,27.634027777777767,26.71944444444446,89.4375,36.3,28.4,30.2,30.839583333333344,29.09513888888889,29.57708333333332,86.16666666666669,31.5,35.7,29.331944444444442,28.690277777777762,90.27777777777777,30.3,32.8
2018-09-03,1,28.10694444444445,27.509027777777767,27.26805555555555,87.19444444444444,39.8,29.6,33.9,26.85069444444445,27.634027777777767,26.71944444444446,89.4375,28.4,30.2,30.839583333333344,29.57708333333332,86.16666666666669,31.5,35.7
2018-09-04,1,29.168055555555558,27.730555555555572,28.09791666666666,84.06944444444444,43.1,30.0,35.6,28.10694444444445,27.509027777777767,27.26805555555555,87.19444444444444,29.6,33.9,26.85069444444445,26.71944444444446,89.4375,28.4,30.2
2018-09-05,1,27.07291666666668,27.610416666666694,27.225000000000005,95.26388888888887,35.2,28.8,31.4,29.168055555555558,27.730555555555572,28.09791666666666,84.06944444444444,30.0,35.6,28.10694444444445,27.26805555555555,87.19444444444444,29.6,33.9
2018-09-06,1,28.437500000000004,27.90208333333333,28.065972222222253,87.88194444444444,38.9,29.7,34.2,27.07291666666668,27.610416666666694,27.225000000000005,95.26388888888887,28.8,31.4,29.168055555555558,28.09791666666666,84.06944444444444,30.0,35.6
2018-09-07,1,27.07083333333333,27.1125,26.773611111111112,87.3125,35.5,28.4,32.0,28.437500000000004,27.90208333333333,28.065972222222253,87.88194444444444,29.7,34.2,27.07291666666668,27.225000000000005,95.26388888888887,28.8,31.4
2018-09-08,1,26.919444444444466,27.100000000000005,26.99375,90.22916666666669,32.4,28.0,30.0,27.07083333333333,27.1125,26.773611111111112,87.3125,28.4,32.0,28.437500000000004,28.065972222222253,87.88194444444444,29.7,34.2
2018-09-09,1,27.67569444444446,27.50277777777778,27.61458333333333,90.22222222222223,34.3,28.6,32.2,26.919444444444466,27.100000000000005,26.99375,90.22916666666669,28.0,30.0,27.07083333333333,26.773611111111112,87.3125,28.4,32.0
2018-09-10,1,28.494444444444426,27.814583333333346,28.175,88.22222222222223,37.7,29.8,34.8,27.67569444444446,27.50277777777778,27.61458333333333,90.22222222222223,28.6,32.2,26.919444444444466,26.99375,90.22916666666669,28.0,30.0
2018-09-11,1,24.72361111111111,26.49722222222221,25.15625000000001,93.23611111111113,32.0,27.4,28.6,28.494444444444426,27.814583333333346,28.175,88.22222222222223,29.8,34.8,27.67569444444446,27.61458333333333,90.22222222222223,28.6,32.2
2018-09-12,1,23.418055555555547,24.74583333333334,23.54375,85.56944444444444,30.2,25.6,28.1,24.72361111111111,26.49722222222221,25.15625000000001,93.23611111111113,27.4,28.6,28.494444444444426,28.175,88.22222222222223,29.8,34.8
2018-09-13,1,22.15694444444444,23.79583333333333,22.22430555555555,84.84027777777777,30.1,24.7,26.2,23.418055555555547,24.74583333333334,23.54375,85.56944444444444,25.6,28.1,24.72361111111111,25.15625000000001,93.23611111111113,27.4,28.6
2018-09-14,1,23.91041666666666,23.958333333333343,23.69027777777779,84.59722222222223,36.3,25.6,31.1,22.15694444444444,23.79583333333333,22.22430555555555,84.84027777777777,24.7,26.2,23.418055555555547,23.54375,85.56944444444444,25.6,28.1
2018-09-15,1,23.172916666666666,24.07569444444445,23.352083333333336,90.96527777777777,28.5,25.0,26.6,23.91041666666666,23.958333333333343,23.69027777777779,84.59722222222223,25.6,31.1,22.15694444444444,22.22430555555555,84.84027777777777,24.7,26.2
2018-09-16,1,23.809722222222234,24.397222222222236,23.96388888888889,94.97222222222223,29.2,25.1,27.0,23.172916666666666,24.07569444444445,23.352083333333336,90.96527777777777,25.0,26.6,23.91041666666666,23.69027777777779,84.59722222222223,25.6,31.1
2018-09-17,1,27.78333333333333,25.996527777777768,27.11111111111112,86.46527777777777,39.5,28.1,33.8,23.809722222222234,24.397222222222236,23.96388888888889,94.97222222222223,25.1,27.0,23.172916666666666,23.352083333333336,90.96527777777777,25.0,26.6
2018-09-18,1,27.991666666666678,26.48333333333333,27.20208333333333,75.5625,40.1,28.4,33.7,27.78333333333333,25.996527777777768,27.11111111111112,86.46527777777777,28.1,33.8,23.809722222222234,23.96388888888889,94.97222222222223,25.1,27.0
2018-09-19,1,25.847916666666674,25.36458333333335,25.26527777777777,78.03472222222223,37.3,27.4,31.7,27.991666666666678,26.48333333333333,27.20208333333333,75.5625,28.4,33.7,27.78333333333333,27.11111111111112,86.46527777777777,28.1,33.8
2018-09-20,1,25.672916666666666,24.16666666666665,24.55833333333333,79.52083333333333,39.3,29.2,32.1,25.847916666666674,25.36458333333335,25.26527777777777,78.03472222222223,27.4,31.7,27.991666666666678,27.20208333333333,75.5625,28.4,33.7
2018-09-21,1,21.28541666666668,21.941666666666656,21.3986111111111,90.67361111111113,24.3,23.9,24.0,25.672916666666666,24.16666666666665,24.55833333333333,79.52083333333333,29.2,32.1,25.847916666666674,25.26527777777777,78.03472222222223,27.4,31.7
2018-09-22,1,21.55763888888889,22.96041666666667,21.851388888888888,92.51388888888887,25.3,23.6,24.2,21.28541666666668,21.941666666666656,21.3986111111111,90.67361111111113,23.9,24.0,25.672916666666666,24.55833333333333,79.52083333333333,29.2,32.1
2018-09-23,1,25.57361111111112,24.666666666666657,25.25833333333333,83.15277777777777,36.1,27.1,32.9,21.55763888888889,22.96041666666667,21.851388888888888,92.51388888888887,23.6,24.2,21.28541666666668,21.3986111111111,90.67361111111113,23.9,24.0
2018-09-24,1,25.28680555555556,24.62361111111109,24.860416666666666,82.2361111111111,35.6,26.7,31.3,25.57361111111112,24.666666666666657,25.25833333333333,83.15277777777777,27.1,32.9,21.55763888888889,21.851388888888888,92.51388888888887,23.6,24.2
2018-09-25,1,25.303472222222233,25.227777777777767,25.191666666666666,89.29861111111109,33.7,26.7,30.0,25.28680555555556,24.62361111111109,24.860416666666666,82.2361111111111,26.7,31.3,25.57361111111112,25.25833333333333,83.15277777777777,27.1,32.9
2018-09-26,1,22.021527777777774,23.87569444444444,22.488194444444453,92.74305555555556,24.9,24.8,24.4,25.303472222222233,25.227777777777767,25.191666666666666,89.29861111111109,26.7,30.0,25.28680555555556,24.860416666666666,82.2361111111111,26.7,31.3
2018-09-27,1,22.15486111111112,23.246527777777786,22.19791666666666,88.85416666666669,29.5,24.5,26.8,22.021527777777774,23.87569444444444,22.488194444444453,92.74305555555556,24.8,24.4,25.303472222222233,25.191666666666666,89.29861111111109,26.7,30.0
2018-09-28,1,20.07638888888889,22.068055555555528,20.25902777777778,92.36111111111113,26.6,23.2,25.0,22.15486111111112,23.246527777777786,22.19791666666666,88.85416666666669,24.5,26.8,22.021527777777774,22.488194444444453,92.74305555555556,24.8,24.4
2018-09-29,1,22.32569444444444,22.086805555555557,21.56319444444444,82.10416666666667,36.8,24.6,29.7,20.07638888888889,22.068055555555528,20.25902777777778,92.36111111111113,23.2,25.0,22.15486111111112,22.19791666666666,88.85416666666669,24.5,26.8
2018-09-30,1,20.03958333333334,21.686111111111146,20.254166666666674,88.08333333333331,22.0,22.0,21.6,22.32569444444444,22.086805555555557,21.56319444444444,82.10416666666667,24.6,29.7,20.07638888888889,20.25902777777778,92.36111111111113,23.2,25.0
2018-10-01,1,24.280555555555548,23.122916666666693,23.943750000000005,94.38194444444444,30.0,24.5,28.0,20.03958333333334,21.686111111111146,20.254166666666674,88.08333333333331,22.0,21.6,22.32569444444444,21.56319444444444,82.10416666666667,24.6,29.7
2018-10-02,1,24.71319444444445,24.025,25.172916666666666,72.9513888888889,29.9,24.1,34.0,24.280555555555548,23.122916666666693,23.943750000000005,94.38194444444444,24.5,28.0,20.03958333333334,20.254166666666674,88.08333333333331,22.0,21.6
