date,T20_mean_x,ST_mean_x,T60_mean_x,H_mean_x,T20_min_x,ST_min_x,T60_min_x,H_min_x,T20_max_x,ST_max_x,T60_max_x,H_max_x,T20_mean_y,ST_mean_y,T60_mean_y,H_mean_y,T20_min_y,ST_min_y,T60_min_y,H_min_y,T20_max_y,ST_max_y,T60_max_y,H_max_y,T20_mean_z,ST_mean_z,T60_mean_z,H_mean_z,T20_min_z,ST_min_z,T60_min_z,H_min_z,T20_max_z,ST_max_z,T60_max_z,H_max_z,T20_mean_a,ST_mean_a,T60_mean_a,H_mean_a,T20_min_a,ST_min_a,T60_min_a,H_min_a,T20_max_a,ST_max_a,T60_max_a,H_max_a,T20_mean_b,ST_mean_b,T60_mean_b,H_mean_b,T20_min_b,ST_min_b,T60_min_b,H_min_b,T20_max_b,ST_max_b,T60_max_b,H_max_b,T20_mean_c,ST_mean_c,T60_mean_c,H_mean_c,T20_min_c,ST_min_c,T60_min_c,H_min_c,T20_max_c,ST_max_c,T60_max_c,H_max_c,T20_mean_d,ST_mean_d,T60_mean_d,H_mean_d,T20_min_d,ST_min_d,T60_min_d,H_min_d,T20_max_d,ST_max_d,T60_max_d,H_max_d
2016-07-29,28.990825688073382,27.39908256880735,29.8091743119266,69.31192660550458,23.8,25.0,23.9,40.0,38.1,31.6,41.5,91.0,26.645833333333318,26.195138888888895,27.134722222222216,80.8125,21.8,23.6,22.1,44.0,38.1,30.4,39.9,100.0,23.269444444444456,25.043750000000003,23.534722222222214,91.77083333333333,21.6,23.9,21.9,78.0,26.1,25.9,26.3,100.0,27.975000000000005,27.681250000000006,28.47638888888889,70.34027777777777,21.6,24.2,21.7,34.0,38.6,32.1,41.4,96.0,27.265972222222207,27.391666666666666,27.85902777777777,69.20833333333333,21.4,23.9,21.4,39.0,38.8,33.3,39.6,97.0,26.36319444444444,26.513888888888903,26.797916666666655,66.81944444444444,22.6,24.2,22.5,42.0,34.6,30.2,35.8,84.0,26.940277777777776,27.328472222222217,27.319444444444446,71.07638888888889,23.3,25.1,23.4,47.0,34.2,31.6,35.6,92.0
2016-07-30,28.492660550458712,27.758715596330283,29.21651376146787,70.6788990825688,22.1,24.6,22.1,38.0,37.0,33.4,41.3,99.0,28.035416666666656,27.288888888888895,28.624305555555548,73.1875,23.8,25.0,23.8,40.0,38.1,31.6,41.5,91.0,26.645833333333318,26.195138888888895,27.134722222222216,80.8125,21.8,23.6,22.1,44.0,38.1,30.4,39.9,100.0,23.269444444444456,25.043750000000003,23.534722222222214,91.77083333333333,21.6,23.9,21.9,78.0,26.1,25.9,26.3,100.0,27.975000000000005,27.681250000000006,28.47638888888889,70.34027777777777,21.6,24.2,21.7,34.0,38.6,32.1,41.4,96.0,27.265972222222207,27.391666666666666,27.85902777777777,69.20833333333333,21.4,23.9,21.4,39.0,38.8,33.3,39.6,97.0,26.36319444444444,26.513888888888903,26.797916666666655,66.81944444444444,22.6,24.2,22.5,42.0,34.6,30.2,35.8,84.0
2016-07-31,30.108256880733943,28.063302752293566,31.40366972477063,65.77981651376147,21.6,24.5,21.6,35.0,37.5,31.6,41.0,100.0,27.745138888888885,27.527777777777782,28.231944444444427,74.47916666666667,22.1,24.6,22.1,38.0,37.0,33.4,41.3,99.0,28.035416666666656,27.288888888888895,28.624305555555548,73.1875,23.8,25.0,23.8,40.0,38.1,31.6,41.5,91.0,26.645833333333318,26.195138888888895,27.134722222222216,80.8125,21.8,23.6,22.1,44.0,38.1,30.4,39.9,100.0,23.269444444444456,25.043750000000003,23.534722222222214,91.77083333333333,21.6,23.9,21.9,78.0,26.1,25.9,26.3,100.0,27.975000000000005,27.681250000000006,28.47638888888889,70.34027777777777,21.6,24.2,21.7,34.0,38.6,32.1,41.4,96.0,27.265972222222207,27.391666666666666,27.85902777777777,69.20833333333333,21.4,23.9,21.4,39.0,38.8,33.3,39.6,97.0
2016-08-01,30.70733944954129,28.484403669724777,32.11376146788991,64.34862385321101,22.1,24.9,22.1,38.0,37.8,32.2,41.2,99.0,29.04722222222221,27.818055555555542,29.96388888888889,68.5,21.6,24.5,21.6,35.0,37.5,31.6,41.0,100.0,27.745138888888885,27.527777777777782,28.231944444444427,74.47916666666667,22.1,24.6,22.1,38.0,37.0,33.4,41.3,99.0,28.035416666666656,27.288888888888895,28.624305555555548,73.1875,23.8,25.0,23.8,40.0,38.1,31.6,41.5,91.0,26.645833333333318,26.195138888888895,27.134722222222216,80.8125,21.8,23.6,22.1,44.0,38.1,30.4,39.9,100.0,23.269444444444456,25.043750000000003,23.534722222222214,91.77083333333333,21.6,23.9,21.9,78.0,26.1,25.9,26.3,100.0,27.975000000000005,27.681250000000006,28.47638888888889,70.34027777777777,21.6,24.2,21.7,34.0,38.6,32.1,41.4,96.0
2016-08-02,30.435779816513755,28.82660550458715,31.425688073394504,70.02752293577981,23.6,25.8,23.7,37.0,38.7,34.1,43.0,100.0,29.709027777777788,28.279861111111117,30.712499999999995,68.19444444444444,22.1,24.9,22.1,38.0,37.8,32.2,41.2,99.0,29.04722222222221,27.818055555555542,29.96388888888889,68.5,21.6,24.5,21.6,35.0,37.5,31.6,41.0,100.0,27.745138888888885,27.527777777777782,28.231944444444427,74.47916666666667,22.1,24.6,22.1,38.0,37.0,33.4,41.3,99.0,28.035416666666656,27.288888888888895,28.624305555555548,73.1875,23.8,25.0,23.8,40.0,38.1,31.6,41.5,91.0,26.645833333333318,26.195138888888895,27.134722222222216,80.8125,21.8,23.6,22.1,44.0,38.1,30.4,39.9,100.0,23.269444444444456,25.043750000000003,23.534722222222214,91.77083333333333,21.6,23.9,21.9,78.0,26.1,25.9,26.3,100.0
2016-08-03,30.261467889908257,28.583486238532124,31.05412844036696,72.73394495412845,23.7,26.2,23.9,44.0,39.0,31.5,42.4,100.0,29.277083333333344,28.54513888888889,30.068055555555564,76.61111111111111,23.6,25.8,23.7,37.0,38.7,34.1,43.0,100.0,29.709027777777788,28.279861111111117,30.712499999999995,68.19444444444444,22.1,24.9,22.1,38.0,37.8,32.2,41.2,99.0,29.04722222222221,27.818055555555542,29.96388888888889,68.5,21.6,24.5,21.6,35.0,37.5,31.6,41.0,100.0,27.745138888888885,27.527777777777782,28.231944444444427,74.47916666666667,22.1,24.6,22.1,38.0,37.0,33.4,41.3,99.0,28.035416666666656,27.288888888888895,28.624305555555548,73.1875,23.8,25.0,23.8,40.0,38.1,31.6,41.5,91.0,26.645833333333318,26.195138888888895,27.134722222222216,80.8125,21.8,23.6,22.1,44.0,38.1,30.4,39.9,100.0
2016-08-04,30.106422018348628,28.30642201834861,30.760550458715592,73.06422018348624,23.9,26.3,24.1,48.0,38.1,30.2,39.8,100.0,29.293750000000003,28.476388888888906,29.9361111111111,76.47222222222223,23.7,26.2,23.9,44.0,39.0,31.5,42.4,100.0,29.277083333333344,28.54513888888889,30.068055555555564,76.61111111111111,23.6,25.8,23.7,37.0,38.7,34.1,43.0,100.0,29.709027777777788,28.279861111111117,30.712499999999995,68.19444444444444,22.1,24.9,22.1,38.0,37.8,32.2,41.2,99.0,29.04722222222221,27.818055555555542,29.96388888888889,68.5,21.6,24.5,21.6,35.0,37.5,31.6,41.0,100.0,27.745138888888885,27.527777777777782,28.231944444444427,74.47916666666667,22.1,24.6,22.1,38.0,37.0,33.4,41.3,99.0,28.035416666666656,27.288888888888895,28.624305555555548,73.1875,23.8,25.0,23.8,40.0,38.1,31.6,41.5,91.0
2016-08-05,30.903669724770648,28.8770642201835,31.923853211009185,69.41284403669725,23.7,26.1,23.8,42.0,39.2,34.1,41.9,100.0,29.210416666666674,28.157638888888872,29.70694444444444,76.79861111111111,23.9,26.3,24.1,48.0,38.1,30.2,39.8,100.0,29.293750000000003,28.476388888888906,29.9361111111111,76.47222222222223,23.7,26.2,23.9,44.0,39.0,31.5,42.4,100.0,29.277083333333344,28.54513888888889,30.068055555555564,76.61111111111111,23.6,25.8,23.7,37.0,38.7,34.1,43.0,100.0,29.709027777777788,28.279861111111117,30.712499999999995,68.19444444444444,22.1,24.9,22.1,38.0,37.8,32.2,41.2,99.0,29.04722222222221,27.818055555555542,29.96388888888889,68.5,21.6,24.5,21.6,35.0,37.5,31.6,41.0,100.0,27.745138888888885,27.527777777777782,28.231944444444427,74.47916666666667,22.1,24.6,22.1,38.0,37.0,33.4,41.3,99.0
2016-08-06,31.234862385321104,29.144954128440368,32.10917431192661,69.57798165137615,24.0,26.3,24.1,43.0,38.7,32.7,42.0,99.0,29.87083333333333,28.629861111111115,30.63125000000001,73.79166666666667,23.7,26.1,23.8,42.0,39.2,34.1,41.9,100.0,29.210416666666674,28.157638888888872,29.70694444444444,76.79861111111111,23.9,26.3,24.1,48.0,38.1,30.2,39.8,100.0,29.293750000000003,28.476388888888906,29.9361111111111,76.47222222222223,23.7,26.2,23.9,44.0,39.0,31.5,42.4,100.0,29.277083333333344,28.54513888888889,30.068055555555564,76.61111111111111,23.6,25.8,23.7,37.0,38.7,34.1,43.0,100.0,29.709027777777788,28.279861111111117,30.712499999999995,68.19444444444444,22.1,24.9,22.1,38.0,37.8,32.2,41.2,99.0,29.04722222222221,27.818055555555542,29.96388888888889,68.5,21.6,24.5,21.6,35.0,37.5,31.6,41.0,100.0
2016-08-07,31.077981651376138,29.131192660550468,31.666972477064224,70.34862385321101,24.3,26.6,24.4,47.0,38.9,31.4,41.1,99.0,30.17916666666668,28.938888888888894,30.82916666666667,73.875,24.0,26.3,24.1,43.0,38.7,32.7,42.0,99.0,29.87083333333333,28.629861111111115,30.63125000000001,73.79166666666667,23.7,26.1,23.8,42.0,39.2,34.1,41.9,100.0,29.210416666666674,28.157638888888872,29.70694444444444,76.79861111111111,23.9,26.3,24.1,48.0,38.1,30.2,39.8,100.0,29.293750000000003,28.476388888888906,29.9361111111111,76.47222222222223,23.7,26.2,23.9,44.0,39.0,31.5,42.4,100.0,29.277083333333344,28.54513888888889,30.068055555555564,76.61111111111111,23.6,25.8,23.7,37.0,38.7,34.1,43.0,100.0,29.709027777777788,28.279861111111117,30.712499999999995,68.19444444444444,22.1,24.9,22.1,38.0,37.8,32.2,41.2,99.0
2016-08-08,30.601834862385317,29.159633027522933,31.411009174311932,71.60550458715596,24.3,26.6,24.4,35.0,39.4,32.9,44.9,100.0,30.182638888888885,28.894444444444446,30.5951388888889,73.375,24.3,26.6,24.4,47.0,38.9,31.4,41.1,99.0,30.17916666666668,28.938888888888894,30.82916666666667,73.875,24.0,26.3,24.1,43.0,38.7,32.7,42.0,99.0,29.87083333333333,28.629861111111115,30.63125000000001,73.79166666666667,23.7,26.1,23.8,42.0,39.2,34.1,41.9,100.0,29.210416666666674,28.157638888888872,29.70694444444444,76.79861111111111,23.9,26.3,24.1,48.0,38.1,30.2,39.8,100.0,29.293750000000003,28.476388888888906,29.9361111111111,76.47222222222223,23.7,26.2,23.9,44.0,39.0,31.5,42.4,100.0,29.277083333333344,28.54513888888889,30.068055555555564,76.61111111111111,23.6,25.8,23.7,37.0,38.7,34.1,43.0,100.0
2016-08-09,32.01100917431193,29.192660550458733,32.55321100917432,67.70642201834862,23.7,26.4,23.8,41.0,39.1,31.9,41.4,98.0,29.562500000000007,28.911111111111097,30.17916666666666,75.22222222222223,24.3,26.6,24.4,35.0,39.4,32.9,44.9,100.0,30.182638888888885,28.894444444444446,30.5951388888889,73.375,24.3,26.6,24.4,47.0,38.9,31.4,41.1,99.0,30.17916666666668,28.938888888888894,30.82916666666667,73.875,24.0,26.3,24.1,43.0,38.7,32.7,42.0,99.0,29.87083333333333,28.629861111111115,30.63125000000001,73.79166666666667,23.7,26.1,23.8,42.0,39.2,34.1,41.9,100.0,29.210416666666674,28.157638888888872,29.70694444444444,76.79861111111111,23.9,26.3,24.1,48.0,38.1,30.2,39.8,100.0,29.293750000000003,28.476388888888906,29.9361111111111,76.47222222222223,23.7,26.2,23.9,44.0,39.0,31.5,42.4,100.0
2016-08-10,32.52568807339448,28.910091743119267,32.556880733944936,57.11926605504587,25.2,26.1,24.7,38.0,38.5,32.7,40.5,78.0,31.429861111111126,28.975694444444443,31.69097222222223,66.73611111111111,23.7,26.4,23.8,41.0,39.1,31.9,41.4,98.0,29.562500000000007,28.911111111111097,30.17916666666666,75.22222222222223,24.3,26.6,24.4,35.0,39.4,32.9,44.9,100.0,30.182638888888885,28.894444444444446,30.5951388888889,73.375,24.3,26.6,24.4,47.0,38.9,31.4,41.1,99.0,30.17916666666668,28.938888888888894,30.82916666666667,73.875,24.0,26.3,24.1,43.0,38.7,32.7,42.0,99.0,29.87083333333333,28.629861111111115,30.63125000000001,73.79166666666667,23.7,26.1,23.8,42.0,39.2,34.1,41.9,100.0,29.210416666666674,28.157638888888872,29.70694444444444,76.79861111111111,23.9,26.3,24.1,48.0,38.1,30.2,39.8,100.0
2016-08-11,30.48990825688073,27.877064220183495,30.989908256880742,59.39449541284404,23.7,25.7,23.4,35.0,37.2,30.5,40.2,86.0,31.48541666666665,28.646527777777774,31.3673611111111,58.770833333333336,25.2,26.1,24.7,38.0,38.5,32.7,40.5,78.0,31.429861111111126,28.975694444444443,31.69097222222223,66.73611111111111,23.7,26.4,23.8,41.0,39.1,31.9,41.4,98.0,29.562500000000007,28.911111111111097,30.17916666666666,75.22222222222223,24.3,26.6,24.4,35.0,39.4,32.9,44.9,100.0,30.182638888888885,28.894444444444446,30.5951388888889,73.375,24.3,26.6,24.4,47.0,38.9,31.4,41.1,99.0,30.17916666666668,28.938888888888894,30.82916666666667,73.875,24.0,26.3,24.1,43.0,38.7,32.7,42.0,99.0,29.87083333333333,28.629861111111115,30.63125000000001,73.79166666666667,23.7,26.1,23.8,42.0,39.2,34.1,41.9,100.0
2016-08-12,29.31192660550459,27.52293577981651,30.177981651376157,68.43119266055047,21.4,24.7,21.4,41.0,37.3,30.2,40.2,97.0,29.27708333333332,27.66666666666667,29.568055555555564,65.09722222222223,22.9,25.7,22.8,35.0,37.2,30.5,40.2,94.0,31.48541666666665,28.646527777777774,31.3673611111111,58.770833333333336,25.2,26.1,24.7,38.0,38.5,32.7,40.5,78.0,31.429861111111126,28.975694444444443,31.69097222222223,66.73611111111111,23.7,26.4,23.8,41.0,39.1,31.9,41.4,98.0,29.562500000000007,28.911111111111097,30.17916666666666,75.22222222222223,24.3,26.6,24.4,35.0,39.4,32.9,44.9,100.0,30.182638888888885,28.894444444444446,30.5951388888889,73.375,24.3,26.6,24.4,47.0,38.9,31.4,41.1,99.0,30.17916666666668,28.938888888888894,30.82916666666667,73.875,24.0,26.3,24.1,43.0,38.7,32.7,42.0,99.0
2016-08-13,29.131192660550465,27.65871559633028,29.96788990825687,70.56880733944953,23.6,25.9,23.6,32.0,36.5,30.3,40.0,99.0,28.661111111111097,27.504166666666656,29.265277777777797,72.6875,21.4,24.7,21.4,41.0,37.3,30.2,40.2,97.0,29.27708333333332,27.66666666666667,29.568055555555564,65.09722222222223,22.9,25.7,22.8,35.0,37.2,30.5,40.2,94.0,31.48541666666665,28.646527777777774,31.3673611111111,58.770833333333336,25.2,26.1,24.7,38.0,38.5,32.7,40.5,78.0,31.429861111111126,28.975694444444443,31.69097222222223,66.73611111111111,23.7,26.4,23.8,41.0,39.1,31.9,41.4,98.0,29.562500000000007,28.911111111111097,30.17916666666666,75.22222222222223,24.3,26.6,24.4,35.0,39.4,32.9,44.9,100.0,30.182638888888885,28.894444444444446,30.5951388888889,73.375,24.3,26.6,24.4,47.0,38.9,31.4,41.1,99.0
2016-08-14,29.71467889908256,27.748623853211,30.630275229357803,67.25688073394495,24.5,25.8,24.4,42.0,37.3,30.9,41.8,85.0,28.461805555555557,27.488194444444442,29.049999999999994,71.79861111111111,23.6,25.9,23.6,32.0,36.5,30.3,40.0,99.0,28.661111111111097,27.504166666666656,29.265277777777797,72.6875,21.4,24.7,21.4,41.0,37.3,30.2,40.2,97.0,29.27708333333332,27.66666666666667,29.568055555555564,65.09722222222223,22.9,25.7,22.8,35.0,37.2,30.5,40.2,94.0,31.48541666666665,28.646527777777774,31.3673611111111,58.770833333333336,25.2,26.1,24.7,38.0,38.5,32.7,40.5,78.0,31.429861111111126,28.975694444444443,31.69097222222223,66.73611111111111,23.7,26.4,23.8,41.0,39.1,31.9,41.4,98.0,29.562500000000007,28.911111111111097,30.17916666666666,75.22222222222223,24.3,26.6,24.4,35.0,39.4,32.9,44.9,100.0
2016-08-15,27.489908256880735,26.963302752293576,27.708256880733938,78.6788990825688,23.8,26.1,24.0,55.0,32.9,27.7,33.5,94.0,29.006944444444432,27.70694444444443,29.65277777777779,70.84027777777777,24.5,25.8,24.4,42.0,37.3,30.9,41.8,88.0,28.461805555555557,27.488194444444442,29.049999999999994,71.79861111111111,23.6,25.9,23.6,32.0,36.5,30.3,40.0,99.0,28.661111111111097,27.504166666666656,29.265277777777797,72.6875,21.4,24.7,21.4,41.0,37.3,30.2,40.2,97.0,29.27708333333332,27.66666666666667,29.568055555555564,65.09722222222223,22.9,25.7,22.8,35.0,37.2,30.5,40.2,94.0,31.48541666666665,28.646527777777774,31.3673611111111,58.770833333333336,25.2,26.1,24.7,38.0,38.5,32.7,40.5,78.0,31.429861111111126,28.975694444444443,31.69097222222223,66.73611111111111,23.7,26.4,23.8,41.0,39.1,31.9,41.4,98.0
2016-08-16,29.85229357798164,27.592660550458717,30.119266055045866,73.1559633027523,23.5,25.4,23.5,46.0,37.7,30.4,41.5,95.0,26.969444444444456,26.790277777777767,27.156944444444438,79.74305555555556,23.8,25.9,24.0,55.0,32.9,27.7,33.5,94.0,29.006944444444432,27.70694444444443,29.65277777777779,70.84027777777777,24.5,25.8,24.4,42.0,37.3,30.9,41.8,88.0,28.461805555555557,27.488194444444442,29.049999999999994,71.79861111111111,23.6,25.9,23.6,32.0,36.5,30.3,40.0,99.0,28.661111111111097,27.504166666666656,29.265277777777797,72.6875,21.4,24.7,21.4,41.0,37.3,30.2,40.2,97.0,29.27708333333332,27.66666666666667,29.568055555555564,65.09722222222223,22.9,25.7,22.8,35.0,37.2,30.5,40.2,94.0,31.48541666666665,28.646527777777774,31.3673611111111,58.770833333333336,25.2,26.1,24.7,38.0,38.5,32.7,40.5,78.0
2016-08-17,30.287155963302748,28.15963302752294,30.54036697247707,75.64220183486239,23.8,26.3,24.3,44.0,37.8,29.9,41.2,100.0,29.079861111111104,27.626388888888894,29.26527777777777,76.72222222222223,23.5,25.4,23.5,46.0,37.7,30.4,41.5,95.0,26.969444444444456,26.790277777777767,27.156944444444438,79.74305555555556,23.8,25.9,24.0,55.0,32.9,27.7,33.5,94.0,29.006944444444432,27.70694444444443,29.65277777777779,70.84027777777777,24.5,25.8,24.4,42.0,37.3,30.9,41.8,88.0,28.461805555555557,27.488194444444442,29.049999999999994,71.79861111111111,23.6,25.9,23.6,32.0,36.5,30.3,40.0,99.0,28.661111111111097,27.504166666666656,29.265277777777797,72.6875,21.4,24.7,21.4,41.0,37.3,30.2,40.2,97.0,29.27708333333332,27.66666666666667,29.568055555555564,65.09722222222223,22.9,25.7,22.8,35.0,37.2,30.5,40.2,94.0
2016-08-18,31.418348623853202,28.300000000000004,31.26788990825687,72.44954128440367,25.9,26.8,25.8,56.0,36.7,30.0,36.9,92.0,29.28749999999999,28.017361111111114,29.445833333333344,77.64583333333333,23.8,26.3,24.3,44.0,37.8,29.9,41.2,100.0,29.079861111111104,27.626388888888894,29.26527777777777,76.72222222222223,23.5,25.4,23.5,46.0,37.7,30.4,41.5,95.0,26.969444444444456,26.790277777777767,27.156944444444438,79.74305555555556,23.8,25.9,24.0,55.0,32.9,27.7,33.5,94.0,29.006944444444432,27.70694444444443,29.65277777777779,70.84027777777777,24.5,25.8,24.4,42.0,37.3,30.9,41.8,88.0,28.461805555555557,27.488194444444442,29.049999999999994,71.79861111111111,23.6,25.9,23.6,32.0,36.5,30.3,40.0,99.0,28.661111111111097,27.504166666666656,29.265277777777797,72.6875,21.4,24.7,21.4,41.0,37.3,30.2,40.2,97.0
2016-08-19,31.7165137614679,29.36605504587157,31.757798165137615,75.4954128440367,26.7,27.6,26.7,44.0,39.9,32.1,42.1,94.0,30.647222222222215,28.329861111111107,30.48124999999999,76.28472222222223,25.9,26.8,25.8,56.0,36.7,30.0,36.9,95.0,29.28749999999999,28.017361111111114,29.445833333333344,77.64583333333333,23.8,26.3,24.3,44.0,37.8,29.9,41.2,100.0,29.079861111111104,27.626388888888894,29.26527777777777,76.72222222222223,23.5,25.4,23.5,46.0,37.7,30.4,41.5,95.0,26.969444444444456,26.790277777777767,27.156944444444438,79.74305555555556,23.8,25.9,24.0,55.0,32.9,27.7,33.5,94.0,29.006944444444432,27.70694444444443,29.65277777777779,70.84027777777777,24.5,25.8,24.4,42.0,37.3,30.9,41.8,88.0,28.461805555555557,27.488194444444442,29.049999999999994,71.79861111111111,23.6,25.9,23.6,32.0,36.5,30.3,40.0,99.0
2016-08-20,31.1256880733945,28.817431192660546,30.555045871559614,75.5045871559633,24.9,27.2,25.2,51.0,39.5,30.4,39.8,95.0,30.79583333333335,29.227777777777785,30.799999999999997,78.26388888888889,26.7,27.6,26.7,44.0,39.9,32.1,42.1,94.0,30.647222222222215,28.329861111111107,30.48124999999999,76.28472222222223,25.9,26.8,25.8,56.0,36.7,30.0,36.9,95.0,29.28749999999999,28.017361111111114,29.445833333333344,77.64583333333333,23.8,26.3,24.3,44.0,37.8,29.9,41.2,100.0,29.079861111111104,27.626388888888894,29.26527777777777,76.72222222222223,23.5,25.4,23.5,46.0,37.7,30.4,41.5,95.0,26.969444444444456,26.790277777777767,27.156944444444438,79.74305555555556,23.8,25.9,24.0,55.0,32.9,27.7,33.5,94.0,29.006944444444432,27.70694444444443,29.65277777777779,70.84027777777777,24.5,25.8,24.4,42.0,37.3,30.9,41.8,88.0
2016-08-21,30.781651376146808,28.45779816513761,30.320183486238523,76.3302752293578,24.1,26.7,24.4,50.0,39.0,30.2,37.7,99.0,30.170833333333334,28.720138888888883,29.788194444444432,78.72916666666667,24.9,27.2,25.2,51.0,39.5,30.4,39.8,96.0,30.79583333333335,29.227777777777785,30.799999999999997,78.26388888888889,26.7,27.6,26.7,44.0,39.9,32.1,42.1,94.0,30.647222222222215,28.329861111111107,30.48124999999999,76.28472222222223,25.9,26.8,25.8,56.0,36.7,30.0,36.9,95.0,29.28749999999999,28.017361111111114,29.445833333333344,77.64583333333333,23.8,26.3,24.3,44.0,37.8,29.9,41.2,100.0,29.079861111111104,27.626388888888894,29.26527777777777,76.72222222222223,23.5,25.4,23.5,46.0,37.7,30.4,41.5,95.0,26.969444444444456,26.790277777777767,27.156944444444438,79.74305555555556,23.8,25.9,24.0,55.0,32.9,27.7,33.5,94.0
2016-08-22,30.66697247706421,29.730275229357797,30.56238532110092,66.92660550458716,23.8,26.0,24.1,40.0,38.5,38.3,39.9,88.0,30.145138888888912,28.340277777777775,29.737499999999986,75.88194444444444,24.1,26.7,24.4,50.0,39.0,30.2,37.7,99.0,30.170833333333334,28.720138888888883,29.788194444444432,78.72916666666667,24.9,27.2,25.2,51.0,39.5,30.4,39.8,96.0,30.79583333333335,29.227777777777785,30.799999999999997,78.26388888888889,26.7,27.6,26.7,44.0,39.9,32.1,42.1,94.0,30.647222222222215,28.329861111111107,30.48124999999999,76.28472222222223,25.9,26.8,25.8,56.0,36.7,30.0,36.9,95.0,29.28749999999999,28.017361111111114,29.445833333333344,77.64583333333333,23.8,26.3,24.3,44.0,37.8,29.9,41.2,100.0,29.079861111111104,27.626388888888894,29.26527777777777,76.72222222222223,23.5,25.4,23.5,46.0,37.7,30.4,41.5,95.0
2016-08-23,29.948623853211014,28.0211009174312,29.421100917431197,78.8440366972477,25.6,26.8,25.5,59.0,35.5,29.4,34.4,95.0,30.05624999999999,29.29791666666667,29.918750000000003,70.56944444444444,23.8,26.0,24.1,40.0,38.5,38.3,39.9,91.0,30.145138888888912,28.340277777777775,29.737499999999986,75.88194444444444,24.1,26.7,24.4,50.0,39.0,30.2,37.7,99.0,30.170833333333334,28.720138888888883,29.788194444444432,78.72916666666667,24.9,27.2,25.2,51.0,39.5,30.4,39.8,96.0,30.79583333333335,29.227777777777785,30.799999999999997,78.26388888888889,26.7,27.6,26.7,44.0,39.9,32.1,42.1,94.0,30.647222222222215,28.329861111111107,30.48124999999999,76.28472222222223,25.9,26.8,25.8,56.0,36.7,30.0,36.9,95.0,29.28749999999999,28.017361111111114,29.445833333333344,77.64583333333333,23.8,26.3,24.3,44.0,37.8,29.9,41.2,100.0
2016-08-24,31.02293577981651,28.850458715596353,30.81100917431191,73.96330275229357,24.4,26.6,24.7,43.0,39.1,36.7,38.7,99.0,29.581944444444446,28.03541666666667,29.134027777777785,79.27777777777777,25.6,26.8,25.5,59.0,35.5,29.4,34.4,95.0,30.05624999999999,29.29791666666667,29.918750000000003,70.56944444444444,23.8,26.0,24.1,40.0,38.5,38.3,39.9,91.0,30.145138888888912,28.340277777777775,29.737499999999986,75.88194444444444,24.1,26.7,24.4,50.0,39.0,30.2,37.7,99.0,30.170833333333334,28.720138888888883,29.788194444444432,78.72916666666667,24.9,27.2,25.2,51.0,39.5,30.4,39.8,96.0,30.79583333333335,29.227777777777785,30.799999999999997,78.26388888888889,26.7,27.6,26.7,44.0,39.9,32.1,42.1,94.0,30.647222222222215,28.329861111111107,30.48124999999999,76.28472222222223,25.9,26.8,25.8,56.0,36.7,30.0,36.9,95.0
2016-08-25,29.659633027522933,27.695412844036696,29.488073394495416,74.45871559633028,24.7,26.5,24.9,55.0,36.0,29.0,35.8,94.0,30.103472222222226,28.627083333333346,29.944444444444443,76.15972222222223,24.4,26.6,24.7,43.0,39.1,36.7,38.7,99.0,29.581944444444446,28.03541666666667,29.134027777777785,79.27777777777777,25.6,26.8,25.5,59.0,35.5,29.4,34.4,95.0,30.05624999999999,29.29791666666667,29.918750000000003,70.56944444444444,23.8,26.0,24.1,40.0,38.5,38.3,39.9,91.0,30.145138888888912,28.340277777777775,29.737499999999986,75.88194444444444,24.1,26.7,24.4,50.0,39.0,30.2,37.7,99.0,30.170833333333334,28.720138888888883,29.788194444444432,78.72916666666667,24.9,27.2,25.2,51.0,39.5,30.4,39.8,96.0,30.79583333333335,29.227777777777785,30.799999999999997,78.26388888888889,26.7,27.6,26.7,44.0,39.9,32.1,42.1,94.0
2016-08-26,30.517431192660545,27.77339449541284,30.201834862385326,72.41284403669725,24.4,26.4,24.7,49.0,36.7,29.0,36.0,97.0,29.01805555555556,27.620138888888885,28.89930555555555,76.74305555555556,24.7,26.5,24.9,55.0,36.0,29.0,35.8,94.0,30.103472222222226,28.627083333333346,29.944444444444443,76.15972222222223,24.4,26.6,24.7,43.0,39.1,36.7,38.7,99.0,29.581944444444446,28.03541666666667,29.134027777777785,79.27777777777777,25.6,26.8,25.5,59.0,35.5,29.4,34.4,95.0,30.05624999999999,29.29791666666667,29.918750000000003,70.56944444444444,23.8,26.0,24.1,40.0,38.5,38.3,39.9,91.0,30.145138888888912,28.340277777777775,29.737499999999986,75.88194444444444,24.1,26.7,24.4,50.0,39.0,30.2,37.7,99.0,30.170833333333334,28.720138888888883,29.788194444444432,78.72916666666667,24.9,27.2,25.2,51.0,39.5,30.4,39.8,96.0
2016-08-27,30.73486238532109,27.739449541284415,30.25688073394495,71.80733944954129,23.1,25.6,23.4,48.0,39.4,29.6,37.4,97.0,29.49583333333333,27.641666666666666,29.236805555555545,75.07638888888889,24.4,26.4,24.7,49.0,36.7,29.0,36.0,97.0,29.01805555555556,27.620138888888885,28.89930555555555,76.74305555555556,24.7,26.5,24.9,55.0,36.0,29.0,35.8,94.0,30.103472222222226,28.627083333333346,29.944444444444443,76.15972222222223,24.4,26.6,24.7,43.0,39.1,36.7,38.7,99.0,29.581944444444446,28.03541666666667,29.134027777777785,79.27777777777777,25.6,26.8,25.5,59.0,35.5,29.4,34.4,95.0,30.05624999999999,29.29791666666667,29.918750000000003,70.56944444444444,23.8,26.0,24.1,40.0,38.5,38.3,39.9,91.0,30.145138888888912,28.340277777777775,29.737499999999986,75.88194444444444,24.1,26.7,24.4,50.0,39.0,30.2,37.7,99.0
2016-08-28,29.24587155963301,27.697247706422022,29.05871559633028,78.55045871559633,23.8,26.0,24.2,53.0,38.2,30.2,36.9,96.0,29.63680555555554,27.677083333333336,29.31180555555556,75.57638888888889,23.1,25.6,23.4,48.0,39.4,29.6,37.4,97.0,29.49583333333333,27.641666666666666,29.236805555555545,75.07638888888889,24.4,26.4,24.7,49.0,36.7,29.0,36.0,97.0,29.01805555555556,27.620138888888885,28.89930555555555,76.74305555555556,24.7,26.5,24.9,55.0,36.0,29.0,35.8,94.0,30.103472222222226,28.627083333333346,29.944444444444443,76.15972222222223,24.4,26.6,24.7,43.0,39.1,36.7,38.7,99.0,29.581944444444446,28.03541666666667,29.134027777777785,79.27777777777777,25.6,26.8,25.5,59.0,35.5,29.4,34.4,95.0,30.05624999999999,29.29791666666667,29.918750000000003,70.56944444444444,23.8,26.0,24.1,40.0,38.5,38.3,39.9,91.0
2016-08-29,29.215596330275226,27.274311926605513,28.826605504587157,71.0,24.6,25.9,24.8,47.0,38.1,29.6,36.5,89.0,28.405555555555555,27.59513888888889,28.352083333333336,79.34027777777777,23.8,26.0,24.2,53.0,38.2,30.2,36.9,96.0,29.63680555555554,27.677083333333336,29.31180555555556,75.57638888888889,23.1,25.6,23.4,48.0,39.4,29.6,37.4,97.0,29.49583333333333,27.641666666666666,29.236805555555545,75.07638888888889,24.4,26.4,24.7,49.0,36.7,29.0,36.0,97.0,29.01805555555556,27.620138888888885,28.89930555555555,76.74305555555556,24.7,26.5,24.9,55.0,36.0,29.0,35.8,94.0,30.103472222222226,28.627083333333346,29.944444444444443,76.15972222222223,24.4,26.6,24.7,43.0,39.1,36.7,38.7,99.0,29.581944444444446,28.03541666666667,29.134027777777785,79.27777777777777,25.6,26.8,25.5,59.0,35.5,29.4,34.4,95.0
2016-08-30,30.87706422018348,26.981651376146775,29.83211009174312,65.64220183486239,26.8,25.9,26.0,46.0,38.3,28.5,35.6,81.0,28.71041666666665,27.111111111111118,28.3673611111111,70.90972222222223,24.6,25.9,24.8,47.0,38.1,29.6,36.5,89.0,28.405555555555555,27.59513888888889,28.352083333333336,79.34027777777777,23.8,26.0,24.2,53.0,38.2,30.2,36.9,96.0,29.63680555555554,27.677083333333336,29.31180555555556,75.57638888888889,23.1,25.6,23.4,48.0,39.4,29.6,37.4,97.0,29.49583333333333,27.641666666666666,29.236805555555545,75.07638888888889,24.4,26.4,24.7,49.0,36.7,29.0,36.0,97.0,29.01805555555556,27.620138888888885,28.89930555555555,76.74305555555556,24.7,26.5,24.9,55.0,36.0,29.0,35.8,94.0,30.103472222222226,28.627083333333346,29.944444444444443,76.15972222222223,24.4,26.6,24.7,43.0,39.1,36.7,38.7,99.0
2016-08-31,26.821100917431203,26.11743119266055,27.23394495412844,67.61467889908256,21.5,24.5,22.4,41.0,35.0,28.6,35.5,89.0,29.843750000000007,27.045138888888875,29.086111111111126,69.16666666666667,24.8,25.9,25.2,46.0,38.3,28.5,35.6,84.0,28.71041666666665,27.111111111111118,28.3673611111111,70.90972222222223,24.6,25.9,24.8,47.0,38.1,29.6,36.5,89.0,28.405555555555555,27.59513888888889,28.352083333333336,79.34027777777777,23.8,26.0,24.2,53.0,38.2,30.2,36.9,96.0,29.63680555555554,27.677083333333336,29.31180555555556,75.57638888888889,23.1,25.6,23.4,48.0,39.4,29.6,37.4,97.0,29.49583333333333,27.641666666666666,29.236805555555545,75.07638888888889,24.4,26.4,24.7,49.0,36.7,29.0,36.0,97.0,29.01805555555556,27.620138888888885,28.89930555555555,76.74305555555556,24.7,26.5,24.9,55.0,36.0,29.0,35.8,94.0
2016-09-01,28.311926605504592,25.72660550458716,27.977064220183486,61.80733944954128,19.3,22.9,20.0,36.0,38.0,31.9,36.8,85.0,26.09305555555557,25.723611111111126,26.40972222222223,66.77083333333333,21.2,24.1,21.9,41.0,35.0,28.6,35.5,89.0,29.843750000000007,27.045138888888875,29.086111111111126,69.16666666666667,24.8,25.9,25.2,46.0,38.3,28.5,35.6,84.0,28.71041666666665,27.111111111111118,28.3673611111111,70.90972222222223,24.6,25.9,24.8,47.0,38.1,29.6,36.5,89.0,28.405555555555555,27.59513888888889,28.352083333333336,79.34027777777777,23.8,26.0,24.2,53.0,38.2,30.2,36.9,96.0,29.63680555555554,27.677083333333336,29.31180555555556,75.57638888888889,23.1,25.6,23.4,48.0,39.4,29.6,37.4,97.0,29.49583333333333,27.641666666666666,29.236805555555545,75.07638888888889,24.4,26.4,24.7,49.0,36.7,29.0,36.0,97.0
2016-09-02,29.845871559633036,27.18623853211009,29.335779816513767,70.3302752293578,22.5,24.7,23.1,44.0,39.1,30.1,38.5,93.0,27.711111111111116,25.791666666666668,27.43680555555555,64.76388888888889,19.3,22.9,20.0,36.0,38.0,31.9,36.8,87.0,26.09305555555557,25.723611111111126,26.40972222222223,66.77083333333333,21.2,24.1,21.9,41.0,35.0,28.6,35.5,89.0,29.843750000000007,27.045138888888875,29.086111111111126,69.16666666666667,24.8,25.9,25.2,46.0,38.3,28.5,35.6,84.0,28.71041666666665,27.111111111111118,28.3673611111111,70.90972222222223,24.6,25.9,24.8,47.0,38.1,29.6,36.5,89.0,28.405555555555555,27.59513888888889,28.352083333333336,79.34027777777777,23.8,26.0,24.2,53.0,38.2,30.2,36.9,96.0,29.63680555555554,27.677083333333336,29.31180555555556,75.57638888888889,23.1,25.6,23.4,48.0,39.4,29.6,37.4,97.0
2016-09-03,29.606422018348624,27.10733944954128,29.331192660550453,67.33944954128441,20.9,24.4,21.7,41.0,38.3,30.3,39.3,93.0,28.49513888888889,27.075,28.237500000000008,73.52083333333333,22.5,24.7,23.1,44.0,39.1,30.1,38.5,93.0,27.711111111111116,25.791666666666668,27.43680555555555,64.76388888888889,19.3,22.9,20.0,36.0,38.0,31.9,36.8,87.0,26.09305555555557,25.723611111111126,26.40972222222223,66.77083333333333,21.2,24.1,21.9,41.0,35.0,28.6,35.5,89.0,29.843750000000007,27.045138888888875,29.086111111111126,69.16666666666667,24.8,25.9,25.2,46.0,38.3,28.5,35.6,84.0,28.71041666666665,27.111111111111118,28.3673611111111,70.90972222222223,24.6,25.9,24.8,47.0,38.1,29.6,36.5,89.0,28.405555555555555,27.59513888888889,28.352083333333336,79.34027777777777,23.8,26.0,24.2,53.0,38.2,30.2,36.9,96.0
2016-09-04,30.54036697247705,27.718348623853217,30.123853211009173,66.44954128440367,24.3,26.1,24.8,41.0,38.7,30.4,38.7,91.0,28.855555555555547,27.136111111111116,28.70416666666666,69.96527777777777,20.9,24.4,21.7,41.0,38.3,30.3,39.3,93.0,28.49513888888889,27.075,28.237500000000008,73.52083333333333,22.5,24.7,23.1,44.0,39.1,30.1,38.5,93.0,27.711111111111116,25.791666666666668,27.43680555555555,64.76388888888889,19.3,22.9,20.0,36.0,38.0,31.9,36.8,87.0,26.09305555555557,25.723611111111126,26.40972222222223,66.77083333333333,21.2,24.1,21.9,41.0,35.0,28.6,35.5,89.0,29.843750000000007,27.045138888888875,29.086111111111126,69.16666666666667,24.8,25.9,25.2,46.0,38.3,28.5,35.6,84.0,28.71041666666665,27.111111111111118,28.3673611111111,70.90972222222223,24.6,25.9,24.8,47.0,38.1,29.6,36.5,89.0
2016-09-05,30.041284403669714,27.978899082568812,29.951376146788984,71.26605504587155,24.8,26.4,25.4,51.0,37.2,30.5,38.4,90.0,29.88680555555554,27.675000000000008,29.579861111111118,67.40972222222223,24.3,26.1,24.8,41.0,38.7,30.4,38.7,91.0,28.855555555555547,27.136111111111116,28.70416666666666,69.96527777777777,20.9,24.4,21.7,41.0,38.3,30.3,39.3,93.0,28.49513888888889,27.075,28.237500000000008,73.52083333333333,22.5,24.7,23.1,44.0,39.1,30.1,38.5,93.0,27.711111111111116,25.791666666666668,27.43680555555555,64.76388888888889,19.3,22.9,20.0,36.0,38.0,31.9,36.8,87.0,26.09305555555557,25.723611111111126,26.40972222222223,66.77083333333333,21.2,24.1,21.9,41.0,35.0,28.6,35.5,89.0,29.843750000000007,27.045138888888875,29.086111111111126,69.16666666666667,24.8,25.9,25.2,46.0,38.3,28.5,35.6,84.0
2016-09-06,26.565137614678918,26.76422018348623,26.697247706422015,85.30275229357798,22.4,25.4,23.4,68.0,33.2,28.2,32.2,100.0,29.2048611111111,27.920138888888882,29.278472222222224,73.76388888888889,23.2,26.4,24.3,51.0,37.2,30.5,38.4,91.0,29.88680555555554,27.675000000000008,29.579861111111118,67.40972222222223,24.3,26.1,24.8,41.0,38.7,30.4,38.7,91.0,28.855555555555547,27.136111111111116,28.70416666666666,69.96527777777777,20.9,24.4,21.7,41.0,38.3,30.3,39.3,93.0,28.49513888888889,27.075,28.237500000000008,73.52083333333333,22.5,24.7,23.1,44.0,39.1,30.1,38.5,93.0,27.711111111111116,25.791666666666668,27.43680555555555,64.76388888888889,19.3,22.9,20.0,36.0,38.0,31.9,36.8,87.0,26.09305555555557,25.723611111111126,26.40972222222223,66.77083333333333,21.2,24.1,21.9,41.0,35.0,28.6,35.5,89.0
2016-09-07,28.398165137614672,27.298165137614667,28.156880733944952,84.39449541284404,24.4,26.1,24.9,57.0,38.1,29.2,36.1,98.0,26.320138888888906,26.829861111111107,26.567361111111108,87.70833333333333,22.4,25.4,23.4,68.0,33.2,28.2,32.2,100.0,29.2048611111111,27.920138888888882,29.278472222222224,73.76388888888889,23.2,26.4,24.3,51.0,37.2,30.5,38.4,91.0,29.88680555555554,27.675000000000008,29.579861111111118,67.40972222222223,24.3,26.1,24.8,41.0,38.7,30.4,38.7,91.0,28.855555555555547,27.136111111111116,28.70416666666666,69.96527777777777,20.9,24.4,21.7,41.0,38.3,30.3,39.3,93.0,28.49513888888889,27.075,28.237500000000008,73.52083333333333,22.5,24.7,23.1,44.0,39.1,30.1,38.5,93.0,27.711111111111116,25.791666666666668,27.43680555555555,64.76388888888889,19.3,22.9,20.0,36.0,38.0,31.9,36.8,87.0
2016-09-08,29.11834862385319,27.647706422018356,29.02935779816515,79.05504587155963,23.9,26.1,24.6,60.0,35.8,29.1,34.5,98.0,27.756944444444432,27.29722222222221,27.73819444444444,85.88888888888889,24.4,26.1,24.9,57.0,38.1,29.2,36.1,98.0,26.320138888888906,26.829861111111107,26.567361111111108,87.70833333333333,22.4,25.4,23.4,68.0,33.2,28.2,32.2,100.0,29.2048611111111,27.920138888888882,29.278472222222224,73.76388888888889,23.2,26.4,24.3,51.0,37.2,30.5,38.4,91.0,29.88680555555554,27.675000000000008,29.579861111111118,67.40972222222223,24.3,26.1,24.8,41.0,38.7,30.4,38.7,91.0,28.855555555555547,27.136111111111116,28.70416666666666,69.96527777777777,20.9,24.4,21.7,41.0,38.3,30.3,39.3,93.0,28.49513888888889,27.075,28.237500000000008,73.52083333333333,22.5,24.7,23.1,44.0,39.1,30.1,38.5,93.0
2016-09-09,27.20733944954129,27.292660550458727,27.4183486238532,89.88073394495413,24.3,26.8,25.2,73.0,32.3,28.4,32.5,98.0,28.424999999999976,27.612499999999997,28.48750000000002,81.5,23.9,26.1,24.6,60.0,35.8,29.1,34.5,98.0,27.756944444444432,27.29722222222221,27.73819444444444,85.88888888888889,24.4,26.1,24.9,57.0,38.1,29.2,36.1,98.0,26.320138888888906,26.829861111111107,26.567361111111108,87.70833333333333,22.4,25.4,23.4,68.0,33.2,28.2,32.2,100.0,29.2048611111111,27.920138888888882,29.278472222222224,73.76388888888889,23.2,26.4,24.3,51.0,37.2,30.5,38.4,91.0,29.88680555555554,27.675000000000008,29.579861111111118,67.40972222222223,24.3,26.1,24.8,41.0,38.7,30.4,38.7,91.0,28.855555555555547,27.136111111111116,28.70416666666666,69.96527777777777,20.9,24.4,21.7,41.0,38.3,30.3,39.3,93.0
2016-09-10,27.862385321100927,25.948623853211014,27.509174311926607,68.73394495412845,22.0,24.2,22.4,48.0,36.2,28.5,35.1,83.0,26.40694444444445,26.959722222222233,26.677777777777763,87.72222222222223,22.9,25.2,23.6,73.0,32.3,28.4,32.5,98.0,28.424999999999976,27.612499999999997,28.48750000000002,81.5,23.9,26.1,24.6,60.0,35.8,29.1,34.5,98.0,27.756944444444432,27.29722222222221,27.73819444444444,85.88888888888889,24.4,26.1,24.9,57.0,38.1,29.2,36.1,98.0,26.320138888888906,26.829861111111107,26.567361111111108,87.70833333333333,22.4,25.4,23.4,68.0,33.2,28.2,32.2,100.0,29.2048611111111,27.920138888888882,29.278472222222224,73.76388888888889,23.2,26.4,24.3,51.0,37.2,30.5,38.4,91.0,29.88680555555554,27.675000000000008,29.579861111111118,67.40972222222223,24.3,26.1,24.8,41.0,38.7,30.4,38.7,91.0
2016-09-11,27.31559633027523,25.672477064220192,27.067889908256873,71.20183486238533,19.5,23.2,20.4,46.0,36.6,28.6,36.4,100.0,26.826388888888896,25.81805555555556,26.644444444444453,69.76388888888889,21.9,24.2,22.4,48.0,36.2,28.5,35.1,83.0,26.40694444444445,26.959722222222233,26.677777777777763,87.72222222222223,22.9,25.2,23.6,73.0,32.3,28.4,32.5,98.0,28.424999999999976,27.612499999999997,28.48750000000002,81.5,23.9,26.1,24.6,60.0,35.8,29.1,34.5,98.0,27.756944444444432,27.29722222222221,27.73819444444444,85.88888888888889,24.4,26.1,24.9,57.0,38.1,29.2,36.1,98.0,26.320138888888906,26.829861111111107,26.567361111111108,87.70833333333333,22.4,25.4,23.4,68.0,33.2,28.2,32.2,100.0,29.2048611111111,27.920138888888882,29.278472222222224,73.76388888888889,23.2,26.4,24.3,51.0,37.2,30.5,38.4,91.0
2016-09-12,27.414678899082563,26.251376146788985,27.244954128440366,76.55963302752293,21.6,24.5,22.5,51.0,36.5,28.2,35.5,96.0,26.45,25.775694444444447,26.424999999999997,76.15277777777777,19.5,23.2,20.4,46.0,36.6,28.6,36.4,100.0,26.826388888888896,25.81805555555556,26.644444444444453,69.76388888888889,21.9,24.2,22.4,48.0,36.2,28.5,35.1,83.0,26.40694444444445,26.959722222222233,26.677777777777763,87.72222222222223,22.9,25.2,23.6,73.0,32.3,28.4,32.5,98.0,28.424999999999976,27.612499999999997,28.48750000000002,81.5,23.9,26.1,24.6,60.0,35.8,29.1,34.5,98.0,27.756944444444432,27.29722222222221,27.73819444444444,85.88888888888889,24.4,26.1,24.9,57.0,38.1,29.2,36.1,98.0,26.320138888888906,26.829861111111107,26.567361111111108,87.70833333333333,22.4,25.4,23.4,68.0,33.2,28.2,32.2,100.0
2016-09-13,27.37064220183486,26.38807339449541,27.206422018348615,78.77064220183486,23.6,25.4,24.3,61.0,34.7,27.6,32.7,96.0,26.748611111111106,26.240972222222222,26.75347222222222,78.53472222222223,21.6,24.5,22.5,51.0,36.5,28.2,35.5,96.0,26.45,25.775694444444447,26.424999999999997,76.15277777777777,19.5,23.2,20.4,46.0,36.6,28.6,36.4,100.0,26.826388888888896,25.81805555555556,26.644444444444453,69.76388888888889,21.9,24.2,22.4,48.0,36.2,28.5,35.1,83.0,26.40694444444445,26.959722222222233,26.677777777777763,87.72222222222223,22.9,25.2,23.6,73.0,32.3,28.4,32.5,98.0,28.424999999999976,27.612499999999997,28.48750000000002,81.5,23.9,26.1,24.6,60.0,35.8,29.1,34.5,98.0,27.756944444444432,27.29722222222221,27.73819444444444,85.88888888888889,24.4,26.1,24.9,57.0,38.1,29.2,36.1,98.0
2016-09-14,26.905504587155953,26.044954128440363,26.597247706422014,86.3211009174312,23.0,24.8,23.5,76.0,32.5,27.4,30.6,96.0,26.84444444444444,26.30555555555555,26.81180555555555,79.75694444444444,23.6,25.4,24.3,61.0,34.7,27.6,32.7,96.0,26.748611111111106,26.240972222222222,26.75347222222222,78.53472222222223,21.6,24.5,22.5,51.0,36.5,28.2,35.5,96.0,26.45,25.775694444444447,26.424999999999997,76.15277777777777,19.5,23.2,20.4,46.0,36.6,28.6,36.4,100.0,26.826388888888896,25.81805555555556,26.644444444444453,69.76388888888889,21.9,24.2,22.4,48.0,36.2,28.5,35.1,83.0,26.40694444444445,26.959722222222233,26.677777777777763,87.72222222222223,22.9,25.2,23.6,73.0,32.3,28.4,32.5,98.0,28.424999999999976,27.612499999999997,28.48750000000002,81.5,23.9,26.1,24.6,60.0,35.8,29.1,34.5,98.0
2016-09-15,27.356880733944955,26.505504587155954,27.348623853210995,81.81651376146789,23.8,25.4,24.3,54.0,36.1,28.1,34.7,97.0,26.481944444444437,26.145138888888894,26.392361111111118,88.28472222222223,23.0,24.8,23.5,76.0,32.5,27.4,30.6,96.0,26.84444444444444,26.30555555555555,26.81180555555555,79.75694444444444,23.6,25.4,24.3,61.0,34.7,27.6,32.7,96.0,26.748611111111106,26.240972222222222,26.75347222222222,78.53472222222223,21.6,24.5,22.5,51.0,36.5,28.2,35.5,96.0,26.45,25.775694444444447,26.424999999999997,76.15277777777777,19.5,23.2,20.4,46.0,36.6,28.6,36.4,100.0,26.826388888888896,25.81805555555556,26.644444444444453,69.76388888888889,21.9,24.2,22.4,48.0,36.2,28.5,35.1,83.0,26.40694444444445,26.959722222222233,26.677777777777763,87.72222222222223,22.9,25.2,23.6,73.0,32.3,28.4,32.5,98.0
