date,days
2018/4/10,1
2018/4/11,2
2018/4/12,3
2018/4/13,4
2018/4/14,5
2018/4/15,6
2018/4/16,7
2018/4/17,8
2018/4/18,9
2018/4/19,10
2018/4/20,11
2018/4/21,12
2018/4/22,13
2018/4/23,14
2018/4/24,15
2018/4/25,16
2018/4/26,17
2018/4/27,18
2018/4/28,19
2018/4/29,20
2018/4/30,21
2018/5/1,22
2018/5/2,23
2018/5/3,24
2018/5/4,25
2018/5/5,26
2018/5/6,27
2018/5/7,28
2018/5/8,29
2018/5/9,30
2018/5/10,31
2018/5/11,32
2018/5/12,33
2018/5/13,34
2018/5/14,35
2018/5/15,36
2018/5/16,37
2018/5/17,38
2018/5/18,39
2018/5/19,40
2018/5/20,41
2018/5/21,42
2018/5/22,43
2018/5/23,44
2018/5/24,45
2018/5/25,46
2018/5/26,47
2018/5/27,48
2018/5/28,49
2018/5/29,50
2018/5/30,51
2018/5/31,52
2018/6/1,53
2018/6/2,54
2018/6/3,55
2018/6/4,56
2018/6/5,57
2018/6/6,58
2018/6/7,59
2018/6/8,60
2018/6/9,61
2018/6/10,62
2018/6/11,63
2018/6/12,64
2018/6/13,65
2018/6/14,66
2018/6/15,67
2018/6/16,68
2018/6/17,69
2018/6/18,70
2018/6/19,71
2018/6/20,72
2018/6/21,73
2018/6/22,74
2018/6/23,75
2018/6/24,76
2018/6/25,77
2018/6/26,78
2018/6/27,79
2018/6/28,80
2018/6/29,81
2018/6/30,82
2018/7/1,83
2018/7/2,84
2018/7/3,85
2018/7/4,86
2018/7/5,87
2018/7/6,88
2018/7/7,89
2018/7/8,90
2018/7/9,91
2018/7/10,92
2018/7/11,93
2018/7/12,94
2018/7/13,95
2018/7/14,96
2018/7/15,97
2018/7/16,1
2018/7/17,2
2018/7/18,3
2018/7/19,4
2018/7/20,5
2018/7/21,6
2018/7/22,7
2018/7/23,8
2018/7/24,9
2018/7/25,10
2018/7/26,11
2018/7/27,12
2018/7/28,13
2018/7/29,14
2018/7/30,15
2018/7/31,16
2018/8/1,17
2018/8/2,18
2018/8/3,19
2018/8/4,20
2018/8/5,21
2018/8/6,22
2018/8/7,23
2018/8/8,24
2018/8/9,25
2018/8/10,26
2018/8/11,27
2018/8/12,28
2018/8/13,29
2018/8/14,30
2018/8/15,31
2018/8/16,32
2018/8/17,33
2018/8/18,34
2018/8/19,35
2018/8/20,36
2018/8/21,37
2018/8/22,38
2018/8/23,39
2018/8/24,40
2018/8/25,41
2018/8/26,42
2018/8/27,43
2018/8/28,44
2018/8/29,45
2018/8/30,46
2018/8/31,47
2018/9/1,48
2018/9/2,49
2018/9/3,50
2018/9/4,51
2018/9/5,52
2018/9/6,53
2018/9/7,54
2018/9/8,55
2018/9/9,56
2018/9/10,57
2018/9/11,58
2018/9/12,59
2018/9/13,60
2018/9/14,61
2018/9/15,62
2018/9/16,63
2018/9/17,64
2018/9/18,65
2018/9/19,66
2018/9/20,67
2018/9/21,68
2018/9/22,69
2018/9/23,70
2018/9/24,71
2018/9/25,72
2018/9/26,73
2018/9/27,74
2018/9/28,75
2018/9/29,76
2018/9/30,77
2018/10/1,78
2018/10/2,79
2018/10/3,80
2018/10/4,81
2018/10/5,82
2018/10/6,83
2018/10/7,84
2018/10/8,85
2018/10/9,86
2018/10/10,87
2018/10/11,88
2018/10/12,89
2018/10/13,90
2018/10/14,91
2018/10/15,92
2018/10/16,93
2018/10/17,94
2018/10/18,95
2018/10/19,96
2018/10/20,97
2018/10/21,98
2018/10/22,99
2018/10/23,100
2018/10/24,101
2018/10/25,102
2018/10/26,103
2018/10/27,104
2018/10/28,20
2018/10/29,21
2018/10/30,22
2018/10/31,23
2018/11/1,24
2018/11/2,25
2018/11/3,26
2018/11/4,27
2018/11/5,28
2018/11/6,29
2018/11/7,30
2018/11/8,31
2018/11/9,32
2018/11/10,33
2018/11/11,34
2018/11/12,35
2018/11/13,36
2018/11/14,37
2018/11/15,38
2018/11/16,39
2018/11/17,40
2018/11/18,41
2018/11/19,42
2018/11/20,43
2018/11/21,44
2018/11/22,45
2018/11/23,46
2018/11/24,47
2018/11/25,48
2018/11/26,49
2018/11/27,50
2018/11/28,51
2018/11/29,52
2018/11/30,53
2018/12/1,54
2018/12/2,55
2018/12/3,56
2018/12/4,57
2018/12/5,58
2018/12/6,59
2018/12/7,60
2018/12/8,61
2018/12/9,62
2018/12/10,63
2018/12/11,64
2018/12/12,65
2018/12/13,66
2018/12/14,67
2018/12/15,68
2018/12/16,69
2018/12/17,70
2018/12/18,71
2018/12/19,72
2018/12/20,73
2018/12/21,74
2018/12/22,75
2018/12/23,76
2018/12/24,77
2018/12/25,78
2018/12/26,79
2018/12/27,80
2018/12/28,81
2018/12/29,82
2018/12/30,83
2018/12/31,84
2019/1/1,85
2019/1/2,86
2019/1/3,87
2019/1/4,88
2019/1/5,89
2019/1/6,90
2019/1/7,91
2019/1/8,92
2019/1/9,93
2019/1/10,94
2019/1/11,95
2019/1/12,96
2019/1/13,97
2019/1/14,98
2019/1/15,99
2019/1/16,100
2019/1/17,101
2019/1/18,102
2019/1/19,103
2019/1/20,104
2019/1/21,105
2019/1/22,106
2019/1/23,107
2019/1/24,108
2019/1/25,109
2019/1/26,110
2019/1/27,111
2019/1/28,112
2019/1/29,113
2019/1/30,114
2019/1/31,115
2019/2/1,116
2019/2/2,117
2019/2/3,118
2019/2/4,119
2019/2/5,120
2019/2/6,121
2019/2/7,122
2019/2/8,123
2019/2/9,124
2019/2/10,125
2019/2/11,126
2019/2/12,127
2019/2/13,128
2019/2/14,129
2019/2/15,130
2019/2/16,131
2019/2/17,132
2019/2/18,133
2019/2/19,134
2019/2/20,135
2019/2/21,136
2019/2/22,137
2019/2/23,138
2019/2/24,139
2019/2/25,140
2019/2/26,141
2019/2/27,142
2019/2/28,143
2019/3/1,144
2019/3/2,145
2019/3/3,146
2019/3/4,147
2019/3/5,148
2019/3/6,149
2019/3/7,150
2019/3/8,151
2019/3/9,152
2019/3/10,153
2019/3/11,154
2019/3/12,155
2019/3/13,156
2019/3/14,157
2019/3/15,158
2019/3/16,159
2019/3/17,160
2019/3/18,161
2019/3/19,162
2019/3/20,163
2019/3/21,164
2019/3/22,165
2019/3/23,166
2019/3/24,167
2019/3/25,168
2019/3/26,169
2019/3/27,170
2019/3/28,171
2019/3/29,172
2019/3/30,173
2019/3/31,174
2019/4/1,175
2019/4/2,176
2019/4/3,177
2019/4/4,178
2019/4/5,179
2019/4/6,180
2019/4/7,181
2019/4/8,182
2019/4/9,183
2019/4/10,184
2019/4/11,185
2019/4/12,186
2019/4/13,187
2019/4/14,188
2019/4/15,189
2019/4/16,190
2019/4/17,191
2019/4/18,192
2019/4/19,193
2019/4/20,194
2019/4/21,195
2019/4/22,196
2019/4/23,197
2019/4/24,198
2019/4/25,199
2019/4/26,200
2019/4/27,201
2019/4/28,202
2019/4/29,203
2019/4/30,204
2019/5/1,205
2019/5/2,206
2019/5/3,207
2019/5/4,208
2019/5/5,209
2019/5/6,210
2019/5/7,211
2019/5/8,212
2019/5/9,213
2019/5/10,214
2019/5/11,215
2019/5/12,216
2019/5/13,217
2019/5/14,218
2019/5/15,219
2019/5/16,220
2019/5/17,221
2019/5/18,222
2019/5/19,223
2019/5/20,224
2019/5/21,225
2019/5/22,226
2019/5/23,227
2019/5/24,228
2019/5/25,229
2019/5/26,230
2019/5/27,1
2019/5/28,2
2019/5/29,3
2019/5/30,4
2019/5/31,5
2019/6/1,6
2019/6/2,7
2019/6/3,8
2019/6/4,9
2019/6/5,10
2019/6/6,11
2019/6/7,12
2019/6/8,13
2019/6/9,14
2019/6/10,15
2019/6/11,16
2019/6/12,17
2019/6/13,18
2019/6/14,19
2019/6/15,20
2019/6/16,21
2019/6/17,22
2019/6/18,23
2019/6/19,24
2019/6/20,25
2019/6/21,26
2019/6/22,27
2019/6/23,28
2019/6/24,29
2019/6/25,30
2019/6/26,31
2019/6/27,32
2019/6/28,33
2019/6/29,34
2019/6/30,35
2019/7/1,36
2019/7/2,37
2019/7/3,38
2019/7/4,39
2019/7/5,40
2019/7/6,41
2019/7/7,42
2019/7/8,43
2019/7/9,44
2019/7/10,45
2019/7/11,46
2019/7/12,47
2019/7/13,48
2019/7/14,49
2019/7/15,50
2019/7/16,51
2019/7/17,52
2019/7/18,53
2019/7/19,54
2019/7/20,55
2019/7/21,56
2019/7/22,57
2019/7/23,58
2019/7/24,59
2019/7/25,60
2019/7/26,61
2019/7/27,62
2019/7/28,63
2019/7/29,64
2019/7/30,65
2019/7/31,66
2019/8/1,67
2019/8/2,68
2019/8/3,69
2019/8/4,70
2019/8/5,71
2019/8/6,72
2019/8/7,73
2019/8/8,74
2019/8/9,75
2019/8/10,76
2019/8/11,77
2019/8/12,78
2019/8/13,79
2019/8/14,80
2019/8/15,81
2019/8/16,82
2019/8/17,83
2019/8/18,84
2019/8/19,85
2019/8/20,86
2019/8/21,87
2019/8/22,88
2019/8/23,89
2019/8/24,90
2019/8/25,91
2019/8/26,92
2019/8/27,93
2019/8/28,94
2019/8/29,95
2019/8/30,96
2019/8/31,97
2019/9/1,98
2019/9/2,99
2019/9/3,100
2019/9/4,101
2019/9/5,102
2019/9/6,103
2019/9/7,104
2019/9/8,105
2019/9/9,106
2019/9/10,1
2019/9/11,2
2019/9/12,3
2019/9/13,4
2019/9/14,5
2019/9/15,6
2019/9/16,7
2019/9/17,8
2019/9/18,9
2019/9/19,10
2019/9/20,11
2019/9/21,12
2019/9/22,13
2019/9/23,14
2019/9/24,15
2019/9/25,16
2019/9/26,17
2019/9/27,18
2019/9/28,19
2019/9/29,20
2019/9/30,21
2019/10/1,22
2019/10/2,23
2019/10/3,24
2019/10/4,25
2019/10/5,26
2019/10/6,27
2019/10/7,28
2019/10/8,29
2019/10/9,30
2019/10/10,31
2019/10/11,32
2019/10/12,33
2019/10/13,34
2019/10/14,35
2019/10/15,36
2019/10/16,37
2019/10/17,38
2019/10/18,39
2019/10/19,40
2019/10/20,41
2019/10/21,42
2019/10/22,43
2019/10/23,44
2019/10/24,45
2019/10/25,46
2019/10/26,47
2019/10/27,48
2019/10/28,49
2019/10/29,50
2019/10/30,51
2019/10/31,52
2019/11/1,53
2019/11/2,54
2019/11/3,55
2019/11/4,56
2019/11/5,57
2019/11/6,58
2019/11/7,59
2019/11/8,60
2019/11/9,61
2019/11/10,62
2019/11/11,63
2019/11/12,64
2019/11/13,65
2019/11/14,66
2019/11/15,67
2019/11/16,68
2019/11/17,69
2019/11/18,70
2019/11/19,71
2019/11/20,72
2019/11/21,73
2019/11/22,74
2019/11/23,75
2019/11/24,76
2019/11/25,77
2019/11/26,78
2019/11/27,79
2019/11/28,80
2019/11/29,81
2019/11/30,82
2019/12/1,83
2019/12/2,84
2019/12/3,85
2019/12/4,86
2019/12/5,87
2019/12/6,88
2019/12/7,89
2019/12/8,90
2019/12/9,91
2019/12/10,92
2019/12/11,93
2019/12/12,94
2019/12/13,95
2019/12/14,96
2019/12/15,97
2019/12/16,98
2019/12/17,99
2019/12/18,100
2019/12/19,101
2019/12/20,102
2019/12/21,103
2019/12/22,104
2019/12/23,105
2019/12/24,106
2019/12/25,107
2019/12/26,108
2019/12/27,109
2019/12/28,110
2019/12/29,111
2019/12/30,112
2019/12/31,113
2020/1/1,114
2020/1/2,115
2020/1/3,116
2020/1/4,117
2020/1/5,118
2020/1/6,119
2020/1/7,120
2020/1/8,121
2020/1/9,122
2020/1/10,123
2020/1/11,124
2020/1/12,125
2020/1/13,126
2020/1/14,1
2020/1/15,2
2020/1/16,3
2020/1/17,4
2020/1/18,5
2020/1/19,6
2020/1/20,7
2020/1/21,8
2020/1/22,9
2020/1/23,10
2020/1/24,11
2020/1/25,12
2020/1/26,13
2020/1/27,14
2020/1/28,15
2020/1/29,16
2020/1/30,17
2020/1/31,18
2020/2/1,19
2020/2/2,20
2020/2/3,21
2020/2/4,22
2020/2/5,23
2020/2/6,24
2020/2/7,25
2020/2/8,26
2020/2/9,27
2020/2/10,28
2020/2/11,29
2020/2/12,30
2020/2/13,31
2020/2/14,32
2020/2/15,33
2020/2/16,34
2020/2/17,35
2020/2/18,36
2020/2/19,37
2020/2/20,38
2020/2/21,39
2020/2/22,40
2020/2/23,41
2020/2/24,42
2020/2/25,43
2020/2/26,44
2020/2/27,45
2020/2/28,46
2020/2/29,47
2020/3/1,48
2020/3/2,49
2020/3/3,50
2020/3/4,51
2020/3/5,52
2020/3/6,53
2020/3/7,54
2020/3/8,55
2020/3/9,56
2020/3/10,57
2020/3/11,58
2020/3/12,59
2020/3/13,60
2020/3/14,61
2020/3/15,62
2020/3/16,63
2020/3/17,64
2020/3/18,65
2020/3/19,66
2020/3/20,67
2020/3/21,68
2020/3/22,69
2020/3/23,70
2020/3/24,71
2020/3/25,72
2020/3/26,73
2020/3/27,74
2020/3/28,75
2020/3/29,76
2020/3/30,77
2020/3/31,78
2020/4/1,79
2020/4/2,80
2020/4/3,81
2020/4/4,82
2020/4/5,83
2020/4/6,84
2020/4/7,85
2020/4/8,86
2020/4/9,
2020/4/10,
2020/4/11,
2020/4/12,
2020/4/13,
2020/4/14,
2020/4/15,
2020/4/16,
2020/4/17,