date,disease,T20_mean,ST_mean,T60_mean,H_mean,T20_min,ST_min,T60_min,H_min,T20_max,ST_max,T60_max,H_max,housa,days
2018-04-10,0,19.74097222,18.35694444,19.60486111,68.15694444,8.6,15.4,9.3,24.0,33.1,20.9,35.5,93.8,4.579827043325447,1.0
2018-04-11,0,18.14861111,18.20486111,18.09513889,92.68194444,12.0,16.1,12.7,80.3,25.8,19.4,24.1,99.9,0.9732372190123374,2.0
2018-04-12,0,22.48194444,20.29097222,22.74652778,76.64583333,13.9,18.2,14.7,26.9,34.5,22.5,38.2,99.7,3.9429956606236516,3.0
2018-04-13,0,20.53194444,19.77986111,20.64513889,67.84027778,11.4,17.4,12.3,21.5,33.6,24.3,36.3,93.5,4.8794652080532135,4.0
2018-04-14,0,19.51944444,19.2,19.37708333,83.37013889,11.5,17.5,12.2,45.4,31.0,20.9,29.1,95.8,2.363821925505176,5.0
2018-04-15,0,19.77638889,19.84791667,19.70277778,86.48055556,11.3,18.2,12.3,46.4,31.9,21.5,29.6,100.0,1.9542790344157999,6.0
2018-04-16,0,19.84861111,18.94583333,19.78194444,73.69861111,9.6,16.3,10.4,32.7,31.8,20.9,34.6,94.5,3.817496770033906,7.0
2018-04-17,0,17.86180556,19.025,17.93055556,89.68402778,13.4,18.1,14.2,62.3,27.6,20.4,26.5,96.1,1.3602019180197509,8.0
2018-04-18,0,19.71319444,19.37569444,19.70486111,81.58472222,12.9,17.8,13.8,38.6,34.2,21.2,38.8,97.6,2.6622734006574804,9.0
2018-04-19,0,20.65555556,19.59930556,20.30902778,75.36527778,11.0,17.2,11.7,37.8,31.2,21.8,31.6,94.5,3.673855490704428,10.0
2018-04-20,0,21.99444444,20.47430556,21.94305556,69.42291667,11.5,17.9,12.3,33.7,33.1,22.9,36.0,99.4,4.956745706091079,11.0
2018-04-21,0,22.57569444,20.70208333,22.06180556,70.82083333,12.3,18.2,13.0,36.7,35.9,23.1,36.1,92.2,4.758718297087365,12.0
2018-04-22,0,22.19930556,21.08680556,21.92638889,71.17986111,12.3,18.6,12.9,29.4,34.6,23.5,35.4,92.2,4.6679827802303775,13.0
2018-04-23,0,23.37916667,21.4,22.83888889,71.62777778,13.8,19.2,14.4,38.8,35.6,23.4,36.2,91.5,4.8125931067838685,14.0
2018-04-24,0,19.83611111,20.99375,19.85069444,87.81875,17.6,20.5,17.8,67.3,25.8,21.5,24.6,100.0,1.7743125508418518,15.0
2018-04-25,0,21.83402778,21.10902778,21.99305556,77.43819444,13.9,19.2,14.4,44.5,32.8,23.0,35.9,97.3,3.6667085908774055,16.0
2018-04-26,0,21.60555556,21.09166667,21.49513889,64.33125,12.0,17.5,12.5,30.0,34.6,24.8,35.3,86.4,5.651965486800672,17.0
2018-04-27,0,20.93680556,21.32222222,20.92847222,72.53958333,15.1,19.3,15.6,51.1,29.0,23.5,29.4,88.2,4.227303760558606,18.0
2018-04-28,0,21.63125,21.07013889,21.64861111,61.65555556,12.4,17.9,13.0,29.5,35.1,25.0,37.2,87.8,6.12358668991821,19.0
2018-04-29,0,22.37986111,21.60208333,22.11666667,66.73680556,12.6,18.2,13.3,32.1,33.8,25.4,34.7,89.9,5.43987772919318,20.0
2018-04-30,0,21.95694444,21.71805556,21.72152778,71.17777778,13.5,18.7,14.2,39.9,34.5,25.2,34.2,89.7,4.619990667627146,21.0
2018-05-01,0,23.33263889,22.27013889,23.13263889,67.94027778,14.4,19.3,15.2,36.9,33.6,25.5,34.7,90.8,5.5191690451499245,22.0
2018-05-02,0,19.62222222,20.85555556,19.72013889,84.88541667,15.3,19.7,15.9,62.4,28.7,22.1,26.3,97.1,2.1868180345644634,23.0
2018-05-03,0,21.40694444,21.35972222,21.24305556,77.76944444,14.5,19.0,14.9,57.7,28.3,23.2,27.7,98.2,3.4776257188721105,24.0
2018-05-04,0,19.69444444,20.14722222,19.475,63.94930556,11.1,17.5,12.0,32.1,30.2,24.0,32.1,99.9,5.1503492768642944,25.0
2018-05-05,0,20.12152778,19.77708333,19.77638889,65.46736111,9.0,16.3,9.9,32.4,30.5,23.1,31.0,92.6,5.010781039801309,26.0
2018-05-06,0,21.86458333,21.08819444,21.47152778,69.36805556,11.8,17.7,12.5,32.9,35.5,24.7,34.6,89.4,4.848015907767457,27.0
2018-05-07,0,17.72986111,19.69027778,17.98194444,95.08958333,14.9,19.1,15.5,88.5,21.2,20.4,20.8,100.0,0.6491971532151726,28.0
2018-05-08,0,18.76736111,19.85625,18.82638889,89.93541667,15.1,18.7,15.8,77.4,24.4,20.9,22.9,98.6,1.3903940707599405,29.0
2018-05-09,0,19.59027778,19.67083333,19.18888889,78.45486111,13.8,18.2,14.4,45.6,32.4,22.1,28.7,96.5,3.032834632165849,30.0
2018-05-10,0,19.29305556,19.1125,18.69027778,60.44583333,10.9,16.6,11.6,34.0,30.5,22.1,30.1,84.7,5.42582821353674,31.0
2018-05-11,0,19.93333333,19.23263889,19.24513889,64.37986111,8.6,15.6,9.4,27.8,33.5,22.8,30.9,100.0,5.028737445570052,32.0
2018-05-12,0,21.35416667,20.25486111,20.63125,70.67847222,10.8,16.8,11.6,31.2,34.2,24.0,32.5,96.0,4.445673486283088,33.0
2018-05-13,0,18.49513889,19.75347222,18.74444444,90.56458333,16.1,19.3,16.7,81.6,20.6,20.2,20.5,96.2,1.2979450258535996,34.0
2018-05-14,0,24.61805556,21.81944444,23.77777778,70.28888889,17.0,19.2,17.4,39.5,34.3,24.7,35.3,97.6,5.28328863467931,35.0
2018-05-15,0,23.72916667,22.34791667,23.31805556,73.35972222,14.8,19.3,15.5,44.8,35.2,25.6,34.1,96.6,4.629172880646731,36.0
2018-05-16,0,23.49305556,22.26597222,22.72986111,81.45416667,16.0,20.1,16.6,58.6,31.7,24.1,28.6,100.0,3.1285487592693357,37.0
2018-05-17,0,24.5625,22.58625,24.34875,78.025,18.7,21.3,19.1,52.3,34.4,25.9,33.6,93.4,4.020828503133583,38.0
2018-05-29,0,23.13194444,22.48125,22.89791667,81.64583333,18.9,21.2,18.9,63.1,30.0,23.7,28.1,100.0,3.122577524637151,50.0
2018-05-30,0,21.63055556,22.16111111,21.74722222,88.16736111,18.8,21.1,18.9,71.8,27.1,23.7,27.5,98.5,1.8991639592997576,51.0
2018-05-31,0,19.4375,20.74166667,19.63888889,90.83333333,17.5,19.9,17.5,75.6,24.0,21.7,24.0,98.8,1.3207122127588378,52.0
2018-06-01,0,24.1375,22.74027778,24.98263889,65.82847222,16.1,19.0,16.2,34.8,36.0,27.6,38.4,95.8,6.452994898900442,53.0
2018-06-02,0,23.70625,23.23541667,24.40138889,73.17569444,16.2,20.0,16.3,41.2,32.8,27.8,36.0,100.0,4.921029492948394,54.0
2018-06-03,0,24.25,23.94791667,25.04375,70.07569444,16.9,20.4,17.0,38.7,32.5,28.9,36.1,98.2,5.668127148624332,55.0
2018-06-04,0,24.91875,24.21875,25.64444444,68.03055556,16.9,20.8,17.0,36.7,32.8,28.3,35.9,92.7,6.238525430103357,56.0
2018-06-05,0,24.08402778,23.64722222,24.39791667,75.1625,17.8,21.5,17.9,42.1,32.0,26.7,35.2,95.6,4.555752495428255,57.0
2018-06-06,0,20.95347222,22.03958333,21.05902778,92.77291667,17.6,20.9,17.9,81.7,25.4,23.0,26.0,100.0,1.1199959738055256,58.0
2018-06-07,0,23.49652778,23.26527778,24.01041667,84.78333333,19.3,21.6,19.5,49.5,31.8,26.1,35.0,100.0,2.737560408486212,59.0
2018-06-08,0,23.46666667,23.54513889,24.43541667,83.72986111,18.5,21.3,18.7,46.5,30.3,26.1,35.4,99.7,2.9898953266518618,60.0
2018-06-09,0,25.72986111,24.43125,25.74652778,80.94166667,19.6,22.1,19.7,40.7,35.2,27.5,37.4,100.0,3.737868542867087,61.0
2018-06-10,0,23.64722222,23.2,23.44583333,82.11944444,19.3,22.1,19.4,61.8,30.0,24.4,29.9,97.3,3.1270448861103506,62.0
2018-06-11,0,26.02847222,23.95555556,25.62777778,79.78194444,22.2,22.2,21.8,57.5,32.9,26.1,34.0,92.5,3.942104946458587,63.0
2018-06-12,0,26.05833333,24.28958333,26.17013889,68.72083333,20.3,21.8,20.1,46.4,33.5,27.4,36.0,93.7,6.264333048724882,64.0
2018-06-13,0,24.12083333,22.77638889,23.8875,67.47986111,18.6,20.9,18.7,45.4,32.5,25.3,32.3,89.1,5.814665939086171,65.0
2018-06-14,0,23.65069444,22.975,23.89305556,75.81111111,16.4,20.4,16.7,50.0,31.9,25.6,31.6,92.8,4.326225031679317,66.0
2018-06-15,0,22.08888889,22.83888889,22.13680556,89.975,19.7,22.1,19.8,74.0,26.4,23.7,26.1,99.9,1.6411675384811004,67.0
2018-06-16,0,21.85347222,21.99583333,21.93194444,79.23472222,17.4,20.5,17.4,52.7,32.4,24.3,31.1,98.4,3.3642897651511987,68.0
2018-06-17,0,23.75069444,22.95138889,23.96388889,76.76458333,16.0,20.0,16.5,45.9,34.0,26.1,35.9,99.5,4.170456115937864,69.0
2018-06-18,0,21.54097222,22.18680556,21.55416667,87.53333333,18.2,21.2,18.6,62.5,31.1,23.6,29.2,98.1,1.9813761579720968,70.0
2018-06-19,0,23.48958333,22.89375,23.62222222,84.47013889,18.5,21.0,18.8,53.8,33.2,25.5,34.0,98.8,2.7400966656164565,71.0
2018-06-20,0,21.59861111,22.32847222,21.6625,97.23263889,19.6,21.8,19.8,92.8,24.2,22.8,23.8,100.0,0.4422583336060285,72.0
2018-06-21,0,23.6625,22.96875,23.55625,86.81319444,18.9,21.7,19.4,68.0,29.3,24.2,28.8,100.0,2.3189976071029075,73.0
2018-06-22,0,25.10763889,23.3375,24.94722222,73.32986111,17.1,20.8,17.8,43.1,36.9,26.1,34.7,95.9,5.0275658965920265,74.0
2018-06-23,0,20.53819444,21.84027778,20.61805556,93.41111111,18.2,20.6,18.5,73.0,25.8,23.3,25.5,100.0,0.99831961152879,75.0
2018-06-24,0,24.08958333,23.0875,24.3875,83.01458333,18.1,20.7,18.4,49.9,35.3,25.9,34.6,100.0,3.11388607559248,76.0
2018-06-25,0,27.42152778,24.85347222,27.36319444,74.28958333,19.7,22.1,20.0,47.0,37.8,27.8,36.8,98.0,5.459602805555671,77.0
2018-06-26,0,27.01041667,25.78263889,26.97083333,83.98611111,21.8,23.8,22.1,59.6,35.7,28.5,36.4,98.4,3.335860449305869,78.0
2018-06-27,0,27.39236111,26.17083333,27.40277778,86.09861111,23.5,24.2,23.7,61.8,35.1,28.2,35.2,98.3,2.9576742802314624,79.0
2018-06-28,0,28.07083333,26.80833333,28.01944444,85.98541667,23.8,25.3,24.0,58.4,38.0,29.4,37.6,100.0,3.072787898967312,80.0
2018-06-29,0,27.66666667,26.91319444,27.64791667,88.62638889,24.6,25.7,24.7,68.7,33.3,28.5,33.6,100.0,2.4490006169212064,81.0
2018-06-30,0,28.04305556,27.17986111,28.02222222,89.45972222,25.0,26.0,25.1,64.7,35.6,28.8,35.9,100.0,2.311336379899462,82.0
2018-07-01,0,28.79236111,27.75972222,28.84861111,84.79861111,24.5,26.2,24.9,60.0,36.3,30.4,37.1,100.0,3.4698404382159302,83.0
2018-07-02,0,28.67083333,27.46736111,28.34236111,86.25694444,23.9,25.9,24.3,66.2,36.1,29.3,35.8,98.7,3.0609247021131982,84.0
2018-07-03,0,28.42361111,27.42986111,28.17986111,85.6,23.7,26.0,24.0,66.9,35.6,29.1,34.3,100.0,3.1820225892739704,85.0
2018-07-04,0,26.57291667,26.72916667,26.46944444,92.58333333,24.3,25.9,24.6,81.6,30.2,27.3,29.6,99.2,1.5073994985912358,86.0
2018-07-05,0,25.68125,25.90555556,25.63958333,95.45,24.3,25.5,24.5,88.2,27.6,26.3,27.4,99.9,0.8876746671720519,87.0
2018-07-06,0,26.15,26.15833333,25.91597222,95.04652778,23.7,25.1,24.0,82.6,30.0,29.4,29.3,100.0,0.9796800191263232,88.0
2018-07-07,0,27.04652778,26.54027778,26.80833333,90.76597222,24.7,24.6,24.8,66.7,32.6,31.9,31.4,100.0,1.908275995839425,89.0
2018-07-08,0,28.77222222,27.06736111,28.43611111,85.44652778,23.6,25.6,24.1,60.6,37.6,29.2,35.4,100.0,3.2562088595245573,90.0
2018-07-09,0,28.72916667,27.20972222,28.4375,83.87916667,22.5,25.1,23.0,62.7,39.4,29.5,36.0,97.9,3.6071349390177594,91.0
2018-07-10,0,29.38472222,27.45069444,28.65486111,83.08611111,22.7,25.5,23.3,60.5,38.7,29.5,35.7,98.2,3.8246835683573,92.0
2018-07-11,0,29.25833333,27.6625,28.72361111,82.70902778,23.9,26.2,24.5,60.0,37.0,30.1,35.4,98.0,3.922994973369802,93.0
2018-07-12,0,29.53055556,27.85972222,29.08819444,81.83472222,25.1,26.6,25.6,51.9,40.3,29.8,37.7,98.9,4.194679640548838,94.0
2018-07-13,0,30.26388889,27.64791667,29.54930556,75.95972222,23.9,26.2,24.6,51.3,38.5,29.2,36.2,97.0,5.676164831279318,95.0
2018-07-14,0,30.35972222,28.09652778,29.66527778,79.41875,23.8,26.4,24.5,55.6,38.9,30.0,36.2,95.6,4.886655421982172,96.0
2018-07-15,0,31.05138889,28.60694444,30.19513889,80.47083333,24.6,26.8,25.1,61.3,39.9,30.5,36.8,97.3,4.7563771529053245,97.0
2018-07-16,0,30.30625,28.73333333,29.90347222,83.17430556,25.2,27.3,25.8,61.3,39.2,30.6,37.0,96.6,4.040978235606223,1.0
2018-07-17,0,30.47083333,29.02222222,30.06527778,86.36875,26.3,27.7,26.6,70.6,38.0,30.7,36.0,98.7,3.2993099750654373,2.0
2018-07-18,0,31.49027778,29.41388889,30.86666667,83.69583333,26.2,27.9,26.7,65.0,38.9,31.1,36.9,97.8,4.10054559495299,3.0
2018-07-19,0,30.52708333,29.32916667,30.23194444,84.76180556,26.4,28.3,26.9,67.2,38.5,30.8,36.1,98.7,3.717854109858141,4.0
2018-07-20,0,29.58611111,28.66041667,29.38402778,84.70625,25.6,27.7,26.1,69.5,35.7,29.6,34.2,96.2,3.5823744356629996,5.0
2018-07-21,0,29.07777778,27.9,29.09791667,82.54097222,24.8,27.9,25.5,53.3,33.5,27.9,37.5,97.4,4.033488043635418,6.0
2018-08-11,0,30.04166667,29.33541667,30.41527778,81.96388889,26.4,27.8,26.4,42.6,37.2,31.7,40.8,98.9,4.439312514710322,27.0
2018-08-12,0,29.24375,28.7875,29.19166667,87.34375,26.3,27.8,26.3,63.5,36.1,30.3,36.3,99.6,2.9371887294857317,28.0
2018-08-13,0,30.11388889,29.47986111,30.59305556,83.52986111,25.9,27.4,25.9,45.8,37.1,32.1,41.2,100.0,4.088499430175128,29.0
2018-08-14,0,30.00833333,29.67847222,30.49861111,83.47291667,26.4,28.2,26.6,49.7,37.7,32.3,41.0,98.9,4.084144401661167,30.0
2018-08-15,0,27.04444444,28.05763889,27.22638889,91.73611111,25.0,27.2,25.2,62.0,36.3,30.1,36.9,99.6,1.7431338130322955,31.0
2018-08-16,0,28.08888889,28.01180556,28.04861111,87.96527778,25.4,26.4,25.4,63.5,34.3,29.8,35.4,100.0,2.642438020117082,32.0
2018-08-17,0,27.21458333,25.2625,27.07013889,59.975,22.5,23.1,22.7,29.4,36.1,27.1,35.5,83.6,8.378293803277506,33.0
2018-08-18,0,25.54791667,25.56597222,25.75347222,66.15416667,19.6,23.4,19.8,40.6,34.8,27.8,35.1,86.4,6.640387029073574,34.0
2018-08-19,0,25.37291667,25.30277778,25.59513889,70.36527778,19.3,23.4,19.7,39.6,35.2,27.8,35.0,91.2,5.768837793566827,35.0
2018-08-20,0,26.24583333,25.63611111,26.11805556,81.13888889,20.5,23.7,20.9,59.2,32.4,27.3,32.4,100.0,3.7676617713117952,36.0
2018-08-21,0,30.25277778,28.06319444,29.99305556,80.71111111,25.6,26.3,25.6,56.1,38.7,30.3,38.5,95.7,4.652529671020191,37.0
2018-08-22,0,31.55138889,29.05694444,31.07083333,78.65416667,26.2,27.4,26.3,48.7,41.8,31.1,40.5,98.8,5.421068987680111,38.0
2018-08-23,0,29.66944444,28.56875,29.47777778,82.84305556,27.0,27.3,26.9,66.3,38.0,30.5,37.6,99.1,4.037004038366057,39.0
2018-08-24,0,28.34791667,28.45208333,28.39444444,91.54027778,26.9,27.8,26.9,71.4,34.4,29.5,34.9,100.0,1.8889633931198588,40.0
2018-08-25,0,29.02152778,28.41388889,28.80902778,89.67430556,25.6,27.5,26.1,71.7,37.0,29.7,35.4,98.3,2.3524130505435763,41.0
2018-08-26,0,30.44652778,28.79236111,30.03402778,81.92569444,24.0,26.9,24.5,54.2,38.3,30.7,38.9,99.5,4.368151889061228,42.0
2018-08-27,0,30.39027778,28.68680556,29.78680556,79.67361111,23.5,26.9,23.9,53.6,38.3,30.3,38.7,97.2,4.854435466929858,43.0
2018-08-28,1,29.05069444,28.25347222,28.63263889,82.02013889,23.7,27.0,24.3,59.3,38.9,29.6,36.7,97.1,4.061352939381447,44.0
2018-08-29,1,29.81736111,28.46458333,29.27777778,82.30069444,24.6,27.0,24.9,55.7,38.6,30.1,37.1,97.6,4.124656772838615,45.0
2018-08-30,1,28.71527778,28.22291667,28.17569444,88.80069444,24.5,27.1,25.1,66.7,35.9,29.6,33.1,100.0,2.4742518163000877,46.0
2018-08-31,1,30.09652778,28.46111111,29.30069444,82.81527778,24.3,26.7,24.3,54.1,40.3,30.9,38.0,100.0,4.009167766182779,47.0
2018-09-01,1,26.14513889,26.94791667,26.09027778,85.71597222,23.8,26.3,24.1,68.6,32.2,27.5,30.5,95.9,2.849446285136161,48.0
2018-09-02,1,27.29444444,26.89930556,27.01736111,84.11111111,23.2,25.7,23.6,61.1,37.0,28.9,35.2,95.7,3.3173772616130335,49.0
2018-09-03,1,28.62777778,27.16458333,28.15972222,80.65416667,22.6,25.4,23.0,55.3,40.3,29.3,37.5,94.7,4.270739017457851,50.0
2018-09-04,1,27.02638889,27.2125,26.97916667,92.36458333,24.2,26.4,24.7,78.6,35.3,28.3,32.6,97.7,1.5911868859364393,51.0
2018-09-05,1,28.21944444,27.31736111,27.9125,84.52777778,23.6,26.3,24.3,61.9,38.2,29.0,35.8,99.2,3.3747693766999656,52.0
2018-09-06,1,26.68888889,26.42986111,26.42152778,82.61527778,22.1,25.3,22.7,55.9,36.3,27.3,31.8,94.5,3.52503688415281,53.0
2018-09-07,1,26.70833333,26.54722222,26.71736111,87.62013889,22.9,25.5,23.2,76.6,32.8,27.4,30.6,96.4,2.546985616744017,54.0
2018-09-08,1,27.39513889,26.95555556,27.29583333,87.76527778,24.6,26.4,25.0,72.7,34.6,28.0,33.2,95.9,2.5894985685071714,55.0
2018-09-09,1,28.2875,27.33958333,28.12777778,86.05208333,24.5,26.2,24.9,62.5,38.5,29.3,36.8,98.3,3.074329400489308,56.0
2018-09-10,1,24.41527778,25.90694444,24.60069444,91.00416667,21.2,24.2,21.7,83.5,31.0,26.9,29.2,96.1,1.666804045749703,57.0
2018-09-11,1,23.09861111,23.90763889,23.07013889,80.18680556,19.6,23.0,20.0,63.4,29.9,24.8,27.6,90.2,3.400179575238527,58.0
2018-09-12,1,21.74791667,23.05972222,22.03263889,78.28194444,19.5,22.2,19.9,61.4,27.8,23.8,27.2,90.3,3.5366786169150664,59.0
2018-09-13,1,23.42222222,23.15972222,23.30208333,78.40069444,19.4,21.8,19.7,54.2,32.5,24.4,30.4,90.9,3.750211039359413,60.0
2018-09-14,1,22.86111111,23.4625,23.01458333,87.23194444,20.2,22.7,20.6,77.2,28.1,24.3,27.0,94.8,2.1850273176909027,61.0
2018-09-15,1,23.36666667,23.84236111,23.49791667,91.56458333,21.7,23.3,22.0,75.8,27.7,24.5,27.5,97.2,1.4790931758537806,62.0
2018-09-16,1,27.31875,25.34166667,26.86458333,82.95555556,22.2,23.7,22.5,57.5,36.2,27.1,34.4,97.5,3.5320867038192443,63.0
2018-09-17,1,27.23055556,25.21736111,26.86666667,67.40347222,23.4,23.8,23.4,42.0,33.4,25.9,32.2,88.9,6.7556046619278804,64.0
2018-09-18,1,25.56736111,24.41597222,25.34375,71.04236111,18.8,22.6,19.5,46.8,34.1,26.4,33.1,90.1,5.567286577716678,65.0
2018-09-19,1,24.95347222,23.58958333,24.57638889,73.22638889,18.4,21.1,19.1,45.9,36.0,29.4,32.9,90.8,4.954777028862357,66.0
2018-09-20,1,21.09930556,21.64097222,21.24791667,88.12430556,19.7,20.3,20.1,81.6,24.0,22.9,23.7,93.1,1.8582289274954689,67.0
2018-09-21,1,21.23263889,22.52013889,21.45138889,89.35555556,18.9,22.0,19.4,80.8,24.0,23.0,23.7,93.4,1.6829338523011217,68.0
2018-09-22,1,25.175,23.65625,24.81041667,77.32430556,21.1,22.7,21.6,54.6,35.4,25.2,31.7,95.5,4.245594615840546,69.0
2018-09-23,1,25.20486111,23.65,24.64027778,75.62152778,19.5,22.1,20.0,49.6,36.5,25.2,31.5,91.8,4.525911303911139,70.0
2018-09-24,1,25.17222222,24.59097222,24.95763889,84.93680556,21.5,23.3,21.8,58.7,33.6,26.2,30.8,97.9,2.841020900302928,71.0
2018-09-25,1,21.67916667,22.94097222,21.87777778,88.72986111,19.8,21.4,20.1,79.1,24.4,24.0,23.9,94.6,1.8209188743326403,72.0
2018-09-26,1,21.90208333,22.69166667,21.92708333,83.62152778,17.9,21.7,18.5,61.7,28.0,23.7,26.6,94.4,2.6529060713602517,73.0
2018-09-27,1,19.57013889,21.60555556,19.74166667,86.10416667,16.5,20.7,17.2,67.4,24.3,22.1,23.3,95.8,2.012718486299468,74.0
2018-09-28,1,21.92777778,21.42638889,21.37638889,77.26388889,14.0,19.3,14.8,48.6,36.2,23.3,30.5,92.7,3.580971440323673,75.0
2018-09-29,1,19.82847222,21.26944444,20.04652778,85.30208333,18.6,20.9,19.1,78.4,21.3,21.6,21.2,92.0,2.1625776606846245,76.0
2018-09-30,1,24.12847222,22.61527778,23.86666667,89.62152778,19.6,21.1,19.9,71.3,29.9,23.9,28.4,99.7,1.8537566816879805,77.0
2018-10-01,1,25.74305556,23.94027778,24.99513889,75.26458333,17.5,21.9,18.4,49.1,38.9,26.2,34.4,93.5,4.6739698929985805,78.0
2018-10-02,1,23.88194444,22.62083333,23.17916667,71.42916667,15.9,20.4,16.3,41.5,38.0,25.0,33.5,90.4,4.930078236820265,79.0
2018-10-03,1,23.48958333,22.57291667,23.04097222,76.77916667,15.1,20.4,16.2,43.9,39.0,24.7,34.2,91.5,3.9791215777413815,80.0
2018-10-04,1,22.54513889,22.77222222,22.54097222,89.03263889,19.2,21.9,19.8,77.7,27.8,23.8,26.5,94.2,1.8325470397509156,81.0
2018-10-05,1,23.98,22.87375,23.5575,86.44625,20.6,22.4,21.0,65.9,31.3,24.1,28.9,95.7,2.3836770432711365,82.0
2018-10-27,0,20.34027778,20.35208333,20.34722222,80.825,14.8,18.8,14.2,44.3,30.0,22.1,31.7,94.7,2.865241899265336,104.0
2018-10-28,0,18.09861111,18.97083333,18.19097222,72.99027778,12.0,17.2,11.3,40.6,27.7,21.0,29.5,91.4,3.610047326843636,20.0
2018-10-29,0,17.525,18.25,17.70486111,75.94236111,10.5,15.9,9.8,40.3,28.6,20.5,29.9,92.8,3.134905454372332,21.0
2018-10-30,0,17.37916667,18.03402778,17.6,71.93611111,10.6,16.0,10.0,37.7,29.2,20.5,31.6,94.7,3.6369459798484516,22.0
2018-10-31,0,16.40972222,17.39861111,16.62361111,72.04861111,11.4,15.9,11.2,39.8,26.8,19.6,29.4,90.1,3.4413064896278844,23.0
2018-11-01,0,15.14166667,16.54791667,15.62708333,71.86597222,9.6,14.9,9.1,34.7,26.9,18.5,27.3,91.3,3.285967177863008,24.0
2018-11-02,0,16.60138889,16.83680556,17.01736111,75.42916667,9.2,14.3,8.6,35.8,28.0,19.3,30.6,92.1,3.0884383253865053,25.0
2018-11-03,0,18.10902778,18.07847222,18.21458333,87.32986111,14.7,16.9,14.3,58.3,26.4,19.8,26.7,94.5,1.6955418293085704,26.0
2018-11-04,0,17.97361111,18.48541667,17.95486111,93.03611111,15.3,17.6,15.0,85.9,23.0,19.3,24.5,96.7,0.9193823004615572,27.0
2018-11-05,0,20.03888889,19.29097222,20.38333333,91.83888889,15.7,17.9,15.4,74.3,28.0,21.0,30.2,97.5,1.2217436068363603,28.0
2018-11-06,0,20.03055556,20.00416667,20.05694444,92.77083333,17.3,19.4,17.1,72.6,24.9,21.0,25.4,97.9,1.06423332562331,29.0
2018-11-07,0,20.01875,19.89652778,20.46736111,88.23680556,15.8,18.4,15.7,63.8,27.2,21.6,30.2,99.9,1.7685939095097138,30.0
2018-11-08,0,20.55763889,20.21944444,20.99097222,86.71388889,16.0,18.8,16.1,46.9,29.6,22.1,31.9,98.5,2.0518302954979943,31.0
2018-11-09,0,19.06180556,19.71388889,19.1,94.45833333,16.8,19.1,16.8,81.1,23.6,20.5,25.2,98.5,0.776500074765605,32.0
2018-11-10,0,20.67569444,20.35069444,21.16041667,87.12847222,16.5,19.3,16.4,59.7,27.9,22.0,30.3,98.5,2.0050791245790367,33.0
2018-11-11,0,18.88055556,19.39791667,19.24097222,83.70208333,13.8,17.8,13.8,61.9,26.5,21.2,28.8,96.1,2.3003919502317345,34.0
2018-11-12,0,19.27013889,19.42847222,19.56944444,86.67291667,15.0,18.0,14.9,65.4,25.2,20.7,26.9,96.4,1.91326765992258,35.0
2018-11-13,0,18.75833333,19.39791667,18.94791667,89.91388889,16.5,18.6,16.5,79.1,23.6,20.6,25.1,94.4,1.4021772618726616,36.0
2018-11-14,0,18.43125,19.00486111,18.77291667,84.62152778,14.1,17.6,14.1,61.6,25.6,20.6,28.3,95.7,2.118606233119574,37.0
2018-11-15,0,17.00763889,18.05347222,17.57638889,83.08611111,12.0,16.6,12.5,53.7,24.0,19.9,25.4,96.0,2.189252133934953,38.0
2018-11-16,0,17.63958333,17.94861111,18.22777778,84.02013889,12.3,15.9,12.5,64.1,26.0,20.3,28.6,96.0,2.1399257484279413,39.0
2018-11-17,0,18.525,18.61111111,19.20277778,85.32222222,14.1,16.9,14.4,62.6,25.5,20.4,27.7,98.1,2.0676254378065946,40.0
2018-11-18,1,17.83333333,18.3625,18.25277778,83.87847222,13.4,16.7,13.6,64.5,25.1,20.3,26.9,98.3,2.1617105266754915,41.0
2018-11-19,1,17.35833333,18.17916667,17.48819444,89.53125,14.6,17.4,14.7,79.5,22.0,19.2,22.6,94.4,1.348781642561946,42.0
2018-11-20,1,16.575,17.55694444,17.31527778,83.61666667,13.1,16.3,13.2,52.1,23.2,19.1,25.2,95.4,2.0917675023272158,43.0
2018-11-21,1,16.94166667,17.41666667,17.52569444,84.75555556,11.4,15.7,12.1,53.2,25.7,19.4,28.2,98.3,1.9679374990627896,44.0
2018-11-22,1,16.86041667,17.69027778,17.09722222,89.46319444,13.9,16.9,13.9,73.8,23.0,19.2,24.3,92.8,1.3299954348683272,45.0
2018-11-23,1,16.60138889,17.37083333,16.99583333,83.9375,12.6,15.9,12.7,61.6,25.0,19.7,26.4,93.2,2.016697805532791,46.0
2018-11-24,1,15.94305556,16.85486111,16.62013889,83.49097222,11.7,15.3,11.9,59.8,24.3,18.9,27.2,92.3,2.032179143885631,47.0
2018-11-25,1,16.04513889,16.70763889,16.59027778,82.78819444,11.7,15.2,12.0,58.9,23.1,18.6,24.8,93.0,2.115355702781895,48.0
2018-11-26,1,16.5625,16.91319444,17.11527778,88.50277778,12.1,15.4,12.5,74.2,23.0,18.7,24.9,96.6,1.4525996261219642,49.0
2018-11-27,1,17.25138889,17.61111111,17.61527778,85.58472222,13.2,16.3,13.3,63.1,24.1,19.1,25.4,99.8,1.8696453589694584,50.0
2018-11-28,1,17.28888889,17.55763889,17.62916667,89.77916667,12.6,16.1,12.6,62.7,24.3,18.9,25.7,99.1,1.326594371243043,51.0
2018-11-29,1,17.24305556,17.77638889,17.75,86.47569444,13.4,16.5,13.3,60.3,24.8,19.5,26.4,96.5,1.7664910081646548,52.0
2018-11-30,1,16.51805556,17.18333333,17.11458333,85.99375,11.7,15.8,12.4,63.0,23.8,19.2,25.7,94.3,1.769534515179381,53.0
2018-12-01,1,16.075,16.62708333,16.66527778,89.91597222,11.7,15.1,12.1,68.8,23.5,19.8,25.3,95.3,1.2442494939168052,54.0
2018-12-02,1,16.21527778,16.8625,16.59305556,90.32430556,13.0,15.7,13.1,64.0,22.9,18.6,24.9,98.6,1.1893309163013963,55.0
2018-12-03,1,18.04583333,17.58541667,18.28958333,91.02361111,14.2,16.2,14.4,57.4,26.0,18.9,27.3,98.5,1.2059396163935572,56.0
2018-12-04,1,19.69791667,18.72083333,20.04236111,96.60833333,16.9,17.8,16.9,77.7,24.8,19.6,25.6,100.0,0.498925861911583,57.0
2018-12-05,1,19.29166667,19.25347222,19.7,87.98263889,15.5,18.2,15.6,59.5,25.3,20.6,26.9,97.4,1.7368992843344344,58.0
2018-12-06,1,17.22083333,18.12708333,17.30625,95.06388889,15.1,17.5,15.2,89.8,21.0,18.9,21.3,98.6,0.6299273447974091,59.0
2018-12-07,1,16.69722222,17.76458333,16.8875,93.14652778,12.9,16.6,13.0,77.4,22.0,19.1,23.2,98.7,0.8555877120694118,60.0
2018-12-08,1,15.48472222,16.82777778,15.87569444,87.4125,12.2,15.7,12.4,62.6,23.2,18.8,24.8,97.1,1.4896911722630088,61.0
2018-12-09,1,15.35208333,16.44444444,15.74861111,86.22847222,12.1,15.3,12.5,66.3,23.0,18.4,24.3,93.5,1.6188755226679206,62.0
2018-12-10,1,14.675,15.84166667,14.95902778,88.41319444,11.8,14.1,12.2,75.1,21.9,17.4,23.2,93.8,1.3060486490601837,63.0
2018-12-11,1,14.92708333,15.88819444,15.16319444,88.78958333,11.6,14.8,12.0,62.9,22.3,17.3,23.5,95.6,1.2774460580179967,64.0
2018-12-12,1,15.69375,16.41319444,16.0625,93.46180556,12.9,15.4,12.8,71.3,22.1,18.0,23.4,100.0,0.7814658301669324,65.0
2018-12-13,1,15.62847222,16.54375,16.08958333,89.29444444,12.3,15.4,12.5,61.5,24.0,18.1,23.9,98.4,1.2813968401749096,66.0
2018-12-14,1,15.68888889,16.44444444,16.09305556,86.525,12.6,15.3,12.8,61.8,25.1,18.0,23.9,93.9,1.6131805739094822,67.0
2018-12-15,1,15.56180556,16.38819444,15.90347222,84.19097222,12.3,15.4,12.6,59.9,25.2,18.0,24.1,92.1,1.8737041005578448,68.0
2018-12-16,1,15.29305556,16.16944444,15.47777778,88.73472222,12.0,15.2,12.3,69.8,22.5,17.7,23.5,96.0,1.3053586528238208,69.0
2018-12-17,1,16.16319444,16.56875,16.41319444,88.34722222,13.0,15.5,13.0,55.0,26.6,18.2,25.3,96.7,1.418828920980254,70.0
2018-12-18,1,15.34583333,16.27222222,15.54652778,89.65902778,12.7,14.6,12.9,66.3,23.0,17.6,22.7,97.5,1.2026391109796863,71.0
2018-12-19,1,15.30972222,16.22361111,15.43819444,87.95902778,12.3,15.2,12.4,59.2,23.7,17.5,23.7,95.3,1.3923101639614388,72.0
2018-12-20,1,15.17638889,15.86944444,15.40763889,92.28194444,12.4,13.8,12.6,77.9,21.8,17.0,23.1,98.3,0.8909985532748768,73.0
2018-12-21,1,15.58125,15.78,15.8625,85.31875,12.4,15.2,12.6,53.8,23.2,17.4,22.9,94.7,1.7362656989758538,74.0
2019-01-09,0,16.91458333,16.72361111,17.57986111,89.42430556,11.5,13.3,12.0,54.4,33.2,23.4,32.4,100.0,1.369115645468363,93.0
2019-01-10,0,13.45277778,15.31597222,13.81736111,92.42152778,11.3,14.7,11.1,75.4,21.0,16.0,21.6,98.2,0.8035760259997773,94.0
2019-01-11,0,17.21736111,16.54444444,18.31805556,89.54375,11.6,14.5,12.2,58.9,34.1,22.0,37.7,97.9,1.4068369602057549,95.0
2019-01-12,0,14.11041667,15.08055556,14.29513889,95.81597222,11.7,11.8,12.0,84.7,21.8,16.2,22.6,100.0,0.4551739877796495,96.0
2019-01-13,0,18.58958333,16.59236111,18.61388889,85.72569444,11.1,14.4,11.4,41.7,40.2,20.1,34.2,100.0,1.950318254167704,97.0
2019-01-14,0,18.46944444,17.06944444,18.48472222,85.19097222,11.0,14.9,11.0,41.1,40.2,20.4,34.3,98.9,2.0098376314836583,98.0
2019-01-15,0,15.52638889,16.43958333,15.67361111,94.53194444,11.8,15.4,11.6,70.6,28.5,18.1,30.2,100.0,0.6402307433438261,99.0
2019-01-16,0,17.99027778,16.68125,18.22916667,88.19236111,11.7,14.4,12.2,41.9,38.8,19.6,33.0,100.0,1.58132156574178,100.0
2019-01-17,1,17.20277778,16.625,17.24513889,87.89097222,11.8,15.2,11.9,34.9,38.9,19.4,35.3,98.4,1.540361455086807,101.0
2019-01-18,1,17.8875,17.30555556,17.72708333,85.42013889,12.2,14.8,12.2,41.6,38.8,23.2,33.1,97.5,1.902083132707676,102.0
2019-01-19,1,18.47569444,17.73958333,18.49027778,83.42430556,11.9,14.8,12.0,42.4,38.7,23.5,33.3,94.9,2.250254481875654,103.0
2019-01-20,1,14.68958333,16.12916667,14.68611111,92.13888889,12.2,15.4,11.8,61.3,27.1,17.9,25.9,99.1,0.8732778658656285,104.0
2019-01-21,1,17.58125,16.91111111,17.65625,85.04305556,11.8,14.5,12.0,38.4,39.2,22.2,33.5,95.7,1.9440619529260608,105.0
2019-01-22,0,16.03194444,16.55277778,16.16388889,89.85763889,12.1,15.1,11.8,59.3,30.0,19.6,31.3,97.6,1.2187655393806187,106.0
2019-01-23,0,18.03958333,17.31597222,18.38472222,85.79583333,11.6,14.4,11.5,50.7,34.7,22.6,33.3,95.5,1.9177445185815456,107.0
2019-01-24,0,18.14652778,17.81180556,18.14236111,86.32986111,12.4,15.3,12.1,46.2,35.1,22.9,32.4,97.8,1.8224905305964032,108.0
2019-01-25,0,17.05069444,17.13611111,17.12083333,87.52013889,12.0,14.6,11.7,45.1,37.5,21.5,33.7,94.9,1.5772097641199219,109.0
2019-01-26,0,16.96319444,17.06944444,17.19652778,87.2875,12.2,15.2,12.0,46.8,33.5,20.7,31.6,97.2,1.6130079030996078,110.0
2019-01-27,0,18.09027778,17.49166667,18.31388889,82.75833333,11.7,14.6,11.5,44.7,37.3,23.0,34.7,93.7,2.3192781338674218,111.0
2019-01-28,0,14.91875,15.89583333,15.06944444,91.15833333,12.1,13.9,11.7,80.1,21.9,17.4,23.2,97.6,1.002503934444321,112.0
2019-01-29,0,17.89236111,17.25277778,18.37361111,85.57222222,12.0,14.6,11.4,48.5,35.8,22.4,33.8,96.8,1.9468087428955785,113.0
2019-01-30,0,16.24236111,16.55208333,16.90069444,89.59236111,10.8,14.0,10.3,46.9,30.5,20.4,31.0,100.0,1.3001920181863738,114.0
2019-01-31,0,12.84305556,14.99027778,12.83125,98.8,11.4,14.3,11.1,94.6,18.7,15.7,20.7,100.0,0.1206473283217296,115.0
2019-02-01,0,17.34513889,16.48680556,17.69166667,84.55694444,11.2,13.8,11.1,46.3,34.9,21.8,31.9,98.8,2.010967255804194,116.0
2019-02-02,0,17.77013889,16.72916667,18.41944444,85.74930556,11.1,12.3,11.0,50.4,35.0,21.3,35.1,95.4,1.9275059441728144,117.0
2019-02-03,0,16.65625,16.65486111,17.37152778,90.23611111,11.0,14.5,10.8,67.5,29.1,19.4,33.2,96.2,1.2503015884182025,118.0
2019-02-04,0,17.91805556,17.20138889,18.55833333,90.84305556,12.0,14.7,11.9,41.5,35.2,21.2,35.3,100.0,1.2475190273489425,119.0
2019-02-05,0,17.31875,17.45902778,17.88958333,87.66180556,11.7,15.2,11.5,51.7,29.9,21.4,33.3,99.5,1.6233629852967253,120.0
2019-02-06,0,14.33888889,15.82430556,14.24791667,94.06944444,11.8,15.0,11.4,69.3,28.4,17.9,30.9,98.7,0.6435453406681217,121.0
2019-02-07,0,17.74097222,16.78055556,18.65138889,90.10486111,11.7,14.4,11.2,68.4,29.3,20.1,33.6,96.8,1.3546231485085105,122.0
2019-02-08,0,14.99305556,16.42986111,15.24444444,93.07569444,11.3,15.2,11.2,76.8,21.2,17.7,22.9,100.0,0.7924567127695705,123.0
2019-02-09,0,12.80625,14.81736111,12.92986111,98.22152778,10.9,14.2,10.9,93.5,17.6,15.5,18.9,100.0,0.17976363046541585,124.0
2019-02-10,0,16.14722222,15.76944444,17.19444444,88.83888889,11.2,13.7,11.1,70.8,29.6,19.4,33.8,95.8,1.4160072386045732,125.0
2019-02-11,0,13.79236111,15.03333333,14.02013889,91.7375,11.4,14.2,11.2,81.4,20.7,16.4,22.7,96.6,0.8857036669346282,126.0
2019-02-12,0,17.25486111,16.09097222,18.55486111,84.50833333,11.2,13.2,11.3,50.8,30.7,20.3,35.8,95.2,2.1101647216135007,127.0
2019-02-13,1,17.31458333,16.83402778,17.86180556,85.35277778,11.6,14.5,11.3,49.2,32.3,21.1,34.9,95.5,1.924372700031552,128.0
2019-02-14,1,15.41944444,16.11041667,15.87222222,88.05902778,11.5,14.5,11.0,75.6,23.6,18.3,30.4,94.7,1.4129166868144711,129.0
2019-02-15,1,13.35694444,14.86944444,13.91458333,92.07361111,10.8,14.0,10.5,77.5,24.7,16.2,34.5,97.3,0.8448705077793823,130.0
2019-02-16,1,16.56111111,15.73680556,17.58541667,88.4125,11.6,13.1,11.6,62.7,28.4,18.6,33.0,97.4,1.5005389435123138,131.0
2019-02-17,1,17.84930556,17.025,19.28194444,83.33263889,11.8,14.5,11.5,50.1,31.2,21.4,36.9,95.3,2.357528411633272,132.0
2019-02-18,1,17.51666667,16.975,18.52013889,84.02916667,11.5,14.7,11.1,54.6,31.1,20.9,34.3,94.5,2.1715100133927505,133.0
2019-02-19,1,14.13819444,15.69513889,14.0375,96.89583333,12.5,15.2,12.0,91.7,17.2,16.2,17.8,100.0,0.3330633065689164,134.0
2019-02-20,1,18.25208333,16.84583333,19.04097222,91.41041667,12.8,14.5,12.5,52.5,32.0,19.6,34.1,100.0,1.1999012059274008,135.0
2019-02-21,1,18.18263889,17.54583333,19.08611111,84.64027778,12.5,15.4,12.3,52.9,31.5,21.2,35.2,96.3,2.1506617513897206,136.0
2019-02-22,1,17.58333333,17.26111111,18.30277778,85.34305556,11.9,15.0,11.4,54.0,28.5,20.0,31.7,94.8,1.970451533714407,137.0
2019-02-23,1,18.82083333,18.03819444,20.35902778,86.97847222,13.1,15.7,12.6,46.1,33.0,21.2,38.8,98.7,1.9469330327869299,138.0
2019-02-24,1,18.32013889,17.90347222,19.49236111,86.81458333,12.3,15.6,11.9,57.6,28.7,20.7,32.7,96.3,1.8854120170047115,139.0
2019-02-25,1,19.98055556,18.78888889,20.92708333,84.38125,12.9,16.2,12.3,44.3,34.5,22.0,38.0,98.2,2.404206530998764,140.0
2019-02-26,1,20.16388889,19.02222222,21.96597222,82.25625,13.3,15.9,12.7,41.8,32.6,22.7,38.6,96.8,2.8797255897309713,141.0
2019-02-27,1,18.14444444,18.2625,18.92152778,88.1125,12.8,16.3,12.2,65.7,28.1,20.5,33.8,95.0,1.6503481390178352,142.0
2019-02-28,1,15.05277778,17.01527778,14.87152778,97.65416667,13.2,16.2,12.7,94.7,18.0,18.1,18.4,100.0,0.2631877031597405,143.0
2019-03-01,1,19.75555556,18.19305556,21.23125,83.01458333,12.3,15.4,12.0,41.0,33.2,21.9,38.6,99.5,2.655505505972914,144.0
2019-03-02,1,18.85138889,18.24444444,20.04166667,80.46111111,12.5,15.2,11.9,40.8,29.1,20.9,37.5,93.8,2.874135259421114,145.0
2019-03-03,1,15.89513889,17.2875,15.88819444,92.46875,14.1,16.6,13.5,80.3,21.3,18.1,22.9,97.4,0.8918902747193407,146.0
2019-03-04,1,16.48402778,16.99652778,16.81319444,92.00833333,13.0,15.9,12.6,59.0,29.5,19.1,33.7,97.4,0.9937871218871234,147.0
2019-03-05,1,18.29125,16.505,20.13,85.3825,12.4,15.5,12.1,44.7,32.3,20.1,39.0,97.1,2.1599969570515225,148.0
2019-03-07,1,22.38809524,20.09285714,23.94285714,76.01428571,14.1,17.9,13.6,45.4,30.7,22.1,35.7,91.0,4.300595532872936,150.0
2019-03-08,1,19.25555556,18.78888889,20.45555556,79.42777778,12.5,16.1,12.0,41.5,33.7,22.4,38.1,94.5,3.0911573014407847,151.0
2019-03-09,1,20.8375,19.27916667,22.70694444,80.24166667,11.8,15.9,11.5,48.7,36.5,23.7,41.3,92.3,3.329235063088733,152.0
2019-03-10,1,15.40833333,17.51527778,15.26666667,92.75555556,13.2,16.8,12.5,88.7,19.0,19.0,19.8,96.8,0.8300762732246102,153.0
2019-03-11,1,18.37916667,17.86527778,19.2875,89.04027778,13.3,15.9,12.6,50.5,29.9,20.8,36.3,98.6,1.5506522348873375,154.0
2019-03-12,1,19.68888889,18.79583333,21.23333333,84.1,12.7,16.1,12.3,49.1,34.5,21.7,38.3,96.2,2.4860752951455733,155.0
2019-03-13,1,16.42777778,17.62361111,16.9125,86.26944444,12.5,16.3,11.7,56.7,27.7,19.6,32.7,94.4,1.7163783929822864,156.0
2019-03-14,1,18.25555556,17.64583333,19.64027778,81.02777778,11.9,15.2,11.4,51.4,29.5,21.0,34.5,93.6,2.73366990980208,157.0
2019-03-15,1,18.25416667,17.7625,19.86805556,80.23333333,11.5,15.2,11.4,49.8,30.5,20.8,37.0,91.5,2.881774816974832,158.0
2019-03-16,1,18.18055556,17.85277778,19.775,81.35138889,11.5,15.3,11.3,43.7,29.4,21.2,37.3,93.8,2.7057711729860165,159.0
2019-03-17,1,17.01805556,17.32083333,18.48055556,83.85694444,11.0,15.2,11.0,61.2,26.8,19.9,35.1,92.7,2.190413241396195,160.0
2019-03-18,1,18.44305556,17.64027778,19.88333333,78.73055556,11.3,14.9,11.4,44.1,31.9,21.0,35.8,92.4,3.1033048812570714,161.0
2019-03-19,1,16.47083333,17.05277778,17.24166667,87.225,12.0,15.4,11.6,68.5,25.3,19.0,29.2,94.3,1.6247822178438769,162.0
2019-03-20,1,20.32777778,18.075,22.20833333,78.74166667,11.4,14.9,11.3,38.5,32.7,21.6,37.4,93.4,3.4927854763312847,163.0
2019-03-21,1,17.95277778,18.18055556,18.31666667,97.03333333,15.0,17.2,14.5,87.6,25.3,19.2,28.6,100.0,0.3991215306317216,164.0
2019-03-22,1,20.60833333,19.42638889,22.28888889,82.82083333,12.8,17.6,12.2,48.1,31.4,22.4,41.2,99.9,2.8341099492090405,165.0
2019-03-23,1,16.61666667,17.38611111,17.85138889,84.94444444,10.6,15.5,9.9,56.4,26.9,19.8,34.0,92.9,1.9769440492404755,166.0
2019-03-24,1,17.29027778,17.09722222,19.50972222,78.14722222,8.0,13.9,7.4,34.3,28.7,20.3,38.3,97.9,3.127579653920828,167.0
2019-03-25,1,15.72916667,16.83888889,17.575,82.86805556,7.2,13.7,6.7,43.1,30.2,19.5,39.8,95.3,2.217314989093907,168.0
2019-03-26,1,16.77916667,17.7125,17.91111111,79.87916667,11.9,16.2,10.9,35.0,28.2,20.2,35.3,98.4,2.6503195783851567,169.0
2019-03-27,1,15.78194444,16.54861111,17.34861111,79.38888889,8.4,14.6,7.3,41.3,25.5,19.1,34.1,94.4,2.6361590471959278,170.0
2019-03-28,1,16.375,16.47777778,17.48888889,84.79305556,8.9,13.9,8.1,48.7,27.7,19.4,37.1,98.2,1.9593163979303283,171.0
2019-03-29,1,16.40694444,16.27638889,18.21527778,77.03472222,9.2,13.7,8.3,41.5,25.6,19.2,33.2,93.3,3.0733678981456314,172.0
2019-03-30,1,16.33055556,16.4375,17.09861111,88.70416667,10.5,14.6,9.7,47.5,25.4,18.4,30.3,96.9,1.4259068006494269,173.0
2019-03-31,1,15.86805556,16.40277778,17.39305556,79.07638889,8.9,14.2,7.6,41.5,26.6,19.3,35.6,96.8,2.682369763936964,174.0
2019-04-01,1,15.025,15.44722222,16.95138889,70.92638889,6.7,12.6,5.4,31.6,28.5,18.6,37.1,93.0,3.64176568349072,175.0
2019-04-02,1,13.66666667,14.69444444,15.10555556,75.3375,5.7,11.9,4.5,31.4,26.5,17.9,31.7,90.0,2.8017193810574845,176.0
2019-04-03,1,15.69305556,15.19861111,17.44027778,68.85972222,4.7,11.2,3.6,25.1,30.2,19.8,38.3,91.9,4.00201927522002,177.0
2019-04-04,1,15.51388889,15.09166667,17.19444444,67.79722222,5.3,11.7,4.1,27.0,27.6,18.3,35.2,90.4,4.08555796911644,178.0
2019-04-05,1,18.24166667,16.48055556,19.80555556,75.8,5.8,12.0,4.6,31.8,33.5,20.3,40.5,93.4,3.516768181325572,179.0
2019-04-06,1,20.38333333,18.45555556,21.83055556,74.49305556,10.8,15.1,9.9,36.0,34.4,21.9,40.9,94.1,4.111290775063232,180.0
2019-04-07,1,19.25833333,17.95416667,20.28611111,72.23333333,8.6,14.6,7.6,34.8,29.6,20.6,33.6,92.7,4.136062800242486,181.0
2019-04-08,1,19.80138889,18.92916667,20.78472222,76.44444444,12.5,16.6,11.9,41.2,31.8,21.2,38.0,93.8,3.5996208288457168,182.0
2019-04-09,1,19.6125,18.43611111,21.02083333,70.67777778,9.4,15.1,8.7,32.9,33.7,22.0,41.6,90.8,4.535268554549981,183.0
2019-04-10,1,15.03333333,16.92777778,14.99166667,89.99861111,11.5,15.8,10.8,76.8,22.7,18.4,25.1,94.0,1.1293064272941404,184.0
2019-04-11,1,19.075,17.82916667,20.71527778,78.56111111,10.3,14.5,9.6,36.8,32.9,21.3,41.3,94.1,3.2645403801332726,185.0
2019-04-12,1,17.84861111,17.7,18.54583333,83.10972222,10.7,15.6,10.0,41.8,27.1,20.2,31.3,94.8,2.299594156819598,186.0
2019-04-13,1,18.875,17.76388889,20.29861111,76.75138889,6.8,13.6,6.0,44.5,34.8,21.4,42.0,93.3,3.4652864480512533,187.0
2019-04-14,1,16.90972222,17.46111111,17.28055556,80.89444444,11.5,15.8,10.8,56.9,24.4,18.9,27.9,93.6,2.4348933067500926,188.0
2019-04-15,0,14.96666667,15.02777778,15.70972222,57.44722222,9.8,12.8,9.4,28.9,22.0,16.5,26.8,94.2,4.991872750762514,189.0
2019-04-16,0,15.82222222,14.58888889,17.09722222,58.15972222,7.1,11.3,6.2,32.7,27.2,17.8,33.0,87.3,5.281238049250163,190.0
2019-04-17,0,13.6125,14.93333333,13.40972222,88.13888889,11.6,14.4,10.9,81.6,15.9,15.4,16.9,93.5,1.2303759643396681,191.0
2019-04-18,0,17.13472222,16.19166667,18.69583333,76.08888889,9.9,13.6,9.3,41.7,25.3,18.5,31.8,94.6,3.280944262667755,192.0
2019-04-19,0,18.02638889,16.80277778,19.10138889,68.22222222,12.8,15.3,12.2,47.9,26.3,18.6,32.1,90.7,4.453032447444481,193.0
2019-04-20,0,18.45138889,16.85416667,19.82083333,64.75833333,10.5,13.6,9.8,44.7,28.6,19.9,35.3,88.9,5.12538696750881,194.0
2019-04-21,0,19.35277778,17.96805556,20.59722222,74.65833333,11.6,15.3,11.1,44.0,29.0,20.5,33.5,91.6,3.835562280922136,195.0
2019-04-22,0,20.2375,19.10277778,21.05833333,74.5,15.1,17.7,14.5,50.9,26.4,20.4,31.1,92.6,3.951647313111581,196.0
2019-04-23,0,21.26944444,19.45416667,21.98055556,72.38333333,15.8,18.0,15.2,43.5,28.6,21.0,31.2,97.3,4.485370762115312,197.0
2019-04-24,0,19.30972222,19.23472222,19.26388889,90.09444444,17.7,18.8,17.3,77.3,21.7,19.5,22.5,99.2,1.3997916103932144,198.0
2019-04-25,0,21.48472222,20.17916667,22.40138889,84.83333333,18.3,19.1,17.9,67.3,26.8,21.6,30.8,100.0,2.5163881188162787,199.0
2019-04-26,0,19.85972222,19.19166667,20.43472222,73.94861111,16.1,17.6,16.0,50.8,25.7,20.2,29.3,95.3,3.9102695596057457,200.0
2019-04-27,0,15.12777778,15.82361111,15.84583333,52.52916667,9.7,14.0,9.1,35.3,22.2,17.4,24.8,80.3,5.609142322546751,201.0
2019-04-28,0,15.00972222,15.02083333,15.97222222,58.00138889,7.0,12.6,6.0,30.7,22.6,16.7,27.7,88.7,4.995879571300093,202.0
2019-04-29,0,16.6875,16.47361111,16.93472222,74.00833333,13.5,15.4,12.8,49.7,23.9,17.9,27.2,91.3,3.2528689693375736,203.0
2019-04-30,0,17.83888889,17.87638889,17.69305556,80.86527778,13.7,16.0,13.2,57.3,25.0,22.6,23.8,98.2,2.4918705290946384,204.0
2019-05-27,0,26.48194444,27.19861111,25.59305556,65.08194444,17.3,17.1,17.3,30.4,39.6,41.4,37.1,92.4,6.796616221501914,1.0
2019-05-28,0,21.85694444,23.14027778,21.63333333,82.11944444,18.0,21.1,17.9,65.1,25.9,24.3,25.2,94.3,2.853296780282736,2.0
2019-05-29,0,21.45555556,20.99583333,21.54027778,53.65138889,16.1,17.6,16.1,28.9,26.8,24.5,26.5,95.0,7.361160815044067,3.0
2019-05-30,0,23.25138889,22.95972222,22.75694444,54.09305556,11.2,16.3,11.0,30.2,35.4,29.9,33.3,83.2,7.754764829034207,4.0
2019-05-31,0,23.63611111,23.4125,23.19861111,66.41388889,18.1,20.7,18.0,38.0,33.0,27.7,31.7,84.7,5.801169104557777,5.0
2019-06-01,0,24.02083333,24.17916667,23.45,62.99027778,18.1,20.8,18.1,32.0,31.9,29.0,30.3,89.3,6.4738080513446485,6.0
2019-06-02,0,22.72916667,23.02083333,22.38611111,75.18472222,17.5,20.5,17.3,50.5,30.6,25.9,29.8,90.9,4.114062787631197,7.0
2019-06-03,0,24.30416667,24.49166667,23.69444444,67.28333333,18.0,20.4,17.8,40.7,34.6,29.6,32.7,89.9,5.793492039505585,8.0
2019-06-04,0,25.23194444,25.00694444,24.61944444,66.95555556,17.9,21.1,17.8,42.1,35.0,29.6,32.8,90.2,6.128402715467505,9.0
2019-06-05,0,24.66666667,24.48333333,24.09722222,70.95555556,19.6,21.8,19.5,43.2,34.5,28.8,33.5,89.2,5.247987012703486,10.0
2019-06-06,0,25.58194444,25.025,25.02916667,64.14166667,18.2,21.5,18.2,34.5,34.9,29.3,32.9,92.6,6.78720541610266,11.0
2019-06-07,0,21.15555556,22.48055556,20.9875,85.4125,19.5,21.7,19.3,70.2,26.9,23.7,26.2,95.7,2.2524096270992207,12.0
2019-06-08,0,24.04027778,23.54861111,23.61666667,70.91527778,19.7,21.5,19.7,50.8,31.6,27.5,29.1,98.2,5.1302933192846485,13.0
2019-06-09,0,22.01666667,22.17916667,21.63611111,73.35,18.1,20.7,18.0,48.5,30.8,24.8,29.0,93.5,4.2532852935631205,14.0
2019-06-10,0,20.97222222,22.16111111,20.98888889,85.94444444,16.5,20.9,17.5,66.3,26.6,23.2,26.2,100.0,2.170427798358176,15.0
2019-06-11,0,22.45694444,23.21527778,22.3625,77.14027778,15.5,20.0,16.6,45.6,33.4,27.7,31.7,100.0,3.785330717906527,16.0
2019-06-12,0,22.98888889,23.24444444,22.4125,70.90138889,17.1,20.4,17.1,43.2,33.3,27.0,31.6,89.9,4.830631111975414,17.0
2019-06-13,0,25.05277778,24.3375,24.55,64.89166667,16.7,20.4,16.7,38.2,36.9,28.5,39.2,87.9,6.488677837118468,18.0
2019-06-14,0,24.43194444,24.09444444,23.98333333,65.87638889,18.5,21.8,18.4,35.6,35.2,27.1,34.1,85.0,6.1307084121373965,19.0
2019-06-15,0,22.10694444,22.09722222,21.80694444,72.80416667,17.5,20.8,17.5,49.6,30.3,24.3,28.7,87.7,4.378256622676882,20.0
2019-06-16,0,22.39722222,21.81111111,22.26111111,60.75,18.6,19.6,18.5,44.9,27.6,24.2,27.0,90.0,6.466114263289369,21.0
2019-06-17,0,23.30416667,22.04027778,22.86805556,56.29444444,17.7,18.8,17.6,36.7,31.7,25.3,29.6,81.8,7.4243986374313105,22.0
2019-06-18,0,23.99305556,23.11944444,23.19722222,67.30833333,16.2,20.1,16.2,39.6,33.5,25.7,31.2,89.4,5.646281401590793,23.0
2019-06-19,0,26.29444444,24.16666667,25.44027778,66.82916667,16.8,20.7,16.9,38.3,37.6,28.3,36.1,90.8,6.407876118948759,24.0
2019-06-20,0,26.30138889,24.87638889,25.49444444,70.17361111,18.9,22.3,19.1,40.2,37.1,30.8,34.2,91.8,5.777280709821942,25.0
2019-06-21,0,25.43472222,24.64861111,25.11666667,76.07361111,20.6,21.6,20.8,44.4,36.3,29.5,31.9,98.5,4.548468934076143,26.0
2019-06-22,0,26.1,24.59444444,25.56111111,69.48611111,20.3,21.7,20.6,35.1,37.6,27.2,33.6,91.7,5.929986244041437,27.0
2019-06-23,0,24.94444444,24.24166667,24.56944444,67.22083333,20.8,22.6,20.9,46.2,32.1,26.1,30.6,87.4,6.064077965230561,28.0
2019-06-24,0,25.59333333,24.22,24.67234043,71.23111111,20.2,22.6,20.3,39.5,35.4,28.1,32.4,92.7,5.349536603990685,29.0
2019-06-25,0,27.27083333,25.61944444,25.99583333,68.69583333,18.7,21.4,18.8,36.9,39.0,30.7,32.6,93.5,6.215679356166557,30.0
2019-06-26,0,26.46388889,25.225,25.9125,72.10416667,19.5,22.3,19.6,38.3,40.1,28.7,35.3,91.8,5.516192392706484,31.0
2019-06-27,0,24.74722222,24.8375,24.89027778,85.64861111,21.8,23.8,22.0,75.4,28.9,25.6,28.2,94.2,2.6977204753914177,32.0
2019-06-28,0,27.44583333,25.9,27.21666667,75.70555556,22.5,24.1,22.7,46.9,36.3,27.8,33.2,93.8,5.122083232874512,33.0
2019-06-29,0,27.47083333,26.36805556,27.28611111,79.98472222,24.1,24.9,24.3,52.5,36.6,28.6,34.9,92.4,4.234251826370706,34.0
2019-06-30,0,25.93888889,26.00833333,26.03055556,87.05416667,24.4,25.2,24.6,73.0,29.5,26.7,29.1,95.7,2.5749007450404258,35.0
2019-07-01,0,24.67222222,24.97916667,24.57916667,83.36527778,22.3,24.3,22.4,66.4,28.4,25.6,28.0,94.4,3.0788805087387217,36.0
2019-07-02,0,25.08888889,24.93055556,24.83333333,81.85833333,22.0,24.0,22.1,54.0,32.6,26.5,30.5,97.2,3.4005583673413766,37.0
2019-07-03,0,26.31944444,25.44583333,26.24305556,80.50277778,21.5,23.6,21.7,48.5,38.0,27.1,35.5,94.2,3.9187970764419706,38.0
2019-07-04,0,26.10833333,25.48472222,26.00416667,82.2125,22.3,23.8,22.3,56.2,33.5,27.1,32.8,97.0,3.533295426425504,39.0
2019-07-05,0,23.70416667,24.50138889,23.75416667,83.9375,20.3,23.0,20.2,63.7,29.8,25.8,29.6,97.2,2.8528878711386936,40.0
2019-07-06,0,24.7125,24.00833333,24.70138889,77.95277778,20.1,22.5,20.0,50.0,34.1,26.1,33.3,94.9,4.105585912956369,41.0
2019-07-07,0,25.65,24.6375,25.49583333,77.10694444,21.9,23.2,22.0,54.4,33.1,26.4,32.0,89.2,4.434620127820224,42.0
2019-07-08,0,24.30555556,24.47916667,24.54583333,80.83472222,21.5,23.5,21.5,63.4,29.3,25.3,30.1,92.0,3.5413668980414768,43.0
2019-07-09,0,24.875,24.14166667,24.85972222,74.06944444,21.0,23.0,21.0,43.1,37.9,26.0,35.9,88.2,4.866927939343084,44.0
2019-07-10,0,26.92083333,24.70555556,26.68333333,65.41527778,19.8,22.5,19.8,38.3,39.7,26.9,37.3,83.6,7.103449803421213,45.0
2019-07-11,0,22.43055556,23.46666667,22.47222222,78.57777778,20.3,22.6,19.8,66.1,26.3,24.2,27.0,91.7,3.567040223653472,46.0
2019-07-12,0,25.45972222,24.20138889,25.59583333,75.8125,21.3,22.6,21.3,55.0,33.5,26.1,35.4,90.3,4.708617071191207,47.0
2019-07-13,0,24.89722222,24.53055556,25.15138889,77.64722222,21.4,23.7,21.2,62.1,29.0,25.3,29.6,92.0,4.256651948103544,48.0
2019-07-14,0,24.40555556,24.37361111,24.5125,81.83055556,20.6,23.2,20.6,56.7,31.4,25.6,31.3,93.4,3.351782358744576,49.0
2019-07-15,0,24.53194444,24.71111111,24.98055556,87.69166667,22.5,24.1,22.6,70.7,29.7,25.7,31.7,95.8,2.3240807499220093,50.0
2019-07-16,0,23.75694444,24.37638889,24.19027778,92.20555556,22.1,23.8,22.0,70.7,29.6,25.1,31.5,100.0,1.414929593418668,51.0
2019-07-17,0,26.66944444,25.32916667,27.10972222,80.54861111,21.4,23.5,21.4,52.5,35.6,27.4,36.3,100.0,4.0795924219907285,52.0
2019-07-18,0,26.54166667,25.93333333,27.15,84.07777778,23.3,24.8,23.3,65.1,33.0,27.5,34.8,95.8,3.346002723206676,53.0
2019-07-19,0,25.38611111,25.47083333,25.61944444,85.45,22.7,24.6,22.6,65.0,30.8,26.4,31.6,96.6,2.835781347945362,54.0
2019-07-20,0,25.64722222,25.64722222,26.40138889,89.6375,23.3,24.8,23.4,69.7,29.7,26.4,32.3,100.0,2.0990853776458325,55.0
2019-07-21,0,26.81805556,26.10555556,27.43055556,85.34305556,23.4,25.0,23.4,69.7,31.6,27.1,33.2,96.6,3.1226627596259586,56.0
2019-07-22,0,26.67638889,26.34722222,27.16388889,87.82222222,24.1,25.6,24.1,74.0,30.3,27.1,31.4,95.3,2.5608605292157205,57.0
2019-07-23,0,28.15972222,26.70555556,28.71944444,78.0,23.0,25.1,23.0,56.9,34.0,28.1,35.1,97.1,4.990377324890449,58.0
2019-07-24,1,29.21111111,27.49583333,29.90138889,76.22916667,23.9,25.8,23.9,51.6,38.2,29.3,38.2,95.5,5.708400760657555,59.0
2019-07-25,1,29.16388889,27.75138889,30.13611111,78.80833333,24.1,26.0,24.0,55.9,38.7,29.7,41.7,91.6,5.1466943409252925,60.0
2019-07-26,1,29.04166667,27.77777778,29.79583333,76.30277778,25.1,26.8,24.7,51.1,37.7,29.4,39.7,94.2,5.66192921435375,61.0
2019-07-27,0,26.79722222,27.01805556,27.13333333,85.975,24.9,26.5,24.8,67.4,32.6,28.0,33.6,93.0,2.9449038170676256,62.0
2019-07-28,0,28.74861111,27.48611111,29.51388889,79.48611111,24.1,25.9,24.1,58.9,34.7,29.1,37.5,94.9,4.835292286684796,63.0
2019-07-29,0,29.44861111,28.16111111,30.68472222,78.85,24.9,26.7,24.8,60.5,35.8,29.5,39.5,93.4,5.273269330841878,64.0
2019-07-30,0,29.89583333,28.48333333,30.87777778,78.91944444,25.8,27.2,25.8,53.8,37.3,30.0,40.1,93.6,5.304633455363764,65.0
2019-07-31,0,29.53888889,28.50694444,30.57222222,79.36111111,25.5,27.3,25.4,62.2,34.1,29.7,38.2,92.6,5.118236500254278,66.0
2019-08-01,0,29.39722222,28.47361111,30.45277778,80.89027778,25.7,27.4,25.7,63.4,33.6,29.6,39.1,93.5,4.712015796280327,67.0
2019-08-02,0,29.01527778,28.44583333,29.85833333,83.78472222,25.5,27.4,25.3,70.2,34.2,29.6,39.6,94.9,3.8859393554546298,68.0
2019-08-03,0,28.625,27.92916667,29.78888889,81.55555556,24.8,26.7,24.6,62.6,35.4,29.6,39.2,95.2,4.405422641814722,69.0
2019-08-04,0,28.71111111,27.975,30.12222222,78.66527778,25.4,27.0,25.4,59.7,34.6,29.3,40.9,95.8,5.177986736668478,70.0
2019-08-05,0,28.49027778,27.91111111,29.20833333,79.32777778,23.9,26.3,23.7,62.5,33.8,29.8,35.6,92.1,4.8013500287351265,71.0
2019-08-06,0,29.76666667,28.53194444,30.525,81.20138889,26.0,27.2,26.0,57.4,38.0,30.2,41.4,93.2,4.6513488738679705,72.0
2019-08-07,0,29.225,28.35138889,30.22361111,80.28333333,25.1,27.2,24.8,57.0,36.6,29.7,41.4,94.9,4.808602204827185,73.0
2019-08-08,0,28.80972222,28.0625,29.41527778,79.92222222,24.8,27.0,24.5,58.1,36.9,29.6,38.6,93.5,4.710064517822203,74.0
2019-08-09,0,29.20416667,28.29166667,30.25694444,79.85694444,25.3,26.9,24.9,61.3,36.0,29.9,40.3,92.4,4.920446940282536,75.0
2019-08-10,0,29.17361111,28.36666667,30.05555556,78.87361111,24.9,26.9,24.7,61.6,34.9,29.8,38.7,94.7,5.111049501885012,76.0
2019-08-11,0,29.10972222,28.34305556,29.70694444,80.90833333,25.3,27.1,24.9,63.1,35.0,29.8,38.5,93.2,4.542076063990431,77.0
2019-08-12,0,29.31527778,28.45555556,30.22222222,78.74861111,25.1,27.2,24.7,64.1,35.5,29.8,39.5,89.8,5.182553117261746,78.0
2019-08-13,0,30.26527778,28.80277778,31.53194444,75.21388889,25.8,27.3,25.7,60.9,35.9,30.3,41.2,87.9,6.434419428860163,79.0
2019-08-14,0,29.06944444,28.40138889,29.55555556,79.74722222,26.4,27.6,26.2,61.8,34.7,29.5,38.0,90.6,4.783335273688353,80.0
2019-08-15,0,28.21388889,28.18333333,28.61111111,85.58611111,26.7,27.8,26.9,73.5,31.5,28.7,33.2,93.4,3.2524638487051982,81.0
2019-08-16,0,28.75972222,28.34722222,29.58055556,84.93472222,26.3,27.4,26.2,71.5,34.0,29.9,39.6,95.6,3.562428405438621,82.0
2019-08-17,0,28.71111111,28.07083333,29.53888889,80.13333333,25.0,27.0,24.8,57.8,34.3,29.3,39.4,94.2,4.688378470364803,83.0
2019-08-18,0,29.12777778,28.40833333,30.23611111,81.81111111,25.2,26.9,25.0,67.1,35.7,30.2,39.0,92.5,4.438658548271946,84.0
2019-08-19,1,28.53611111,28.30833333,29.39861111,83.54166667,24.6,26.8,24.3,68.0,34.7,30.0,38.1,92.8,3.857875120019802,85.0
2019-08-20,1,27.825,27.79861111,28.41666667,87.125,25.5,26.9,25.4,69.8,31.1,28.5,33.0,95.0,2.8779488950001797,86.0
2019-08-21,1,28.70416667,27.99861111,29.425,82.65138889,25.0,26.9,24.6,61.3,34.6,29.2,38.8,95.5,4.07173431588417,87.0
2019-08-22,1,28.03055556,27.88194444,28.58055556,82.89027778,25.5,27.2,25.3,64.7,32.2,28.5,33.8,93.8,3.8550592270061546,88.0
2019-08-23,1,25.00277778,26.35833333,25.14722222,86.40694444,23.2,25.1,22.9,74.0,27.6,27.4,28.6,93.9,2.5879978663206,89.0
2019-08-24,1,26.46527778,25.82222222,27.11388889,76.35277778,23.1,24.6,22.9,62.5,31.2,27.2,36.2,92.9,4.960607910975173,90.0
2019-08-25,1,27.02777778,25.49166667,27.54166667,63.14027778,23.7,24.4,23.6,46.2,31.4,26.2,33.3,83.1,7.895698139860509,91.0
2019-08-26,1,25.83333333,24.9875,26.25972222,67.53333333,21.3,23.7,20.8,51.7,31.3,26.1,34.2,90.0,6.530918756611304,92.0
2019-08-27,1,24.24305556,24.90833333,24.56111111,85.35833333,21.7,23.9,21.3,70.2,30.2,26.3,33.0,92.5,2.7075533200964355,93.0
2019-08-28,1,25.15416667,25.22916667,25.43194444,88.57777778,22.8,24.4,22.6,75.6,28.6,26.3,30.2,97.8,2.205611663994234,94.0
2019-08-29,1,27.16111111,26.10694444,27.89861111,83.80138889,22.6,24.4,22.4,65.6,33.6,27.8,36.5,93.5,3.5308187784697185,95.0
2019-08-30,1,25.69861111,26.14722222,26.04861111,90.67777778,24.3,25.7,24.3,75.4,31.1,26.8,34.1,97.2,1.8558238661573,96.0
2019-08-31,1,26.40555556,26.09305556,26.82777778,81.16666667,23.3,25.3,23.0,62.3,31.5,27.1,33.4,95.8,3.8957542300650285,97.0
2019-09-01,1,26.21805556,25.85277778,26.52638889,79.05138889,22.3,24.6,22.1,60.3,30.8,27.0,32.2,92.6,4.269637131683707,98.0
2019-09-02,1,26.70555556,26.07222222,27.08611111,80.64861111,22.2,24.5,22.0,64.0,33.0,27.7,34.8,93.2,4.053928954333871,99.0
2019-09-03,1,27.65694444,26.7375,28.04444444,81.07222222,24.2,25.6,24.1,58.4,33.5,28.0,34.3,93.9,4.155088952366619,100.0
2019-09-04,1,27.275,26.83472222,27.79861111,83.75694444,23.8,25.7,23.8,71.1,32.0,28.0,33.6,94.6,3.523299019351813,101.0
2019-09-05,1,25.8,26.21666667,26.09583333,87.26666667,24.3,25.8,24.3,75.1,30.1,26.9,32.0,93.3,2.5408023053048643,102.0
2019-09-06,1,27.55416667,26.78333333,28.18055556,82.5875,23.7,25.4,23.7,65.5,33.3,28.4,35.3,93.0,3.847836021967949,103.0
2019-09-07,1,27.54166667,26.71111111,27.98472222,79.15138889,23.4,25.5,23.5,64.9,34.6,28.2,36.5,90.2,4.563474383252572,104.0
2019-09-08,1,28.84583333,27.20694444,29.44444444,74.83194444,24.7,26.0,24.6,58.3,34.8,28.7,36.5,89.6,5.912502786935128,105.0
2019-09-09,1,29.6375,27.22361111,29.91111111,69.925,25.9,26.1,26.0,52.4,33.9,28.2,34.1,94.2,7.2256765578139746,106.0
2019-09-10,1,28.52083333,27.36111111,28.85277778,79.20277778,24.6,26.3,24.6,57.5,34.4,28.4,35.2,93.8,4.748091993595722,1.0
2019-09-11,1,29.05972222,27.54861111,29.45555556,76.77638889,25.9,26.7,26.0,57.9,33.7,28.6,34.4,94.6,5.4586340195408685,2.0
2019-09-12,1,26.79861111,25.95,27.01944444,68.74027778,23.6,25.3,23.4,54.8,29.8,26.7,30.4,79.2,6.5272580571644925,3.0
2019-09-13,1,23.80555556,24.54027778,23.96666667,71.80972222,22.0,23.6,22.1,58.3,26.4,25.3,26.9,80.7,5.060492890929852,4.0
2019-09-14,1,24.76666667,24.3125,25.17916667,70.96111111,20.5,23.0,20.2,55.8,32.1,25.9,33.8,83.3,5.537520633781618,5.0
2019-09-15,1,25.81666667,24.79444444,26.12777778,73.38888889,21.0,23.4,20.8,49.1,31.2,25.9,32.2,90.3,5.318336504249563,6.0
2019-09-16,1,27.92361111,24.85833333,28.1375,62.61527778,23.5,24.4,23.4,42.3,33.6,25.3,34.0,91.1,8.244048188996672,7.0
2019-09-17,1,26.15,25.17777778,26.52083333,74.39722222,23.7,24.5,23.7,57.7,29.3,25.8,29.9,87.7,5.21680007399558,8.0
2019-09-18,1,23.26388889,24.46805556,23.42777778,85.01666667,20.7,23.4,20.6,72.7,25.1,25.4,25.8,91.7,2.617988158223024,9.0
2019-09-19,1,23.05694444,23.34027778,23.21388889,74.51111111,19.8,22.7,19.5,46.1,28.5,24.2,29.7,92.5,4.405959694821967,10.0
2019-09-20,1,22.9375,22.9,23.17222222,72.81805556,19.2,21.8,19.0,53.8,26.8,23.6,27.9,88.5,4.688777878474144,11.0
2019-09-21,1,23.04166667,23.10833333,23.32361111,73.65833333,20.8,22.5,20.8,54.9,27.0,23.8,28.1,90.1,4.578562952198136,12.0
2019-09-22,1,24.58194444,23.34305556,24.91944444,70.42361111,21.2,22.3,21.2,57.1,29.9,24.4,30.3,82.3,5.56772731237988,13.0
2019-09-23,1,26.17361111,24.77222222,26.51527778,81.44027778,23.0,23.5,22.9,61.4,31.3,26.3,32.6,100.0,3.780680250627812,14.0
2019-09-24,1,23.51527778,22.88472222,23.59027778,69.01805556,21.7,22.3,21.7,61.4,25.9,23.4,26.4,74.9,5.457716313596079,15.0
2019-09-25,1,23.85138889,22.78472222,24.14027778,69.70555556,19.7,21.6,19.6,47.9,29.1,24.2,30.2,89.6,5.485641897117602,16.0
2019-09-26,1,24.16944444,23.47361111,24.42083333,74.94583333,20.0,22.0,19.7,54.3,30.5,24.8,31.9,86.9,4.6007511764676865,17.0
2019-09-27,1,24.42083333,23.79861111,24.71805556,75.98611111,21.1,22.8,20.9,61.4,30.3,24.7,32.3,88.3,4.475526485484698,18.0
2019-09-28,1,23.69027778,23.67638889,23.92222222,78.51527778,21.2,22.9,21.1,62.4,28.3,24.5,28.7,90.4,3.8481952509355466,19.0
2019-09-29,1,24.37222222,23.63194444,24.59444444,75.45694444,21.0,22.6,20.9,54.1,29.1,24.5,30.0,92.2,4.546074328731454,20.0
2019-09-30,1,24.85277778,24.24583333,25.18333333,82.97638889,21.3,23.1,21.2,62.7,30.3,25.5,31.1,93.3,3.2469593411468494,21.0
2019-10-01,1,25.09861111,24.46805556,25.43611111,79.09305556,21.7,23.4,21.7,55.2,31.0,25.7,32.2,92.5,4.0379287475105246,22.0
2019-10-02,1,23.8875,23.98611111,24.19722222,78.975,21.1,23.0,21.0,61.0,29.4,25.3,30.8,88.3,3.818003846313305,23.0
2019-10-03,1,24.24722222,23.84722222,24.49583333,77.15555556,21.9,23.2,21.9,58.8,29.8,24.7,31.0,89.7,4.210695918069499,24.0
2019-10-04,1,24.3625,22.8875,24.49027778,68.39722222,21.3,21.2,21.4,49.2,27.9,24.1,28.0,92.1,5.8234215870559645,25.0
2019-10-05,1,23.675,21.80555556,23.79166667,61.77638889,19.6,20.7,19.4,47.2,28.5,23.0,28.9,79.6,6.801730217426453,26.0
2019-10-06,1,23.15833333,21.74583333,23.27916667,62.43888889,18.7,21.1,18.7,40.1,29.3,22.8,29.6,88.3,6.514092612257005,27.0
2019-10-07,1,20.93333333,21.41805556,21.0,77.50138889,18.7,20.8,18.6,52.9,25.5,22.1,25.9,87.7,3.4761586840078307,28.0
2019-10-08,1,21.94166667,21.76388889,22.075,78.19722222,19.8,20.8,19.8,61.4,27.1,22.8,27.8,89.9,3.5581113200695835,29.0
2019-10-09,1,20.75138889,20.54861111,20.94444444,62.56111111,16.7,19.3,16.5,38.4,26.4,22.0,27.2,89.3,5.7681142689485005,30.0
2019-10-10,1,21.875,21.12638889,22.16388889,72.2125,15.9,19.3,15.8,46.1,30.1,22.8,31.0,90.0,4.555270252149245,31.0
2019-10-11,0,23.50277778,22.50694444,23.85555556,81.8625,19.9,21.3,19.9,68.0,27.9,23.5,29.0,92.4,3.237837590618589,32.0
2019-10-12,0,21.86944444,22.47222222,21.9875,94.3125,20.7,22.1,20.7,88.3,23.2,22.8,23.5,98.0,0.9240628961449504,33.0
2019-10-13,0,24.2754386,22.85614035,24.74912281,74.64736842,20.3,21.8,20.4,51.4,29.7,24.1,30.8,97.3,4.732344041936647,34.0
