date,disease,T20_mean,ST_mean,T60_mean,H_mean,T20_min,ST_min,T60_min,H_min,T20_max,ST_max,T60_max,H_max
2016-07-22,0,27.09652777777778,26.780555555555555,27.288888888888877,74.05555555555556,23.2,24.7,23.2,45.0,34.5,31.0,36.5,96.0
2016-07-23,0,25.844444444444452,25.793055555555572,26.34166666666668,71.6111111111111,22.3,24.0,22.1,48.0,33.1,28.8,34.7,90.0
2016-07-24,0,26.68611111111111,26.38958333333333,27.42013888888889,73.0763888888889,21.5,23.8,21.5,43.0,35.8,30.7,39.6,100.0
2016-07-25,0,27.43055555555555,26.800694444444453,28.029861111111103,75.33333333333333,21.5,24.0,21.6,41.0,36.0,30.8,39.6,100.0
2016-07-26,0,23.3902777777778,24.84930555555555,23.490972222222208,96.04861111111113,21.7,24.0,22.0,84.0,26.7,25.5,26.3,100.0
2016-07-27,0,26.343055555555548,25.635416666666664,26.45555555555555,86.7638888888889,21.8,23.7,22.2,53.0,36.1,28.8,37.1,100.0
2016-07-28,0,27.82569444444445,26.507638888888888,27.461111111111112,83.7361111111111,23.7,24.9,23.6,55.0,38.3,29.4,37.7,100.0
2016-07-29,0,28.03125000000001,26.947222222222212,27.24027777777778,83.6111111111111,22.0,24.5,22.3,51.0,38.3,33.2,36.8,100.0
2016-07-30,0,28.26319444444445,26.916666666666675,27.68888888888889,79.68055555555556,21.3,24.4,21.8,53.0,36.8,29.3,35.0,100.0
2016-07-31,0,28.868749999999995,27.2097222222222,28.45902777777779,79.60416666666667,21.9,24.7,22.4,53.0,35.9,29.4,35.4,100.0
2016-08-01,0,28.589583333333326,27.62569444444444,28.29166666666667,86.53472222222223,23.4,25.6,23.7,56.0,37.6,30.0,35.4,100.0
2016-08-02,0,28.879861111111122,27.7,28.127777777777787,87.1736111111111,23.6,25.8,24.0,65.0,37.0,29.4,34.0,100.0
2016-08-03,0,28.92847222222223,27.51527777777776,28.1,86.5,23.8,26.1,24.4,64.0,39.3,29.2,34.6,100.0
2016-08-04,0,29.415277777777767,27.899305555555554,28.88958333333334,82.36805555555556,23.6,25.6,24.0,59.0,38.9,30.5,35.3,100.0
2016-08-05,0,29.686111111111103,28.020138888888887,29.13541666666667,82.79166666666667,23.9,26.0,24.4,61.0,38.0,30.0,35.4,100.0
2016-08-06,0,29.740277777777766,28.10069444444446,29.147222222222208,82.25,24.2,26.3,24.5,62.0,39.2,29.9,35.9,100.0
2016-08-07,0,29.25138888888889,28.02499999999999,28.71180555555555,85.0625,24.3,26.3,24.7,61.0,39.4,30.2,36.8,100.0
2016-08-08,0,31.04444444444445,28.136111111111113,29.963194444444447,74.5138888888889,23.6,26.1,24.2,55.0,38.5,32.4,35.5,100.0
2016-08-09,0,31.35277777777777,28.324305555555558,30.017361111111107,67.53472222222223,24.7,25.3,24.5,52.0,39.2,32.4,35.7,83.0
2016-08-10,0,28.892361111111107,26.62013888888889,27.915972222222226,71.9236111111111,22.4,25.3,23.0,45.0,37.5,28.6,34.2,94.0
2016-08-11,0,28.286111111111122,26.60069444444445,27.56736111111111,81.25,21.1,24.2,21.7,58.0,35.6,28.4,34.0,97.0
2016-08-12,0,28.315972222222214,27.070138888888888,27.91319444444445,80.34027777777777,23.4,25.6,23.9,50.0,35.6,29.9,36.2,100.0
2016-08-13,0,28.718749999999986,27.24236111111111,28.02847222222222,81.52083333333333,24.3,25.5,24.2,62.0,37.1,29.7,35.3,93.0
2016-08-14,0,26.78263888888891,26.50277777777778,26.549305555555566,85.8125,23.8,25.7,24.4,73.0,32.1,27.3,30.4,98.0
2016-08-15,0,28.923611111111104,27.323611111111106,28.18125000000001,84.85416666666667,23.4,25.2,23.8,62.0,37.4,30.0,36.9,98.0
2016-08-16,0,28.983333333333324,27.46875000000001,28.20486111111111,84.1875,23.9,26.1,24.5,61.0,36.5,29.0,33.6,100.0
2016-08-17,0,30.08263888888891,27.738888888888898,29.27291666666666,81.8263888888889,25.5,26.5,25.7,58.0,35.5,29.0,33.9,98.0
2016-08-18,0,30.38055555555555,28.675694444444442,29.61597222222223,86.16666666666669,26.6,27.2,26.6,65.0,37.6,31.0,35.8,99.0
2016-08-19,0,29.85625,28.28611111111111,28.936111111111103,85.5,24.9,26.8,25.5,66.0,39.1,29.7,34.1,99.0
2016-08-20,0,29.88055555555555,27.933333333333326,28.971527777777766,81.5763888888889,24.0,26.4,24.8,59.0,37.0,29.4,34.5,100.0
2016-08-21,0,30.09791666666667,29.062499999999986,29.540972222222194,76.1388888888889,23.6,25.8,24.3,34.0,40.2,39.1,41.7,95.0
2016-08-22,0,29.552777777777766,27.665972222222237,28.61736111111113,84.65972222222223,25.3,26.5,25.5,66.0,36.3,29.3,32.6,98.0
2016-08-23,0,30.03263888888888,28.165277777777767,29.127777777777766,81.33333333333333,24.3,26.2,25.0,50.0,37.6,36.5,38.1,99.0
2016-08-24,0,28.79444444444445,27.46041666666665,28.13333333333334,83.7986111111111,24.5,26.2,25.0,68.0,35.6,28.8,32.9,97.0
2016-08-25,0,29.190972222222204,27.410416666666666,28.21319444444445,82.13194444444444,24.3,26.2,24.9,58.0,37.1,28.7,33.1,98.0
2016-08-26,0,29.10000000000001,27.24236111111109,28.23194444444445,81.30555555555556,23.0,25.4,23.7,58.0,37.3,28.9,33.5,99.0
2016-08-27,0,28.466666666666665,27.248611111111106,27.914583333333322,83.3125,23.6,25.8,24.3,57.0,40.1,29.6,36.4,98.0
2016-08-28,0,28.749305555555548,27.053472222222233,27.975000000000005,78.22222222222223,24.4,25.8,24.8,53.0,39.1,29.6,37.8,93.0
2016-08-29,0,29.652777777777793,27.064583333333346,28.32638888888889,76.78472222222223,24.6,26.0,25.2,58.0,37.8,28.5,33.7,89.0
2016-08-30,0,26.43055555555555,25.45625,25.79791666666668,72.13194444444444,20.8,23.8,21.6,48.0,37.4,27.8,32.9,90.0
2016-08-31,0,27.80069444444446,25.302777777777774,26.375,72.375,19.0,22.8,20.0,45.0,40.3,31.9,33.8,93.0
2016-09-01,0,28.58819444444444,26.42847222222223,27.036805555555574,81.47222222222223,22.2,24.5,22.8,57.0,41.5,28.7,34.2,97.0
2016-09-02,0,29.063194444444452,26.612500000000004,27.363888888888887,79.08333333333333,20.9,24.3,21.9,57.0,39.4,28.9,34.8,95.0
2016-09-03,0,29.886805555555558,27.25625000000001,28.333333333333353,78.5138888888889,24.1,25.8,24.5,58.0,41.4,29.1,36.4,98.0
2016-09-04,0,29.32083333333333,27.472222222222246,28.24375,82.1875,22.9,26.2,23.8,63.0,39.5,29.1,34.3,96.0
2016-09-05,0,26.37083333333333,26.54583333333333,26.16944444444445,92.4375,22.5,25.4,23.4,77.0,34.3,27.6,30.5,100.0
2016-09-06,0,27.81666666666667,26.884027777777767,27.136805555555554,91.90972222222223,24.4,26.0,24.9,67.0,40.3,28.2,34.6,100.0
2016-09-07,0,28.222222222222214,27.02152777777778,27.50208333333333,89.10416666666669,23.7,26.0,24.5,71.0,36.3,28.1,31.7,100.0
2016-09-08,0,26.283333333333346,26.476388888888888,26.020138888888887,92.95138888888887,22.5,25.1,23.3,78.0,33.9,27.4,30.4,100.0
2016-09-09,0,27.260416666666657,25.584027777777766,25.83055555555556,76.4861111111111,21.2,24.2,22.1,58.0,40.2,27.8,33.2,90.0
2016-09-10,0,26.830555555555573,25.11111111111111,25.295138888888875,83.59722222222223,19.4,23.1,20.3,60.0,40.7,27.2,32.6,100.0
2016-09-11,0,26.73125,25.583333333333343,25.792361111111113,87.28472222222223,21.5,24.2,22.4,65.0,38.6,27.1,31.9,100.0
2016-09-12,0,26.906249999999996,25.796527777777772,26.088888888888878,87.56944444444444,23.5,25.0,24.0,74.0,40.0,26.9,30.2,100.0
2016-09-13,0,26.60416666666667,25.73680555555555,25.909722222222214,94.88888888888887,22.9,24.6,23.4,85.0,33.5,26.7,29.2,100.0
2016-09-14,0,26.375,25.8798611111111,26.019444444444442,91.26388888888887,23.2,25.2,23.9,70.0,36.1,26.9,30.9,100.0
2016-09-15,0,25.4075,25.148749999999986,25.070000000000004,90.4875,22.5,24.6,23.3,73.0,31.3,25.8,28.4,100.0
2016-09-16,0,25.548611111111132,25.07986111111111,25.130555555555567,90.75694444444444,23.1,24.5,23.6,73.0,33.4,26.1,29.1,100.0
2016-09-17,0,26.823611111111106,25.492361111111112,26.090277777777768,88.90277777777777,22.3,24.1,23.0,67.0,35.0,27.2,31.5,100.0
2016-09-18,0,25.309027777777786,25.460416666666656,25.42083333333332,97.46527777777777,23.9,25.2,24.2,86.0,27.4,25.8,26.7,100.0
2016-09-19,0,27.233333333333334,25.878472222222218,26.48680555555556,87.8611111111111,22.3,24.3,23.0,64.0,37.5,28.1,33.5,100.0
2016-09-20,0,23.452777777777772,24.41319444444445,23.564583333333346,92.13194444444444,20.9,23.4,21.8,79.0,28.2,25.4,26.4,100.0
2016-09-21,1,23.66875,23.19375000000001,23.230555555555572,86.77777777777777,20.6,20.6,20.6,61.0,32.2,25.2,28.5,100.0
2016-09-22,1,22.84930555555555,23.00277777777779,22.869444444444433,96.32638888888887,20.4,20.4,20.4,79.0,29.9,27.8,28.6,100.0
2016-09-23,1,23.722222222222207,23.720138888888858,23.535416666666656,97.68055555555556,22.2,23.2,22.6,80.0,30.2,24.5,27.0,100.0
2016-09-24,1,22.18541666666667,23.131249999999977,22.23125000000001,98.57638888888887,19.8,22.3,20.5,89.0,27.1,23.6,24.4,100.0
2016-09-25,1,24.697222222222226,23.26458333333333,23.521527777777795,86.11805555555556,18.7,21.5,19.4,62.0,36.6,25.5,29.5,100.0
2016-09-26,1,26.053472222222204,24.4138888888889,25.24722222222222,88.03472222222223,20.9,22.6,21.6,62.0,36.1,26.9,32.1,100.0
2016-09-27,1,27.23541666666668,25.515277777777772,26.457638888888887,86.14583333333331,21.6,23.5,22.1,48.0,39.2,34.2,35.4,100.0
2016-09-28,1,25.74861111111112,25.339583333333334,25.540972222222226,95.88194444444444,23.8,24.7,24.3,81.0,32.9,26.3,29.3,100.0
2016-09-29,1,25.9625,25.17013888888888,25.43333333333333,84.6736111111111,21.2,23.2,21.7,58.0,36.8,27.4,33.6,100.0
2016-09-30,1,22.86805555555557,23.00833333333333,22.73472222222219,78.2986111111111,18.5,21.9,19.3,69.0,30.5,24.4,26.7,86.0
2016-10-01,1,24.55694444444445,23.722222222222232,24.14861111111113,86.14583333333331,21.4,22.5,21.7,71.0,31.5,25.5,29.4,98.0
2016-10-02,1,25.77291666666666,25.237500000000008,25.680555555555557,85.86805555555556,22.6,23.4,22.9,56.0,34.5,33.5,34.6,99.0
2016-10-03,1,23.790972222222226,24.072222222222205,23.74374999999999,93.63194444444444,20.9,23.0,21.4,76.0,28.8,27.5,27.7,100.0
2016-10-04,1,25.31250000000001,24.257638888888888,24.54999999999999,85.9236111111111,19.9,22.7,20.7,60.0,38.0,27.2,32.1,100.0
2016-10-05,1,24.077777777777783,23.611805555555573,23.867361111111123,89.9861111111111,19.3,22.1,19.9,65.0,31.4,25.0,29.2,100.0
2016-10-06,1,25.30416666666667,23.972916666666666,24.24305555555555,73.49305555555556,18.2,21.5,19.2,39.0,41.6,35.0,34.2,100.0
2016-10-07,1,23.362500000000008,22.47569444444445,22.42152777777777,74.03472222222223,17.6,20.7,18.3,50.0,38.0,25.4,29.3,94.0
2016-10-08,1,24.480555555555547,23.39236111111111,24.0875,86.79166666666669,20.4,21.8,20.9,65.0,35.2,25.1,30.4,100.0
2016-10-09,1,21.84305555555556,22.667361111111102,21.97986111111112,83.97222222222223,16.0,19.9,17.1,61.0,29.6,24.3,26.5,100.0
2016-10-10,1,20.38125,20.650694444444454,19.870833333333334,80.34722222222223,15.0,19.2,16.0,53.0,31.0,22.4,25.7,100.0
2016-10-11,1,21.004166666666666,20.73055555555555,20.538194444444443,82.19444444444444,15.1,18.1,16.0,42.0,32.7,32.6,32.4,100.0
2016-10-12,1,21.252777777777773,21.959722222222208,21.334722222222226,74.25694444444444,13.9,15.1,14.9,26.0,34.4,35.0,34.1,100.0
2016-10-13,1,17.915972222222212,19.13125,17.737500000000008,86.77083333333331,12.7,17.5,13.6,53.0,28.9,23.6,24.0,100.0
2016-10-14,1,18.294444444444448,19.17361111111112,18.048611111111114,86.59722222222223,13.6,17.8,14.3,58.0,28.5,21.0,24.8,100.0
2016-10-15,1,19.24791666666666,19.455555555555552,18.782638888888886,79.83333333333333,12.4,16.8,13.1,33.0,32.2,31.9,31.8,100.0
2016-10-16,1,20.997222222222234,19.598611111111094,19.993749999999988,74.19444444444444,13.0,17.2,13.8,43.0,36.6,22.7,29.4,98.0
2016-10-17,1,19.681250000000013,20.13888888888888,19.68125,94.5625,17.8,19.6,18.0,77.0,24.1,20.8,22.2,100.0
2016-10-18,1,22.677777777777766,21.197222222222205,21.802083333333343,88.0486111111111,16.1,19.1,16.7,54.0,37.1,24.0,29.9,100.0
2016-10-19,1,22.165972222222212,21.69375,21.89097222222223,90.91666666666669,17.0,19.8,17.6,61.0,31.8,23.9,29.1,100.0
2016-10-20,1,22.29375,21.781944444444452,21.85,84.66666666666667,17.3,20.2,18.0,49.0,33.8,24.2,29.5,100.0
2016-10-21,1,18.93194444444445,19.925,18.90347222222223,83.08333333333333,14.4,18.5,15.2,54.0,27.7,21.6,25.1,100.0
2016-10-22,1,19.472916666666656,19.8826388888889,19.340277777777782,91.38888888888887,15.2,18.5,15.8,59.0,27.1,21.1,24.6,100.0
2016-10-23,1,19.418055555555554,19.92708333333335,19.28125,89.25,14.7,18.7,15.6,65.0,26.5,21.5,24.7,100.0
2016-10-24,1,16.769444444444446,18.358333333333327,16.766666666666666,83.40972222222223,12.1,16.6,12.9,48.0,26.0,19.9,23.5,100.0
2016-10-25,1,15.759027777777774,17.159722222222246,15.829166666666673,93.61111111111113,11.8,16.0,12.4,77.0,20.5,18.0,19.0,100.0
2016-10-26,1,21.251388888888886,19.749305555555555,20.62777777777778,90.61805555555556,14.6,17.6,15.1,63.0,31.6,22.0,27.2,100.0
2016-10-27,1,19.44097222222221,19.78263888888889,19.20833333333333,80.84722222222223,13.3,15.8,14.0,46.0,30.9,26.0,28.1,100.0
2016-10-28,1,17.299305555555566,17.911805555555578,17.413888888888867,98.93055555555556,13.4,15.8,14.1,87.0,19.5,18.9,18.9,100.0
2016-10-29,1,19.843750000000004,19.52847222222223,19.387500000000017,81.60416666666667,13.9,17.7,14.7,48.0,30.7,23.1,27.7,100.0
2016-10-30,1,16.15069444444445,17.493055555555557,15.829861111111109,79.27777777777777,11.2,15.8,11.9,40.0,26.8,19.6,23.0,99.0
2016-10-31,1,16.78055555555557,17.040277777777778,16.265277777777786,86.75694444444444,10.9,15.1,11.4,53.0,26.3,19.0,22.6,100.0
2016-11-01,1,16.984027777777786,17.522222222222215,16.427083333333336,85.83333333333333,11.3,16.0,12.0,56.0,30.3,20.2,25.5,100.0
2016-11-02,1,15.402083333333335,16.441666666666652,15.15763888888889,90.29861111111113,10.9,15.1,11.5,65.0,23.7,17.9,20.2,100.0
2016-11-03,1,15.86597222222222,16.585416666666667,15.368749999999993,83.18055555555556,9.8,14.6,10.4,51.0,29.9,19.7,25.6,100.0
2016-11-04,1,14.600694444444445,15.40486111111111,13.777777777777775,82.65277777777777,8.3,13.5,9.0,41.0,27.3,18.1,22.2,100.0
2016-11-05,1,14.43819444444444,15.115277777777786,13.826388888888884,85.39583333333333,7.1,12.7,7.9,45.0,26.9,18.0,22.8,100.0
2016-11-06,1,16.19027777777777,15.911805555555565,15.63958333333334,87.8263888888889,8.8,13.8,9.3,52.0,28.2,19.1,25.1,100.0
2016-11-07,1,15.593055555555562,15.750694444444447,14.795138888888891,87.36805555555556,8.7,13.7,9.3,54.0,24.4,17.4,20.1,100.0
2016-11-08,1,15.907638888888895,16.235416666666666,15.665277777777774,96.53472222222223,11.3,14.8,11.6,72.0,22.3,17.5,20.2,100.0
2016-11-09,1,13.482638888888884,15.264583333333333,13.129166666666675,85.14583333333333,6.5,12.6,7.3,51.0,26.5,18.3,22.8,100.0
2016-11-10,1,11.37125,13.072500000000002,11.185,97.3375,6.2,12.0,6.8,87.0,20.3,15.4,17.7,100.0
2016-11-16,1,14.979861111111115,15.786111111111117,14.199305555555561,87.39583333333331,8.2,13.7,9.0,49.0,26.5,18.0,21.4,100.0
2016-11-17,1,14.131944444444445,15.162500000000005,13.740972222222226,89.71527777777777,8.4,13.0,8.5,55.0,24.7,17.7,22.0,100.0
2016-11-18,1,15.865277777777786,15.57777777777778,15.009722222222226,91.20833333333331,9.6,13.8,9.9,59.0,27.1,17.8,23.0,100.0
2016-11-19,1,16.07708333333333,16.181250000000006,15.834027777777774,99.47916666666669,13.9,15.4,13.9,92.0,22.8,17.5,20.6,100.0
2016-11-20,1,18.009027777777764,17.181944444444447,17.431944444444447,94.25,12.7,15.4,12.8,70.0,27.3,19.2,23.8,100.0
2016-11-21,1,16.588888888888878,16.935416666666665,16.378472222222225,96.80555555555556,13.1,15.9,13.4,77.0,21.8,17.9,20.2,100.0
2016-11-22,1,17.829166666666676,17.576388888888893,17.43055555555555,93.625,13.3,16.4,13.6,62.0,26.0,19.5,23.6,100.0
2016-11-23,1,15.315972222222221,16.425694444444446,15.129166666666675,93.03472222222223,12.5,15.4,12.7,58.0,21.9,17.7,19.9,100.0
2016-11-24,1,12.957638888888885,15.001388888888886,12.668055555555561,97.8125,7.6,12.9,7.5,73.0,24.6,17.4,21.9,100.0
2016-11-25,1,12.374999999999995,13.641666666666666,11.643055555555554,87.90277777777777,6.9,11.8,6.7,57.0,22.0,15.6,18.2,100.0
2016-11-26,1,14.895138888888885,14.677777777777779,14.348611111111113,83.2638888888889,10.2,13.1,10.6,48.0,23.7,16.4,20.7,100.0
2016-11-27,1,16.493055555555557,15.99166666666667,16.026388888888892,96.27083333333331,14.4,15.2,14.4,77.0,25.0,17.3,21.7,100.0
2016-11-28,1,16.077777777777776,16.218749999999993,15.825694444444453,89.0,13.4,15.4,13.7,62.0,24.0,17.6,21.7,100.0
2016-11-29,1,16.124305555555562,16.035416666666666,15.72916666666666,83.34722222222223,13.4,15.2,13.7,56.0,23.9,17.9,21.9,93.0
2016-11-30,1,15.340277777777768,15.719444444444466,14.862500000000008,89.3611111111111,13.3,15.2,13.4,61.0,21.2,16.6,19.2,100.0
2016-12-01,1,16.013194444444434,15.865972222222213,15.55625,94.29166666666669,13.4,15.2,13.4,69.0,23.3,16.8,20.2,100.0
2016-12-02,1,15.411111111111113,15.782638888888904,15.179166666666667,84.36805555555556,13.1,15.2,13.4,49.0,21.0,16.9,19.7,100.0
2016-12-03,1,15.80972222222223,15.69444444444444,15.174305555555547,80.84722222222223,12.9,15.0,13.1,50.0,24.1,17.3,20.9,93.0
2016-12-04,1,16.380555555555542,16.06527777777778,15.8451388888889,88.24305555555556,13.0,14.9,13.0,67.0,24.8,17.8,21.6,100.0
2016-12-05,1,16.389583333333327,16.37430555555555,16.03541666666667,90.98611111111113,13.6,15.5,13.8,57.0,22.9,17.8,21.0,100.0
2016-12-06,1,15.702777777777774,16.065277777777773,15.429861111111116,84.55555555555556,13.2,15.5,13.5,52.0,23.6,17.4,21.8,99.0
2016-12-07,1,15.499305555555553,15.782638888888865,15.193749999999998,78.44444444444444,13.0,15.1,13.2,48.0,22.6,17.0,20.8,90.0
2016-12-08,1,15.168749999999996,15.430555555555573,14.683333333333335,76.30555555555556,12.4,14.8,12.6,48.0,21.7,16.8,19.0,90.0
2016-12-09,1,15.966666666666667,15.45000000000001,15.228472222222221,82.65277777777777,12.9,14.7,12.8,56.0,22.7,16.8,20.1,95.0
2016-12-10,1,15.613888888888885,15.653472222222225,15.28611111111111,79.81944444444444,13.1,15.2,13.6,50.0,22.0,17.0,19.8,94.0
2016-12-11,1,15.643749999999995,15.63125000000002,15.366666666666667,76.81944444444444,13.1,15.1,13.5,55.0,21.9,16.9,20.3,88.0
2016-12-12,1,15.392361111111116,15.581249999999995,15.165277777777774,78.72916666666667,13.4,15.0,13.4,60.0,21.6,16.7,19.2,89.0
2016-12-13,1,14.670138888888893,15.340972222222224,14.408333333333333,89.93055555555556,13.3,15.0,13.3,82.0,17.8,16.0,16.9,98.0
2016-12-14,1,15.560416666666674,15.491666666666658,15.061805555555551,81.34027777777777,13.1,15.2,13.2,51.0,22.3,16.6,19.4,100.0
2016-12-15,1,15.097916666666665,15.29930555555557,14.830555555555554,75.09722222222223,13.0,14.8,12.9,48.0,19.0,16.0,17.7,87.0
2016-12-16,1,14.986111111111102,15.281944444444449,14.663888888888886,79.6111111111111,12.6,14.8,13.0,49.0,21.0,16.5,19.1,97.0
2016-12-17,1,14.978472222222221,14.963194444444444,14.545138888888891,76.9375,12.3,14.4,12.5,54.0,21.7,16.2,19.3,87.0
2016-12-18,1,15.882638888888884,15.563194444444466,15.491666666666678,80.30555555555556,12.6,14.5,12.9,59.0,23.8,17.5,21.8,88.0
2016-12-19,1,15.956249999999994,15.85555555555557,15.480555555555556,81.74305555555556,13.0,15.1,13.3,59.0,24.2,17.4,22.2,95.0
2016-12-20,1,15.393055555555556,15.681250000000013,15.123611111111117,85.2986111111111,12.9,15.1,13.1,75.0,20.5,17.0,19.3,91.0
2016-12-21,1,16.112499999999994,15.947222222222226,15.605555555555556,80.4375,12.6,15.2,12.8,57.0,24.0,17.5,21.9,91.0
2016-12-22,0,15.884027777777774,15.962499999999993,15.717361111111117,93.72222222222223,13.3,15.2,13.5,85.0,20.2,16.7,18.8,100.0
2016-12-23,0,15.658333333333326,16.27569444444446,15.525000000000004,89.39583333333331,13.9,15.7,14.0,63.0,20.4,17.1,18.8,100.0
2016-12-24,0,15.86319444444445,16.094444444444434,15.61874999999999,79.38194444444444,13.7,15.5,13.9,53.0,22.6,17.5,20.9,87.0
2016-12-25,0,15.713194444444447,15.968750000000005,15.365972222222226,77.8888888888889,12.8,15.2,13.0,51.0,21.5,17.2,19.7,87.0
2016-12-26,0,15.66875,15.834027777777774,15.112500000000002,82.00694444444444,12.6,15.0,12.7,62.0,22.8,17.5,20.9,92.0
2016-12-27,0,15.744444444444444,16.050694444444456,15.572916666666671,90.91666666666669,13.4,15.3,13.5,80.0,23.6,17.8,21.6,100.0
2016-12-28,0,16.6625,16.503472222222214,16.48958333333333,79.56944444444444,13.0,15.3,13.3,64.0,27.8,19.3,25.8,85.0
2016-12-29,0,16.72708333333334,16.55624999999999,16.440277777777773,81.9513888888889,13.0,15.5,13.4,65.0,28.8,19.4,26.5,89.0
2016-12-30,0,16.95138888888889,16.38680555555556,16.690277777777787,80.77083333333333,13.2,15.5,13.3,73.0,29.0,19.0,26.9,87.0
2016-12-31,0,17.22083333333334,16.65555555555555,16.89930555555556,80.34722222222223,13.0,15.3,13.3,67.0,29.6,19.6,27.2,88.0
2017-01-01,0,16.985416666666666,16.738194444444446,16.475694444444443,80.25,13.1,15.5,13.3,64.0,28.4,19.4,25.6,88.0
2017-01-02,0,17.097222222222214,16.82083333333334,16.623611111111117,80.24305555555556,12.9,15.5,13.1,51.0,29.9,19.8,27.0,90.0
2017-01-03,0,16.7236111111111,16.781944444444438,16.353472222222212,85.125,13.4,15.8,13.6,58.0,29.5,19.2,27.2,93.0
2017-01-04,0,16.847916666666666,16.81736111111112,16.47500000000001,82.30555555555556,13.1,15.7,13.4,66.0,26.5,19.3,24.8,90.0
2017-01-05,0,16.586111111111116,16.8125,16.433333333333348,80.50694444444444,13.5,15.9,13.8,56.0,27.8,19.1,26.1,87.0
2017-01-06,0,15.43958333333334,16.27291666666666,15.378472222222225,81.52083333333333,12.9,15.6,12.8,74.0,21.0,17.6,19.7,90.0
2017-01-07,0,17.020833333333336,16.654861111111103,16.673611111111107,80.90972222222223,12.3,15.4,12.6,49.0,30.6,20.1,28.5,94.0
2017-01-08,0,14.326388888888891,15.780555555555544,14.34930555555556,86.5,13.2,15.6,13.2,80.0,15.3,16.1,15.2,91.0
2017-01-09,0,16.847916666666666,16.624305555555562,16.570833333333326,84.25,13.5,15.6,13.7,70.0,26.4,19.1,24.8,90.0
2017-01-10,0,16.29875,16.012500000000006,15.714999999999998,79.875,13.5,15.7,13.6,54.0,24.8,17.1,22.4,88.0
2017-01-14,0,13.813194444444449,14.334027777777779,12.632638888888891,99.5,12.4,13.7,11.1,89.0,21.3,15.1,19.4,100.0
2017-01-15,0,15.492361111111116,14.58888888888889,13.936805555555566,93.04166666666669,12.3,13.5,10.9,62.0,24.7,17.1,22.7,100.0
2017-01-16,0,16.053472222222226,14.584027777777779,14.309722222222216,93.58333333333331,12.3,13.7,10.9,65.0,26.7,16.4,21.9,100.0
2017-01-17,0,16.953472222222214,15.11597222222222,14.984027777777774,91.45138888888887,12.3,13.5,10.7,55.0,29.5,18.0,25.4,100.0
2017-01-18,0,17.524999999999995,15.624999999999993,15.640972222222226,91.89583333333331,12.4,13.9,10.9,60.0,31.1,18.8,27.4,100.0
2017-01-19,0,16.138888888888896,15.382638888888884,14.658333333333335,96.53472222222223,12.5,14.6,11.8,66.0,26.7,17.3,23.3,100.0
2017-01-20,0,15.61458333333333,15.115277777777774,14.545833333333334,97.29166666666669,12.5,14.1,11.6,73.0,30.9,16.8,25.5,100.0
2017-01-21,0,17.349305555555542,15.595138888888895,15.600694444444438,90.77083333333331,12.4,14.0,11.4,56.0,28.8,18.7,27.1,100.0
2017-01-22,0,16.154861111111103,15.474305555555553,14.814583333333333,94.98611111111113,12.5,14.1,11.3,67.0,30.7,18.0,24.1,100.0
2017-01-23,0,16.30069444444446,15.374305555555551,14.804861111111116,92.64583333333331,12.2,14.1,11.1,52.0,27.9,18.3,27.5,100.0
2017-01-24,0,16.865972222222222,14.900694444444447,14.739583333333329,91.47222222222223,12.1,6.4,10.4,64.0,30.6,21.9,25.9,100.0
2017-01-25,0,17.44861111111112,15.01041666666666,15.184027777777779,90.45138888888887,12.2,11.9,10.6,62.0,31.6,22.1,25.8,100.0
2017-01-26,0,17.38958333333334,15.412499999999998,15.514583333333334,91.33333333333331,12.2,12.2,10.8,60.0,31.2,23.8,26.9,100.0
2017-01-27,0,17.120138888888892,15.663194444444445,15.738194444444439,95.36111111111113,12.3,12.6,11.1,64.0,29.9,20.3,25.4,100.0
2017-01-28,0,18.29513888888889,15.782638888888883,16.38958333333333,90.72916666666669,12.4,12.9,11.5,54.0,31.2,21.0,27.0,100.0
2017-01-29,0,17.420138888888893,15.899305555555562,15.956944444444435,95.88194444444444,12.3,13.1,11.2,66.0,30.1,20.8,25.4,100.0
2017-01-30,0,15.52291666666667,15.144444444444435,14.662499999999998,96.99305555555556,12.5,13.5,11.9,66.0,27.9,20.6,24.9,100.0
2017-01-31,0,17.698611111111106,15.342361111111119,15.382638888888895,90.20138888888887,12.1,12.3,10.4,61.0,31.3,21.5,26.7,100.0
2017-02-01,0,16.76388888888889,14.770833333333336,15.03958333333333,93.625,12.2,12.1,10.8,65.0,28.7,19.1,23.5,100.0
2017-02-02,0,17.286805555555567,15.400694444444454,15.236805555555554,90.20833333333331,12.0,12.6,10.9,60.0,30.1,19.3,24.9,100.0
2017-02-03,0,17.831249999999994,16.021527777777766,16.04513888888889,89.00694444444444,12.2,14.2,11.4,52.0,30.4,19.3,27.9,100.0
2017-02-04,0,18.16736111111112,15.997222222222224,16.348611111111108,87.9861111111111,11.9,12.5,11.0,53.0,31.2,18.8,26.6,100.0
2017-02-05,1,13.49375,14.972222222222221,12.898611111111114,99.97916666666669,12.2,14.8,11.6,98.0,15.0,15.4,13.9,100.0
2017-02-06,1,16.519444444444453,15.621527777777779,15.422916666666666,93.57638888888887,12.3,14.6,11.9,60.0,27.3,17.7,25.0,100.0
2017-02-07,1,16.926388888888887,15.256250000000005,15.081250000000004,91.23611111111113,11.9,12.4,11.2,59.0,29.5,17.3,24.5,100.0
2017-02-08,1,17.392361111111104,15.699305555555556,15.61805555555556,90.77083333333331,11.9,14.3,11.1,63.0,29.8,18.0,25.4,100.0
2017-02-09,1,14.647916666666665,15.115972222222226,13.895833333333329,99.21527777777777,12.2,14.1,11.7,93.0,20.2,16.1,18.3,100.0
2017-02-10,1,16.974305555555542,15.753472222222221,15.438194444444438,89.1875,12.2,14.0,11.6,57.0,31.0,19.2,24.9,100.0
2017-02-11,1,16.384722222222226,15.28611111111111,14.934722222222216,91.88888888888887,12.1,12.1,11.5,60.0,29.9,18.4,24.2,100.0
2017-02-12,1,17.42986111111111,15.977083333333335,15.819444444444434,87.24305555555556,12.0,13.9,11.4,56.0,31.7,19.6,25.3,100.0
2017-02-13,1,17.893749999999994,16.206250000000004,16.10347222222222,84.80555555555556,11.9,14.0,11.4,42.0,32.1,19.6,26.5,100.0
2017-02-14,1,17.735416666666673,16.75902777777779,16.260416666666668,83.3611111111111,11.9,13.0,11.1,50.0,30.9,23.0,26.1,100.0
2017-02-15,1,18.14375,16.659722222222225,16.615277777777774,80.20833333333333,12.0,12.9,11.2,42.0,31.4,23.2,28.1,100.0
2017-02-16,1,18.28541666666666,16.567361111111108,16.952083333333324,84.13194444444444,12.1,13.1,11.2,47.0,29.6,22.8,27.0,100.0
2017-02-17,1,14.42847222222222,15.535416666666643,14.25902777777778,98.30555555555556,12.3,14.9,12.4,90.0,21.3,16.6,19.5,100.0
2017-02-18,1,18.302777777777788,16.904861111111117,17.27152777777777,87.5138888888889,12.3,14.7,12.5,39.0,29.7,19.8,26.4,100.0
2017-02-19,1,18.22916666666667,16.99236111111112,16.938194444444445,83.38194444444444,12.1,14.9,12.0,40.0,31.1,20.2,25.9,100.0
2017-02-20,1,16.61319444444444,16.629166666666666,15.999305555555555,95.40972222222223,12.4,15.2,12.8,76.0,26.8,18.8,23.4,100.0
2017-02-21,1,17.59166666666667,16.60902777777778,16.240277777777774,82.125,12.0,13.8,11.8,37.0,29.9,21.8,26.3,100.0
2017-02-22,1,17.802777777777774,15.916666666666671,16.413888888888884,88.59722222222223,11.9,13.2,11.4,47.0,28.2,19.0,24.5,100.0
2017-02-23,1,16.020138888888898,16.309027777777768,15.68125,98.77083333333331,12.6,15.5,13.0,92.0,23.3,17.8,20.7,100.0
2017-02-24,1,18.322916666666668,16.85208333333333,16.999305555555562,81.9513888888889,12.1,14.8,12.2,36.0,30.7,19.8,25.6,100.0
2017-02-25,1,18.599305555555546,16.47986111111111,17.034722222222214,85.1875,12.0,13.6,11.9,46.0,32.0,19.4,26.0,100.0
2017-02-26,1,18.254861111111108,17.13125,17.266666666666662,84.06944444444444,12.1,14.7,11.5,42.0,30.6,20.3,26.0,100.0
2017-02-27,1,19.48750000000001,17.86319444444445,18.427777777777766,82.85416666666667,12.2,15.2,12.3,42.0,35.4,21.3,32.2,100.0
2017-02-28,1,18.56180555555555,17.954166666666655,17.950694444444455,84.61805555555556,12.2,15.8,12.8,45.0,31.7,21.3,28.4,100.0
2017-03-01,1,17.901388888888896,17.635416666666668,17.37569444444445,89.5625,12.2,15.5,12.4,57.0,30.7,21.0,27.0,100.0
2017-03-02,1,14.74861111111111,16.253472222222225,14.627777777777784,97.71527777777777,12.6,15.7,13.0,89.0,25.5,17.7,20.9,100.0
2017-03-03,1,18.609722222222214,17.236805555555556,17.606944444444448,78.7986111111111,12.1,15.1,12.3,27.0,31.4,20.2,26.9,100.0
2017-03-04,0,18.702083333333327,17.574305555555554,17.630555555555546,81.68055555555556,12.1,15.1,12.2,39.0,31.3,20.7,27.5,100.0
2017-03-05,0,18.609722222222224,17.83541666666667,17.828472222222217,88.35416666666669,12.2,15.5,12.1,47.0,30.9,20.9,28.1,100.0
2017-03-06,0,14.961111111111105,16.603472222222226,14.816666666666665,97.44444444444444,12.6,15.8,12.9,87.0,21.6,17.3,19.3,100.0
2017-03-07,0,17.406944444444438,16.852777777777778,16.43541666666666,84.52083333333333,12.1,15.2,12.1,44.0,30.5,19.8,25.1,100.0
2017-03-08,0,17.290277777777774,16.766666666666662,16.306249999999995,84.10416666666667,12.0,15.0,11.8,31.0,29.7,19.6,26.2,100.0
2017-03-09,0,18.89375,17.50625,17.834027777777788,80.27777777777777,12.0,14.9,11.8,43.0,33.3,21.1,29.2,100.0
2017-03-10,0,18.50125,16.678749999999994,17.16,83.25,12.2,15.4,12.1,43.0,33.2,20.2,29.0,100.0
2017-05-12,0,21.683333333333334,21.845138888888908,22.10833333333333,71.9513888888889,14.0,16.2,14.1,37.0,30.4,29.8,30.7,100.0
2017-05-13,0,18.240972222222226,18.95486111111111,18.417361111111113,92.52777777777777,16.4,17.0,16.6,79.0,21.5,21.4,22.1,100.0
2017-05-14,0,21.715277777777786,22.23194444444445,22.46388888888889,81.5138888888889,14.7,17.3,14.8,46.0,31.5,28.2,33.1,100.0
2017-05-15,0,21.413888888888884,22.072222222222226,21.016666666666676,84.52777777777777,16.7,19.2,7.5,52.0,30.8,26.1,31.3,100.0
2017-05-16,0,19.39444444444445,20.122916666666672,19.469444444444434,65.95833333333333,14.3,16.8,11.8,30.0,28.6,25.4,32.8,100.0
2017-05-17,0,19.40555555555555,20.185416666666672,19.71597222222222,81.89583333333333,13.7,16.7,13.8,44.0,26.3,23.5,27.2,100.0
2017-05-18,0,21.534722222222232,22.23541666666666,22.376388888888894,74.0763888888889,14.3,17.2,14.3,23.0,31.7,30.8,33.8,100.0
2017-05-19,0,22.515972222222217,22.675694444444453,22.53263888888889,78.27083333333333,14.6,18.0,14.6,21.0,33.8,31.3,35.6,100.0
2017-05-20,0,23.346527777777766,22.840972222222234,23.448611111111113,70.7361111111111,14.4,18.0,14.3,27.0,33.0,30.8,35.0,100.0
2017-05-21,0,24.82569444444445,23.88402777777778,24.87013888888889,69.34027777777777,15.9,18.9,15.5,29.0,36.4,31.8,38.5,98.0
2017-05-22,0,23.690277777777773,23.684722222222227,23.92916666666666,74.2986111111111,16.8,19.9,16.7,34.0,32.3,29.8,34.3,100.0
2017-05-23,0,23.7375,23.538888888888877,23.33958333333333,77.02777777777777,16.4,19.6,8.2,33.0,32.6,30.1,35.0,100.0
2017-05-24,0,23.231250000000006,23.484722222222214,21.92638888888888,76.2986111111111,17.7,20.3,9.0,44.0,31.0,30.8,31.8,100.0
2017-05-25,0,21.40694444444445,21.826388888888893,21.543055555555554,90.25694444444444,19.7,19.7,19.8,71.0,26.2,24.2,26.5,100.0
2017-05-26,0,22.31944444444445,22.55555555555557,22.349305555555553,91.47916666666669,16.6,20.4,16.7,58.0,32.8,30.9,32.1,100.0
2017-05-27,0,22.286111111111108,22.016666666666666,23.62708333333333,59.1875,15.1,16.4,15.0,25.0,32.8,30.9,36.7,97.0
2017-05-28,0,22.761111111111088,21.97013888888889,23.80416666666667,60.41666666666666,13.3,13.3,13.2,26.0,34.6,31.9,38.2,94.0
2017-05-29,0,23.015972222222214,22.45555555555556,23.411805555555574,69.95833333333333,14.3,18.2,14.1,33.0,32.6,27.6,35.2,100.0
2017-05-30,0,23.9625,23.065277777777787,24.17916666666667,73.65972222222223,15.9,19.6,15.7,34.0,35.6,27.4,35.6,100.0
2017-05-31,0,24.46875000000001,23.94374999999999,25.17222222222223,85.9513888888889,20.7,22.3,20.0,58.0,31.9,26.3,32.6,100.0
2017-06-01,0,24.30694444444444,23.899305555555557,24.24097222222223,82.15277777777777,19.7,22.0,18.0,46.0,33.5,27.4,37.4,100.0
2017-06-02,0,21.84861111111111,22.715277777777782,22.38055555555555,67.97916666666667,16.2,19.8,15.9,24.0,31.3,27.5,35.7,100.0
2017-06-03,0,21.722222222222214,21.743055555555554,21.470138888888897,58.88888888888889,14.4,18.4,14.0,36.0,31.2,26.6,32.2,93.0
2017-06-04,0,22.405555555555548,21.961805555555557,22.6125,55.97916666666666,14.9,18.4,14.6,29.0,33.2,27.5,36.9,85.0
2017-06-05,0,21.202777777777776,21.146527777777774,21.131249999999994,68.79166666666667,11.7,17.4,11.7,33.0,29.7,24.9,33.0,96.0
2017-06-06,0,22.55694444444444,22.195138888888877,22.30208333333334,78.875,15.4,19.2,15.4,44.0,31.2,25.6,32.4,100.0
2017-06-07,0,21.01319444444444,21.28680555555556,20.927777777777788,87.71527777777777,17.4,19.1,17.9,63.0,28.1,24.2,28.9,100.0
2017-06-08,0,20.65,20.925694444444442,20.598611111111115,92.54861111111113,17.5,18.8,17.5,73.0,27.6,23.6,27.1,100.0
2017-06-09,0,23.197916666666657,22.493749999999995,22.814583333333346,81.15972222222223,15.4,19.4,15.6,53.0,32.7,25.7,32.3,100.0
2017-06-10,0,24.95555555555556,22.675694444444453,23.732638888888896,73.6736111111111,15.5,19.2,15.7,41.0,35.1,26.0,33.6,100.0
2017-06-11,0,22.75555555555555,21.56041666666666,21.64444444444443,67.34027777777777,17.9,19.9,17.7,31.0,32.2,23.6,29.2,85.0
2017-06-12,0,22.899305555555557,21.37638888888889,22.027777777777786,61.40972222222222,16.0,18.4,15.9,31.0,34.4,25.5,34.9,100.0
2017-06-13,0,21.879861111111122,21.1375,20.845833333333346,79.7013888888889,13.3,17.7,13.5,38.0,31.7,25.7,32.2,100.0
2017-06-14,0,22.199305555555558,21.48472222222221,20.852083333333336,79.38194444444444,15.5,18.8,5.4,30.0,31.0,25.0,30.3,100.0
2017-06-15,0,23.418749999999985,21.890277777777772,22.65416666666665,74.6111111111111,15.0,18.3,14.8,35.0,32.6,26.2,33.3,100.0
2017-06-16,0,24.69375,22.73402777777777,22.874305555555555,71.59722222222223,15.7,18.8,8.8,34.0,35.3,28.0,36.5,100.0
2017-06-17,0,24.040972222222234,22.831250000000008,23.763194444444462,68.77083333333333,16.0,19.0,16.1,41.0,33.7,27.1,34.0,88.0
2017-06-18,0,21.61041666666665,22.02430555555555,21.38819444444444,85.16666666666667,18.4,20.8,18.5,72.0,26.8,23.4,25.3,98.0
2017-06-19,0,25.26388888888889,23.19652777777777,24.33888888888889,74.3125,17.7,20.2,18.1,37.0,36.5,27.1,33.0,100.0
2017-06-20,0,24.93263888888889,23.67083333333333,24.03749999999999,88.28472222222223,16.7,19.7,16.9,53.0,36.2,27.6,35.2,100.0
2017-06-21,0,22.417361111111106,23.218749999999996,22.445833333333322,95.41666666666669,18.5,21.8,18.7,80.0,29.2,24.8,29.0,100.0
2017-06-22,0,23.759722222222234,22.85902777777777,23.315972222222232,77.04166666666667,19.7,21.3,19.6,46.0,32.8,25.0,31.0,97.0
2017-06-23,0,25.336805555555557,24.046527777777772,24.81944444444445,82.8611111111111,17.9,21.1,18.2,51.0,34.1,27.6,34.1,100.0
2017-06-24,0,25.19236111111111,24.22708333333334,24.82986111111111,82.2361111111111,19.5,22.3,19.6,56.0,33.1,26.6,32.1,100.0
2017-06-25,0,23.150694444444447,23.62291666666666,23.248611111111103,94.13888888888887,20.8,22.8,21.1,76.0,27.1,24.3,26.3,100.0
2017-06-26,0,24.538194444444443,23.511111111111127,23.749305555555548,84.50694444444444,21.3,22.6,21.4,60.0,30.7,24.5,27.9,100.0
2017-06-27,0,24.45972222222223,23.71319444444444,24.018055555555573,90.78472222222223,20.7,22.4,20.5,65.0,32.6,25.7,30.6,100.0
2017-06-28,0,24.309722222222234,24.058333333333344,24.314583333333346,92.85416666666669,21.6,23.1,22.2,66.0,31.4,25.7,29.3,100.0
2017-06-29,0,24.41944444444445,23.940972222222232,24.113888888888887,93.15972222222223,21.2,23.1,21.8,66.0,29.8,25.0,28.0,100.0
2017-06-30,0,24.665972222222226,24.113888888888887,24.547916666666666,95.34722222222223,21.3,23.0,21.8,77.0,30.5,25.6,28.9,100.0
2017-07-01,1,28.02916666666667,25.699305555555554,27.31805555555555,87.5625,22.2,23.6,22.9,58.0,37.6,28.0,34.4,100.0
2017-07-02,1,29.056944444444447,26.695138888888888,28.643055555555566,82.19444444444444,22.9,24.6,23.6,55.0,38.1,29.3,36.6,100.0
2017-07-03,1,30.06805555555556,27.338888888888878,29.136805555555572,80.59722222222223,24.1,25.4,24.6,56.0,38.3,29.4,35.4,100.0
2017-07-04,1,28.677083333333357,27.09513888888889,27.849999999999987,87.47916666666669,24.7,25.9,25.0,64.0,35.8,28.7,34.2,100.0
2017-07-05,1,27.43263888888889,26.363194444444442,27.08402777777779,82.52083333333333,23.3,25.1,23.9,55.0,35.7,28.2,34.6,100.0
2017-07-06,1,27.4375,25.20750000000001,26.36875000000001,76.95,21.3,23.7,21.7,49.0,37.0,28.0,35.5,100.0
2018-05-29,0,23.73333333333332,23.4125,23.292361111111113,86.82847222222217,19.4,21.8,19.2,65.7,31.3,24.8,28.9,100.0
2018-05-30,0,22.12708333333333,23.04513888888888,22.079861111111125,88.19236111111113,19.1,22.0,19.2,72.5,28.9,24.4,28.9,97.9
2018-05-31,0,19.822222222222212,21.659027777777773,19.983333333333327,90.05625000000003,17.9,21.0,18.1,75.1,24.8,22.3,24.6,97.2
2018-06-01,0,24.36944444444444,23.399305555555568,25.287500000000005,66.05416666666667,16.0,20.0,16.1,34.9,35.1,27.4,39.5,95.4
2018-06-02,0,24.21041666666667,24.059722222222234,24.836111111111112,73.2097222222222,16.8,21.2,16.9,40.4,33.5,27.4,36.7,100.0
2018-06-03,0,25.132638888888888,24.731944444444448,25.79930555555555,70.1875,17.3,21.9,17.5,34.5,34.2,28.0,39.1,93.9
2018-06-04,0,25.815972222222218,25.05208333333334,26.226388888888888,69.72569444444447,17.6,22.4,18.0,37.1,34.7,27.9,38.6,91.9
2018-06-05,0,24.540277777777792,24.614583333333343,24.49791666666667,80.25069444444442,18.3,23.0,18.7,43.8,33.8,26.6,35.4,99.8
2018-06-06,0,21.291666666666664,23.13958333333333,20.286111111111094,96.96319444444441,18.0,21.8,14.0,90.4,26.4,24.1,26.4,100.0
2018-06-07,0,23.859027777777783,23.896527777777766,21.77847222222222,87.66736111111109,19.8,22.5,13.9,51.0,32.2,25.8,34.5,100.0
2018-06-08,0,24.19374999999999,24.27083333333334,24.492361111111087,84.33611111111105,18.8,22.4,19.1,53.9,33.2,26.3,35.4,98.5
2018-06-09,0,26.159722222222232,25.14583333333333,25.565972222222232,83.33680555555559,20.1,23.8,20.6,48.1,35.5,27.4,35.8,100.0
2018-06-10,0,23.972916666666652,24.23055555555554,23.65069444444445,86.81875000000008,19.6,23.2,19.9,68.9,30.5,25.2,29.5,100.0
2018-06-11,0,26.19236111111111,24.73333333333334,25.55277777777779,83.74652777777777,22.0,23.4,21.8,62.7,34.7,26.3,33.8,99.8
2018-06-12,0,26.81666666666668,25.46736111111111,26.68263888888889,71.96666666666665,20.2,23.8,20.5,47.9,35.4,27.6,36.9,95.8
2018-06-13,0,24.729861111111113,24.34375000000001,24.284722222222207,71.2708333333334,18.3,22.8,18.7,46.3,34.3,26.0,34.2,87.4
2018-06-14,0,24.44513888888891,24.07986111111111,24.568055555555574,77.14097222222225,17.0,21.9,17.7,52.5,33.2,26.1,33.8,92.5
2018-06-15,0,22.684027777777786,23.943749999999987,22.727083333333344,89.90555555555555,19.9,23.2,20.2,75.1,28.2,24.7,27.0,96.9
2018-06-16,0,22.488194444444442,23.168055555555554,22.398611111111123,81.80624999999998,17.3,21.9,17.6,59.1,31.6,24.8,29.8,97.2
2018-06-17,0,24.361111111111107,23.793750000000006,24.41527777777778,77.32638888888884,16.4,21.4,17.0,51.4,35.2,26.1,34.7,96.1
2018-06-18,0,22.097916666666666,23.27986111111112,21.99791666666666,87.80833333333334,18.6,22.4,19.0,71.1,31.8,24.5,29.1,94.8
2018-06-19,0,23.94444444444445,23.679861111111112,23.511805555555547,90.65555555555555,18.9,22.3,15.2,70.9,34.4,25.5,32.6,100.0
2018-06-20,0,21.94027777777779,23.11527777777782,22.067361111111122,99.28472222222223,19.8,22.6,20.3,96.9,24.7,23.5,24.2,100.0
2018-06-21,0,23.93958333333333,23.650694444444426,23.32708333333333,94.43819444444449,19.3,22.2,19.9,77.1,30.3,24.7,27.8,100.0
2018-06-22,0,25.606250000000006,24.036805555555553,24.73888888888891,82.9055555555556,17.0,21.5,17.3,54.3,34.5,26.4,33.6,100.0
2018-06-23,0,20.96111111111111,22.697222222222237,21.140972222222224,96.14027777777778,18.7,21.1,19.2,81.0,25.4,23.6,25.4,100.0
2018-06-24,0,24.63125,23.89305555555556,24.84513888888888,86.21666666666663,18.5,21.5,18.8,58.9,34.5,26.4,34.8,100.0
2018-06-25,0,27.705555555555566,25.586111111111112,27.196527777777792,81.79930555555555,19.7,22.8,20.2,55.3,38.3,28.5,37.6,100.0
2018-06-26,0,27.91041666666667,26.446527777777767,27.415277777777785,87.88680555555555,22.1,24.6,22.6,64.2,38.4,28.8,37.6,100.0
2018-06-27,0,28.18888888888889,26.60972222222221,27.15625,91.56527777777771,23.6,24.4,23.8,73.3,38.4,28.4,34.1,100.0
2018-06-28,0,28.992361111111123,27.234027777777772,28.11944444444445,89.58263888888891,24.1,25.9,24.4,66.4,40.2,29.5,37.2,100.0
2018-06-29,0,28.83819444444445,27.42708333333333,28.07152777777777,90.87430555555555,24.7,26.2,25.1,75.9,37.7,28.9,33.9,100.0
2018-06-30,0,28.985416666666666,27.70486111111111,27.939583333333346,95.24722222222216,25.2,26.6,25.5,71.1,38.3,29.1,37.0,100.0
2018-07-01,0,30.10625000000001,28.25694444444445,29.338194444444447,88.23263888888886,24.9,26.8,25.4,69.9,40.9,30.3,36.6,100.0
2018-07-02,0,29.594444444444427,27.985416666666683,27.93541666666666,94.63125,24.3,26.6,24.7,80.9,39.7,29.5,33.0,100.0
2018-07-03,0,29.556944444444426,27.95347222222223,27.27152777777779,94.10902777777771,24.0,26.7,16.6,73.9,38.8,29.5,34.2,100.0
2018-07-04,0,27.21805555555556,27.30694444444446,26.72986111111112,96.72222222222223,24.5,26.4,24.7,86.8,32.7,27.9,29.8,100.0
2018-07-05,0,25.97291666666667,26.311805555555548,25.739583333333343,98.80416666666667,24.5,26.0,24.6,94.2,28.3,26.7,27.4,100.0
2018-07-06,0,26.27847222222221,26.05625000000002,25.82777777777777,99.2375,24.0,25.3,23.0,92.4,30.3,27.9,28.5,100.0
2018-07-07,0,27.349305555555574,26.80972222222222,26.507638888888923,97.3201388888889,24.8,24.6,24.4,75.7,33.1,31.5,31.9,100.0
2018-07-08,0,29.211111111111112,27.58819444444445,28.429861111111112,74.56319444444446,23.7,26.1,24.3,43.7,38.0,29.9,35.6,100.0
2018-07-09,0,29.70625,27.77708333333332,27.963194444444433,76.25763888888885,22.6,25.5,22.9,46.4,43.3,30.2,35.0,98.2
2018-07-10,0,29.984722222222228,27.98680555555556,28.130555555555553,70.07986111111113,22.8,25.9,23.4,42.0,40.8,30.1,34.6,97.9
2018-07-11,0,29.54444444444444,28.00486111111111,28.73611111111111,54.18263888888888,24.1,26.5,24.8,33.6,38.0,29.6,35.4,75.2
2018-07-12,0,30.290972222222226,28.46180555555555,28.80486111111113,62.369444444444454,25.3,27.1,25.8,36.7,40.1,30.3,36.2,97.5
2018-07-13,0,31.849999999999987,28.75208333333333,29.479861111111113,55.12083333333332,24.2,26.9,25.0,35.8,43.2,30.9,36.1,93.4
2018-07-14,0,31.433333333333305,28.918055555555554,29.402777777777782,54.38194444444443,24.1,27.2,25.0,35.2,41.8,30.8,35.5,90.6
2018-07-15,0,32.125694444444434,29.27708333333332,30.35972222222223,48.02777777777776,24.7,27.4,25.6,33.8,43.8,31.2,36.1,66.7
2018-07-16,0,30.52083333333334,29.262500000000006,29.56111111111112,54.06388888888888,25.1,27.8,25.9,35.2,39.0,31.1,35.5,95.2
2018-07-17,0,30.693750000000005,29.475,30.164583333333344,46.546527777777754,26.5,28.2,27.0,33.7,38.1,31.1,35.7,62.7
2018-07-18,0,32.20347222222222,29.98333333333333,30.496527777777768,51.131944444444436,26.4,28.4,27.0,32.7,41.2,31.7,35.2,91.6
2018-07-19,0,30.99097222222223,29.83125,30.279166666666654,42.77361111111113,26.6,28.7,27.2,29.0,41.2,31.3,36.0,55.0
2018-07-20,0,30.13333333333333,29.26666666666666,28.677777777777766,51.83750000000001,25.6,28.2,26.2,30.6,39.6,30.3,34.1,93.5
2018-07-21,0,29.37361111111112,28.5,28.33055555555555,47.88055555555553,25.0,28.5,25.9,24.4,33.5,28.5,32.1,95.0
2018-08-11,0,30.58055555555555,30.090277777777768,30.6,83.47222222222223,26.4,28.1,26.8,50.0,38.4,33.1,39.4,100.0
2018-08-12,0,29.591666666666665,29.46041666666666,29.372222222222227,89.9375,26.4,28.2,26.7,65.0,36.9,31.5,35.2,100.0
2018-08-13,0,30.686805555555548,30.21249999999999,30.38194444444445,86.44444444444444,26.0,27.8,26.3,58.0,38.3,34.0,37.7,100.0
2018-08-14,0,30.491666666666656,30.201388888888893,30.285416666666656,85.22916666666667,26.5,28.7,26.9,59.0,39.5,32.9,37.3,100.0
2018-08-15,0,27.49166666666665,28.492361111111087,27.51319444444444,93.70833333333331,25.4,27.6,25.8,68.0,37.7,30.7,35.4,100.0
2018-08-16,0,28.27986111111112,28.42430555555555,28.12291666666667,90.25,25.6,27.4,25.9,67.0,35.3,30.5,33.7,100.0
2018-08-17,0,28.63194444444445,27.63402777777777,27.79375,66.13194444444444,22.1,25.2,22.5,36.0,39.9,30.8,35.5,83.0
2018-08-18,0,26.213888888888878,26.31319444444444,25.559722222222227,69.34027777777777,19.6,23.7,20.1,47.0,38.6,29.3,34.0,87.0
2018-08-19,0,26.35277777777777,25.996527777777768,25.60763888888889,73.47222222222223,19.4,23.6,20.0,48.0,38.2,29.1,34.5,92.0
2018-08-20,0,26.88333333333333,26.397916666666678,26.39513888888891,84.65972222222223,20.7,24.1,21.4,64.0,35.8,28.6,33.3,100.0
2018-08-21,0,30.89930555555557,28.9597222222222,29.888888888888875,86.6736111111111,25.4,26.8,25.8,64.0,41.9,31.6,37.7,100.0
2018-08-22,0,32.150694444444454,29.82083333333333,30.7,83.84027777777777,26.3,27.9,26.7,58.0,43.8,32.3,38.1,100.0
2018-08-23,0,30.334722222222208,29.420138888888893,29.5875,87.95833333333331,26.6,27.8,26.7,74.0,43.4,31.8,37.7,99.0
2018-08-24,0,28.69513888888884,28.950000000000006,28.607638888888875,92.32638888888887,26.9,28.2,27.4,77.0,36.4,30.1,34.0,100.0
2018-08-25,0,29.51180555555554,28.856944444444427,28.94166666666668,90.63194444444444,25.9,27.9,26.7,77.0,39.1,30.3,33.3,99.0
2018-08-26,0,30.927083333333307,29.29513888888888,29.820138888888888,84.8125,24.3,27.1,25.1,62.0,39.9,31.7,36.2,100.0
2018-08-27,0,30.774999999999977,29.13541666666667,29.539583333333308,82.36805555555556,23.7,27.0,24.6,63.0,39.7,31.2,35.6,99.0
2018-08-28,0,29.62013888888889,28.78125000000001,28.75277777777779,85.8263888888889,23.9,27.1,24.9,66.0,39.3,30.5,35.2,98.0
2018-08-29,1,30.32222222222222,29.00000000000001,29.27986111111113,84.4861111111111,24.6,27.3,25.7,66.0,39.6,30.6,34.6,96.0
2018-08-30,1,29.331944444444442,28.770833333333314,28.690277777777762,90.27777777777777,24.7,27.4,25.6,64.0,40.9,30.3,32.8,100.0
2018-08-31,1,30.839583333333344,29.09513888888889,29.57708333333332,86.16666666666669,24.5,27.2,25.8,63.0,41.6,31.5,35.7,100.0
2018-09-01,1,26.85069444444445,27.634027777777767,26.71944444444446,89.4375,24.0,26.9,25.0,80.0,36.3,28.4,30.2,95.0
2018-09-02,1,28.10694444444445,27.50902777777777,27.26805555555555,87.19444444444444,23.3,26.2,24.3,64.0,39.8,29.6,33.9,96.0
2018-09-03,1,29.168055555555558,27.730555555555572,28.09791666666666,84.06944444444444,22.8,25.9,23.8,65.0,43.1,30.0,35.6,95.0
2018-09-04,1,27.07291666666668,27.610416666666694,27.225000000000005,95.26388888888887,24.3,26.8,25.2,88.0,35.2,28.8,31.4,100.0
2018-09-05,1,28.437500000000004,27.90208333333333,28.065972222222253,87.88194444444444,24.2,26.8,25.1,68.0,38.9,29.7,34.2,100.0
2018-09-06,1,27.07083333333333,27.1125,26.773611111111112,87.3125,22.3,25.7,23.3,73.0,35.5,28.4,32.0,97.0
2018-09-07,1,26.919444444444462,27.100000000000005,26.99375,90.22916666666669,23.1,26.0,24.0,81.0,32.4,28.0,30.0,98.0
2018-09-08,1,27.67569444444446,27.50277777777778,27.61458333333333,90.22222222222223,25.0,26.9,25.7,74.0,34.3,28.6,32.2,97.0
2018-09-09,1,28.494444444444426,27.814583333333346,28.175,88.22222222222223,24.8,26.7,25.5,67.0,37.7,29.8,34.8,99.0
2018-09-10,1,24.72361111111111,26.49722222222221,25.15625000000001,93.23611111111113,21.3,24.9,22.2,87.0,32.0,27.4,28.6,98.0
2018-09-11,1,23.418055555555547,24.74583333333334,23.54375,85.56944444444444,19.7,23.7,20.3,76.0,30.2,25.6,28.1,94.0
2018-09-12,1,22.15694444444444,23.79583333333333,22.22430555555555,84.84027777777777,19.6,22.7,20.2,74.0,30.1,24.7,26.2,100.0
2018-09-13,1,23.91041666666666,23.958333333333343,23.690277777777787,84.59722222222223,19.4,22.4,20.0,70.0,36.3,25.6,31.1,94.0
2018-09-14,1,23.172916666666666,24.07569444444445,23.352083333333336,90.96527777777777,20.4,23.2,20.8,82.0,28.5,25.0,26.6,99.0
2018-09-15,1,23.809722222222234,24.397222222222236,23.96388888888889,94.97222222222223,22.0,23.8,22.6,83.0,29.2,25.1,27.0,100.0
2018-09-16,1,27.78333333333333,25.996527777777768,27.11111111111112,86.46527777777777,22.5,24.1,23.1,67.0,39.5,28.1,33.8,100.0
2018-09-17,1,27.991666666666678,26.48333333333333,27.202083333333334,75.5625,22.4,25.0,23.2,57.0,40.1,28.4,33.7,95.0
2018-09-18,1,25.847916666666674,25.36458333333335,25.26527777777777,78.03472222222223,19.3,23.4,20.2,63.0,37.3,27.4,31.7,93.0
2018-09-19,1,25.672916666666666,24.16666666666665,24.558333333333326,79.52083333333333,18.5,21.4,19.3,53.0,39.3,29.2,32.1,94.0
2018-09-20,1,21.28541666666668,21.941666666666656,21.3986111111111,90.67361111111113,19.8,20.6,20.4,85.0,24.3,23.9,24.0,97.0
2018-09-21,1,21.55763888888889,22.96041666666667,21.851388888888888,92.51388888888887,19.2,22.2,19.7,88.0,25.3,23.6,24.2,96.0
2018-09-22,1,25.57361111111112,24.666666666666657,25.25833333333333,83.15277777777777,20.8,23.2,21.6,61.0,36.1,27.1,32.9,100.0
2018-09-23,1,25.28680555555556,24.62361111111109,24.860416666666666,82.2361111111111,19.4,22.7,20.2,63.0,35.6,26.7,31.3,94.0
2018-09-24,1,25.303472222222233,25.227777777777767,25.191666666666666,89.2986111111111,21.5,23.9,22.1,72.0,33.7,26.7,30.0,100.0
2018-09-25,1,22.021527777777774,23.87569444444444,22.488194444444453,92.74305555555556,20.1,22.8,20.5,86.0,24.9,24.8,24.4,98.0
2018-09-26,1,22.15486111111112,23.246527777777786,22.19791666666666,88.85416666666669,17.8,22.0,19.0,71.0,29.5,24.5,26.8,100.0
2018-09-27,1,20.07638888888889,22.068055555555528,20.25902777777778,92.36111111111113,16.4,21.0,17.3,76.0,26.6,23.2,25.0,100.0
2018-09-28,1,22.32569444444444,22.086805555555557,21.56319444444444,82.10416666666667,14.1,19.4,14.8,59.0,36.8,24.6,29.7,99.0
2018-09-29,1,20.03958333333334,21.686111111111146,20.254166666666674,88.08333333333331,18.8,21.3,19.3,81.0,22.0,22.0,21.6,94.0
2018-09-30,1,24.280555555555548,23.122916666666693,23.943750000000005,94.38194444444444,19.8,21.5,20.1,78.0,30.0,24.5,28.0,100.0
2018-10-01,1,24.71319444444445,24.025,25.172916666666666,72.9513888888889,20.7,23.9,19.0,45.0,29.9,24.1,34.0,91.0
2018-10-27,1,20.524305555555557,20.82361111111111,20.753472222222236,87.46527777777777,15.7,19.1,14.9,48.0,29.1,23.0,32.1,100.0
2018-10-28,1,18.7,19.565972222222225,19.01111111111111,77.8611111111111,13.1,17.2,12.2,44.0,28.0,22.2,30.7,95.0
2018-10-29,0,18.02986111111112,18.78680555555556,18.44791666666667,78.8611111111111,11.5,16.0,10.8,49.0,27.1,21.5,30.2,94.0
2018-10-30,0,17.938888888888886,18.670833333333327,18.240277777777788,78.72222222222223,11.7,16.1,10.9,40.0,28.0,21.6,31.8,95.0
2018-10-31,0,17.11458333333333,18.21319444444445,17.393055555555566,84.45833333333333,12.3,16.1,11.4,43.0,27.4,21.2,30.1,100.0
2018-11-01,0,16.061111111111117,17.57083333333333,16.48888888888889,86.52777777777777,10.8,15.2,9.8,45.0,25.5,20.4,29.1,100.0
2018-11-02,0,17.022222222222222,17.65416666666666,17.497222222222213,82.85416666666667,10.3,14.8,9.6,47.0,26.7,20.5,29.9,97.0
2018-11-03,0,18.324305555555554,18.659722222222207,18.596527777777787,91.74305555555556,15.2,17.3,14.8,58.0,24.6,20.6,26.8,100.0
2018-11-04,0,18.288194444444454,18.993055555555564,18.420138888888886,97.59027777777777,15.9,18.0,15.5,90.0,23.0,20.0,24.6,100.0
2018-11-05,0,20.11250000000001,19.86319444444445,20.670833333333324,94.74305555555556,16.2,18.2,15.9,72.0,27.3,21.8,30.3,100.0
2018-11-06,0,20.186805555555555,20.597222222222225,20.589583333333344,97.51388888888887,18.3,20.0,18.3,78.0,24.8,21.8,26.1,100.0
2018-11-07,0,20.45138888888889,20.621527777777775,21.00138888888889,91.73611111111113,16.7,19.0,16.6,63.0,27.0,22.6,29.6,100.0
2018-11-08,1,21.01319444444444,20.98541666666668,21.434027777777786,89.64583333333331,17.2,19.4,17.0,61.0,28.8,23.2,32.0,100.0
2018-11-09,1,19.441666666666674,20.37638888888886,19.763888888888896,99.65277777777777,17.9,19.8,17.8,93.0,23.6,21.3,25.6,100.0
2018-11-10,1,20.99930555555556,20.990277777777774,21.63402777777777,87.03472222222223,17.6,19.9,17.6,44.0,27.0,22.7,29.6,100.0
2018-11-11,1,19.58472222222221,20.190277777777787,20.075000000000014,87.4375,15.3,18.5,15.0,56.0,26.3,22.1,28.8,100.0
2018-11-12,1,19.790972222222212,20.26111111111112,20.192361111111108,91.71527777777777,16.1,18.7,16.0,61.0,25.1,21.6,26.6,100.0
2018-11-13,1,19.339583333333334,20.197222222222205,19.579861111111125,94.45138888888887,17.4,19.5,17.3,71.0,23.7,21.4,24.8,100.0
2018-11-14,1,18.9951388888889,19.779861111111114,19.412500000000005,89.03472222222223,15.3,18.3,14.9,52.0,25.3,21.4,27.7,100.0
2018-11-15,0,17.940277777777762,19.026388888888878,18.31527777777778,88.97916666666669,14.0,17.4,13.4,51.0,23.8,20.6,25.3,100.0
2018-11-16,0,18.56458333333333,19.13541666666666,18.983333333333334,89.10416666666669,14.0,17.3,13.8,58.0,26.1,21.1,28.0,100.0
2018-11-17,0,19.36458333333333,19.665972222222237,19.85902777777777,86.59027777777777,15.6,18.2,15.4,45.0,26.2,21.2,27.0,100.0
2018-11-18,1,18.647222222222236,19.393055555555534,19.009722222222212,88.04166666666669,15.0,17.9,14.8,55.0,25.2,21.1,26.6,100.0
2018-11-19,1,18.042361111111113,19.21875,18.368750000000006,97.56944444444444,16.0,18.5,15.9,87.0,22.0,20.2,23.0,100.0
2018-11-20,1,17.652083333333334,18.62638888888888,18.299305555555545,86.06944444444444,14.4,17.4,14.3,46.0,23.5,20.1,25.7,100.0
2018-11-21,1,17.856944444444434,18.51527777777776,18.320138888888884,88.70833333333331,13.6,16.8,13.1,44.0,25.8,20.5,28.4,100.0
2018-11-22,1,17.613194444444435,18.65347222222222,17.975694444444454,93.90972222222223,14.9,17.6,14.6,60.0,23.0,20.2,24.6,100.0
2018-11-23,1,17.57847222222223,18.404166666666672,17.872916666666665,85.33333333333333,14.0,17.0,13.8,45.0,24.7,20.4,25.5,100.0
2018-11-24,1,17.07222222222223,18.011111111111127,17.50069444444445,84.4375,13.3,16.5,13.0,48.0,24.6,19.8,26.7,100.0
2018-11-25,1,17.08541666666667,17.925694444444435,17.44166666666667,85.375,13.2,16.4,12.7,52.0,23.3,19.6,24.6,100.0
2018-11-26,1,17.311111111111103,18.10277777777778,17.838888888888874,92.56944444444444,13.6,16.6,13.3,57.0,23.5,19.9,24.6,100.0
2018-11-27,1,17.82361111111112,18.545833333333352,18.30138888888889,89.71527777777777,14.1,17.1,14.1,58.0,23.9,20.0,25.5,100.0
2018-11-28,1,17.804861111111116,18.47013888888889,18.34513888888889,93.36111111111113,13.8,16.8,13.5,55.0,24.2,20.0,26.0,100.0
2018-11-29,1,18.002777777777773,18.64513888888888,18.450000000000006,86.80555555555556,14.2,17.2,14.2,40.0,25.2,20.3,26.1,100.0
2018-11-30,1,17.58125,18.373611111111103,17.91388888888889,87.45833333333331,14.0,17.0,13.7,51.0,24.2,20.3,25.2,100.0
2018-12-01,1,16.989583333333336,17.940972222222218,17.45833333333334,92.42361111111113,13.4,16.4,13.1,58.0,23.6,19.8,24.9,100.0
2018-12-02,1,16.980555555555533,18.05347222222222,17.463194444444422,93.0625,14.1,16.9,14.0,57.0,22.9,19.8,24.5,100.0
2018-12-03,1,18.225694444444443,18.618749999999988,18.856249999999992,95.33333333333331,15.1,17.3,15.2,64.0,25.5,20.1,27.6,100.0
2018-12-04,1,19.5090277777778,19.613194444444442,20.456944444444442,100.0,17.1,18.6,17.6,100.0,23.7,20.7,25.5,100.0
2018-12-05,1,19.63125,19.963194444444433,20.25,85.47222222222223,16.7,19.0,16.7,43.0,25.5,21.1,26.4,100.0
2018-12-06,1,17.511805555555554,18.956944444444435,18.038194444444443,99.53472222222223,16.0,18.3,16.3,96.0,20.2,19.8,21.6,100.0
2018-12-07,1,17.138194444444444,18.56388888888889,17.651388888888892,96.5,14.2,17.4,14.2,63.0,22.3,19.9,23.4,100.0
2018-12-08,1,16.373611111111117,17.736111111111104,16.66458333333333,88.09722222222223,13.4,16.7,13.3,51.0,23.3,19.6,25.8,100.0
2018-12-09,1,16.311111111111103,17.496527777777786,16.56041666666666,88.24305555555556,13.4,16.3,13.3,51.0,23.0,19.4,23.7,100.0
2018-12-10,1,15.316666666666654,16.945833333333336,15.830555555555556,94.59722222222223,13.0,15.6,12.9,66.0,21.5,18.7,22.5,100.0
2018-12-11,1,15.500694444444447,16.926388888888884,15.984027777777774,93.85416666666669,13.0,15.9,12.7,67.0,22.0,18.5,23.4,100.0
2018-12-12,1,15.93125,17.28125,16.699305555555554,93.19444444444444,13.3,16.2,13.7,50.0,22.3,19.1,24.0,100.0
2018-12-13,1,16.178472222222226,17.427777777777766,16.956944444444453,91.11111111111113,13.1,16.2,13.1,47.0,22.7,19.2,24.6,100.0
2018-12-14,1,16.18263888888887,17.327777777777776,16.788194444444443,89.25694444444444,13.4,16.3,13.5,51.0,22.4,19.0,23.5,100.0
2018-12-15,1,16.01319444444444,17.177083333333332,16.51944444444444,86.34722222222223,13.2,16.1,13.3,50.0,22.1,19.0,23.2,100.0
2018-12-16,1,15.506249999999996,17.054166666666667,16.282638888888904,94.75694444444444,13.0,15.9,13.1,72.0,22.4,18.9,24.0,100.0
2018-12-17,1,16.331944444444453,17.4236111111111,17.12222222222222,91.26388888888887,13.2,16.3,13.7,56.0,23.5,19.2,24.3,100.0
2018-12-18,1,15.616666666666658,17.1625,16.351388888888895,93.53472222222223,13.2,16.3,13.7,59.0,21.9,18.6,22.6,100.0
2018-12-19,1,15.347222222222232,17.049305555555566,16.275694444444447,92.78472222222223,12.8,15.9,13.0,61.0,23.1,18.5,24.5,100.0
2018-12-20,1,15.079861111111107,16.739583333333336,16.201388888888893,98.14583333333331,12.7,15.2,13.2,72.0,22.1,18.2,23.9,100.0
2018-12-21,1,15.5825,16.593750000000007,16.592499999999998,91.1,13.1,16.0,13.4,55.0,22.0,18.3,23.4,100.0
2019-06-24,0,24.586956521739136,25.89565217391305,24.49130434782609,76.71739130434783,22.7,24.7,22.5,53.8,30.0,28.2,29.2,88.5
2019-06-25,0,26.879166666666666,26.32916666666667,26.28333333333333,73.99305555555554,19.2,22.9,19.1,46.6,35.1,29.3,33.8,93.4
2019-06-26,0,26.03611111111111,25.95,25.865277777777766,76.25555555555553,20.0,23.5,20.0,51.4,35.2,28.6,34.2,93.3
2019-06-27,0,25.004166666666666,25.545833333333334,25.03194444444444,90.25277777777778,22.3,24.5,22.3,81.0,28.4,26.4,28.1,98.2
2019-06-28,0,27.543055555555554,26.893055555555566,27.697222222222226,83.30277777777776,23.0,24.8,22.9,59.1,34.9,29.4,37.2,98.1
2019-06-29,0,27.44305555555556,27.144444444444442,27.284722222222218,87.02083333333336,24.6,25.8,24.6,65.6,35.3,29.1,33.7,98.0
2019-06-30,0,26.120833333333344,26.581944444444453,26.183333333333334,92.34583333333336,24.4,25.9,24.5,81.8,28.7,27.2,29.0,98.4
2019-07-01,0,24.79444444444444,25.559722222222227,24.69305555555555,90.26805555555558,22.7,24.8,22.6,75.7,27.5,26.1,27.8,98.1
2019-07-02,0,25.288888888888888,25.556944444444447,25.015277777777772,87.04999999999998,22.7,24.6,22.6,59.2,32.5,27.5,30.0,98.9
2019-07-03,0,26.38888888888889,26.266666666666666,26.20138888888889,85.70833333333334,22.0,24.0,22.1,63.9,34.9,28.5,35.1,96.9
2019-07-04,0,26.127777777777766,26.16527777777777,25.875,87.10138888888885,22.8,25.0,22.7,66.2,31.8,28.0,31.4,98.7
2019-07-05,0,24.215277777777786,25.159722222222214,24.086111111111112,87.17500000000003,20.8,23.4,20.6,71.1,29.7,26.7,29.3,98.2
2019-07-06,0,24.93611111111111,24.76527777777777,25.076388888888893,81.96944444444443,20.6,23.0,20.4,52.1,33.7,27.5,34.0,96.7
2019-07-07,0,25.863888888888887,25.581944444444442,25.88333333333333,81.37638888888887,22.4,24.0,22.1,61.8,32.2,27.6,32.9,92.3
2019-07-08,0,24.711111111111123,25.131944444444443,24.477777777777785,83.80138888888891,21.8,24.0,21.7,67.5,29.6,26.2,29.8,94.5
2019-07-09,0,24.94027777777778,24.84861111111111,24.898611111111123,79.38055555555556,21.3,23.3,21.2,54.3,34.6,27.4,34.9,91.0
2019-07-10,0,26.552777777777788,25.780555555555548,26.37638888888889,71.36805555555556,20.3,22.8,20.0,50.3,35.2,29.0,36.1,87.3
2019-07-11,0,22.81111111111111,24.152777777777786,22.9125,83.84305555555558,20.7,23.2,20.6,70.7,26.6,25.1,27.3,99.8
2019-07-12,0,25.743055555555557,25.07083333333334,25.82638888888889,80.64305555555555,21.7,23.1,21.5,62.5,32.7,27.5,33.3,94.5
2019-07-13,0,25.240277777777766,25.34305555555556,25.2375,83.16666666666667,22.6,24.2,22.0,68.9,29.1,26.4,29.5,94.3
2019-07-14,0,25.079166666666676,25.249999999999996,25.04583333333333,85.6888888888889,21.0,23.6,20.7,64.3,31.7,26.8,32.5,95.4
2019-07-15,0,25.02222222222222,25.43611111111112,24.9875,91.03055555555555,23.1,24.8,22.8,78.2,29.6,26.6,31.4,97.1
2019-07-16,0,24.2,25.90833333333333,24.37222222222222,94.16527777777776,22.7,24.3,22.4,79.1,29.4,31.6,31.6,100.0
2019-07-17,0,26.92361111111111,26.6875,26.88472222222221,83.49166666666662,21.7,25.0,21.6,62.6,34.4,28.6,34.5,98.6
2019-07-18,0,26.827777777777786,26.63611111111112,26.97916666666667,88.12083333333334,23.7,25.5,23.3,71.0,32.7,28.3,33.8,96.6
2019-07-19,0,25.96250000000002,26.166666666666675,26.15000000000001,88.95833333333331,23.2,25.1,22.9,72.8,31.4,27.4,33.7,97.1
2019-07-20,0,26.36388888888888,27.69166666666668,26.67916666666667,92.01805555555555,23.9,25.4,23.7,78.3,30.0,33.0,31.4,100.0
2019-07-21,0,27.01388888888889,27.05833333333333,27.29861111111111,90.24861111111109,23.8,26.2,23.8,77.9,31.2,27.7,32.1,98.6
2019-07-22,0,26.93888888888889,26.89305555555556,27.101388888888888,92.02083333333334,24.7,26.2,24.5,79.5,30.0,27.6,30.3,98.8
2019-07-23,0,28.523611111111112,27.384722222222226,29.320833333333322,81.98194444444444,23.6,25.5,23.2,59.3,34.3,29.1,36.0,98.2
2019-07-24,0,29.559722222222227,28.35833333333333,29.97916666666667,80.53750000000002,24.4,26.4,24.2,58.5,36.1,30.6,36.9,97.2
2019-07-25,0,29.323611111111113,28.525,29.818055555555567,82.70833333333334,24.6,26.6,24.3,62.9,37.2,30.6,38.9,94.0
2019-07-26,0,29.29166666666668,28.66666666666667,29.90416666666667,81.84166666666668,25.4,27.5,24.9,59.7,36.9,30.7,39.9,96.9
2019-07-27,0,27.243055555555557,27.72916666666666,27.2625,89.97638888888888,25.2,27.0,25.0,71.9,32.6,28.8,33.5,96.2
2019-07-28,0,28.838888888888892,28.15555555555556,29.686111111111106,83.62083333333331,24.5,26.4,24.3,65.4,33.7,29.9,37.7,97.1
2019-07-29,0,29.740277777777766,28.947222222222226,30.695833333333344,83.7361111111111,25.5,27.4,25.2,69.3,35.5,30.5,38.3,95.8
2019-07-30,0,30.19027777777778,29.29444444444445,30.875,83.84444444444446,26.3,28.0,26.1,61.6,36.6,31.0,40.4,96.4
2019-07-31,0,29.78333333333333,29.24722222222222,30.320833333333322,84.20277777777777,26.0,28.0,25.6,69.6,33.8,30.4,38.3,95.8
2019-08-01,0,29.56388888888888,29.152777777777768,30.06388888888889,86.45277777777781,26.3,28.1,26.0,68.4,33.2,30.2,36.2,96.8
2019-08-02,0,29.29444444444444,29.08888888888889,29.68888888888889,87.84027777777777,26.1,28.3,25.7,76.0,32.9,30.2,36.5,98.0
2019-08-03,0,28.840277777777768,28.597222222222232,29.39583333333334,86.00555555555552,25.4,27.4,25.0,67.3,35.0,30.1,37.7,97.1
2019-08-04,0,28.972222222222232,28.61527777777778,29.425,83.9097222222222,26.1,27.6,25.6,65.7,34.4,29.9,35.9,97.9
2019-08-05,0,28.6375,28.39583333333333,29.25555555555556,86.90138888888887,24.5,26.9,24.0,77.0,33.2,29.8,36.6,96.3
2019-08-06,0,29.92916666666667,29.16111111111111,30.59583333333333,85.88194444444441,26.5,27.8,26.1,69.5,36.3,30.9,39.7,96.6
2019-08-07,0,29.45416666666667,29.08055555555555,30.308333333333334,84.78472222222219,25.7,27.8,25.3,67.4,35.3,30.5,39.1,96.9
2019-08-08,0,29.004166666666656,28.790277777777785,29.465277777777768,84.5125,25.4,27.6,24.8,66.3,35.3,30.4,40.2,97.1
2019-08-09,0,29.45000000000001,28.997222222222227,29.91111111111111,84.22777777777776,25.7,27.6,25.2,69.4,35.1,30.6,38.4,96.9
2019-08-10,0,29.30555555555555,29.002777777777773,29.96249999999999,83.98749999999998,25.4,27.6,25.0,66.1,34.7,30.5,37.5,96.5
2019-08-11,0,29.375,29.02222222222223,29.79166666666667,86.65972222222223,25.7,27.7,25.2,69.7,34.7,30.6,37.3,98.2
2019-08-12,0,29.413888888888888,29.08333333333332,30.190277777777773,85.4833333333333,25.4,27.6,24.8,70.2,35.4,30.6,39.0,94.1
2019-08-13,0,30.168055555555547,29.43333333333333,31.275,83.30972222222225,26.1,27.8,25.7,70.9,36.4,31.3,40.9,93.1
2019-08-14,0,29.226388888888877,29.18333333333333,29.587500000000013,87.80972222222219,26.8,28.3,26.4,72.8,34.6,30.4,37.8,96.2
2019-08-15,0,28.705555555555566,28.99861111111111,28.87916666666667,92.23888888888894,27.3,28.5,27.0,85.5,31.4,29.7,33.3,96.0
2019-08-16,0,29.22916666666667,28.940277777777773,29.50555555555555,87.22777777777776,26.9,28.1,26.6,71.0,34.6,30.4,37.2,96.6
2019-08-17,0,28.913888888888888,28.722222222222232,29.50555555555556,85.48333333333333,25.5,27.6,25.1,65.1,34.0,30.0,38.5,97.5
2019-08-18,0,29.31527777777779,28.99444444444444,29.808333333333334,86.99305555555556,25.7,27.6,25.2,71.9,35.2,30.8,37.1,96.1
2019-08-19,0,28.73194444444445,28.86111111111111,28.997222222222227,87.96944444444445,25.1,27.4,24.6,74.6,34.3,30.5,35.7,95.8
2019-08-20,0,28.105555555555554,28.38055555555556,28.39027777777777,91.7,26.1,27.8,25.8,81.6,31.6,29.2,33.1,98.4
2019-08-21,0,28.89583333333333,28.573611111111106,29.288888888888888,87.32083333333334,25.4,27.4,24.9,68.1,34.3,29.8,35.9,96.9
2019-08-22,0,28.31388888888889,28.391666666666666,28.547222222222228,86.96805555555557,25.7,27.5,25.2,73.9,32.4,29.1,33.6,95.6
2019-08-23,0,25.53750000000001,26.987500000000008,25.42361111111111,91.71111111111112,23.4,25.6,22.9,84.5,27.7,27.9,28.5,97.1
2019-08-24,0,26.625,26.348611111111122,26.95833333333333,82.0402777777778,23.5,25.4,23.3,66.1,31.2,27.5,32.9,96.4
2019-08-25,0,27.038888888888877,26.644444444444453,27.39583333333334,76.43611111111106,23.5,25.5,23.1,60.5,32.0,28.3,34.1,92.5
2019-08-26,0,25.77638888888889,25.85694444444445,26.136111111111106,76.3527777777778,21.4,24.3,20.8,59.1,31.2,27.2,32.6,91.4
2019-08-27,0,24.53749999999999,25.468055555555548,24.71388888888889,88.40833333333332,22.1,24.5,21.8,74.9,29.9,26.8,32.2,95.3
2019-08-28,0,25.45,25.769444444444453,25.556944444444447,92.15,23.2,24.9,22.9,85.3,28.7,26.9,29.6,99.4
2019-08-29,1,27.198611111111106,26.58888888888889,27.79583333333333,88.65555555555555,22.9,24.8,22.5,76.0,33.3,28.2,35.2,97.1
2019-08-30,1,26.016666666666666,26.625,26.152777777777786,93.68333333333334,24.8,26.2,24.6,79.3,30.7,27.2,33.0,99.3
2019-08-31,1,26.61388888888888,26.56666666666666,26.926388888888887,85.92638888888888,23.7,25.8,23.3,72.0,32.0,27.7,34.0,98.1
2019-09-01,1,26.38055555555556,26.35694444444445,26.601388888888888,84.2236111111111,22.5,25.1,22.1,68.1,31.0,27.5,32.4,95.7
2019-09-02,1,27.02500000000001,26.675000000000008,27.46666666666666,85.77083333333331,22.5,24.8,22.3,73.1,33.0,28.5,34.9,95.3
2019-09-03,1,27.83055555555555,27.368055555555554,28.200000000000006,86.06805555555556,24.5,26.1,24.3,65.8,32.8,28.8,34.6,97.1
2019-09-04,1,27.37083333333333,27.37500000000001,27.65694444444444,89.10694444444445,24.3,26.3,24.0,77.1,31.7,28.5,32.9,97.4
2019-09-05,1,26.00972222222221,26.636111111111102,26.141666666666666,91.91805555555551,24.6,26.2,24.4,80.4,29.6,27.2,31.2,97.3
2019-09-06,1,27.493055555555557,27.16944444444444,27.948611111111113,88.22500000000002,23.9,25.6,23.6,73.6,32.6,28.8,34.8,97.1
2019-09-07,1,27.309722222222213,27.119444444444447,27.76388888888889,87.43055555555551,23.6,25.7,23.5,73.9,33.6,28.8,35.6,96.0
2019-09-08,1,28.40833333333333,27.673611111111107,28.96666666666667,83.98750000000003,25.0,26.3,24.9,67.2,33.1,29.2,35.7,96.6
2019-09-09,1,29.28611111111111,27.947222222222226,29.54583333333334,77.46944444444442,26.4,26.9,26.3,60.7,33.4,29.0,33.9,96.1
2019-09-10,1,28.58472222222223,27.961111111111123,28.93194444444445,85.22500000000002,24.9,26.6,24.8,62.2,33.9,29.4,35.2,97.9
2019-09-11,1,28.829166666666666,28.173611111111107,29.284722222222207,84.85972222222226,26.2,27.1,26.2,69.8,33.6,29.8,34.9,98.0
2019-09-12,1,26.40000000000001,26.644444444444453,26.64305555555555,81.56388888888884,23.7,25.5,23.6,65.1,29.5,27.4,30.5,88.4
2019-09-13,1,23.67777777777779,24.62777777777778,23.77638888888889,80.7,21.8,23.5,21.6,73.5,25.8,25.4,26.8,89.9
2019-09-14,1,24.58888888888889,24.47499999999999,25.069444444444443,79.86527777777776,20.5,22.8,20.3,67.4,31.0,26.6,33.1,92.3
2019-09-15,1,25.934722222222213,25.35,26.40833333333333,79.6,21.2,23.5,21.1,61.0,31.3,27.1,32.6,94.3
2019-09-16,1,26.84166666666667,25.845833333333324,27.266666666666666,77.71111111111111,23.7,24.7,23.6,60.8,31.2,27.2,32.2,93.0
2019-09-17,1,26.008333333333336,25.78333333333333,26.43333333333333,84.21527777777777,24.0,24.9,24.0,71.5,28.5,26.6,30.5,95.8
2019-09-18,1,23.523611111111126,24.69305555555556,23.6625,89.25972222222221,21.3,23.5,21.0,77.4,25.3,25.9,25.7,95.3
2019-09-19,1,23.305555555555557,23.69027777777778,23.575000000000006,79.5847222222222,20.2,22.7,19.9,56.1,28.6,25.2,30.5,94.9
2019-09-20,1,23.15,23.32638888888889,23.370833333333334,78.63333333333334,19.2,21.9,19.2,62.2,27.4,24.5,29.1,92.8
2019-09-21,1,22.976388888888888,23.32361111111112,23.29583333333333,80.51111111111112,21.1,22.7,21.0,66.8,26.0,24.3,27.5,93.6
2019-09-22,1,23.926388888888887,23.58055555555555,24.30138888888888,81.80833333333331,21.2,22.3,21.0,69.4,27.9,24.8,29.2,90.3
2019-09-23,1,25.863888888888887,25.20972222222223,26.118055555555557,88.38333333333333,22.5,24.0,22.4,71.2,30.8,26.8,32.1,100.0
2019-09-24,1,22.975,23.602777777777767,23.05555555555555,81.6222222222222,21.0,22.9,20.8,73.4,26.1,24.1,26.4,89.4
2019-09-25,1,23.7125,23.54583333333333,24.056944444444447,79.6736111111111,19.3,22.0,19.2,56.6,29.0,25.1,30.6,93.5
2019-09-26,1,24.079166666666666,23.92916666666667,24.426388888888887,81.82083333333331,20.3,22.3,20.1,60.4,29.6,25.6,31.3,92.7
2019-09-27,1,24.316666666666666,24.136111111111113,24.63055555555555,82.45694444444446,21.1,23.0,21.2,68.3,29.6,25.3,31.4,92.6
2019-09-28,1,23.620833333333334,23.899999999999995,23.90694444444444,85.53333333333333,21.4,23.1,21.3,72.6,27.5,24.9,28.7,94.5
2019-09-29,1,24.461111111111123,24.027777777777786,24.75138888888889,81.75416666666666,21.0,22.6,21.0,65.2,29.2,25.4,30.5,96.8
2019-09-30,1,24.927777777777788,24.679166666666664,25.280555555555548,88.43888888888887,21.8,23.5,21.9,74.2,29.8,26.2,30.7,97.1
2019-10-01,1,25.054166666666664,24.81666666666667,25.384722222222234,84.68611111111113,21.9,23.7,22.0,64.9,30.3,26.3,31.7,96.7
2019-10-02,1,23.74166666666667,24.13194444444445,24.14722222222223,85.8736111111111,21.1,23.0,21.1,68.7,28.9,25.7,30.1,95.9
2019-10-03,1,24.05416666666667,24.090277777777768,24.31805555555556,85.18333333333334,22.1,23.3,22.1,72.9,28.7,25.3,29.9,94.1
2019-10-04,1,24.359722222222228,23.99305555555555,24.47777777777777,77.48055555555554,21.0,22.6,20.8,59.3,28.7,25.1,29.5,96.4
2019-10-05,1,23.406944444444452,23.137500000000006,23.64027777777777,73.75833333333333,19.3,21.6,19.2,56.8,28.9,24.9,29.5,88.0
2019-10-06,1,23.198611111111113,22.85416666666667,23.51666666666667,71.7527777777778,18.8,21.4,19.0,48.1,29.9,24.9,30.5,91.7
2019-10-07,1,21.29861111111111,22.097222222222214,21.37916666666666,82.37638888888894,19.1,21.3,19.0,64.3,26.1,23.1,27.1,91.7
2019-10-08,1,21.85416666666667,22.38888888888889,21.965277777777786,86.46388888888893,18.8,21.2,18.6,73.6,26.5,23.5,26.7,94.7
2019-10-09,1,21.016666666666676,21.4,21.31388888888889,73.44444444444441,16.1,19.5,15.9,47.3,27.2,23.2,28.6,91.2
2019-10-10,1,21.79722222222223,21.71666666666668,22.251388888888894,81.26944444444446,16.1,19.5,15.8,57.5,29.2,23.6,30.3,93.3
2019-10-11,0,23.49722222222222,23.06666666666667,23.823611111111106,88.4152777777778,20.1,21.8,20.3,71.9,27.6,24.2,28.6,96.7
2019-10-12,0,22.281944444444452,23.02499999999999,22.44027777777778,97.33194444444449,21.2,22.7,21.4,93.7,23.5,23.3,23.9,99.5
2019-10-13,0,24.73859649122808,23.55087719298245,25.13157894736842,79.83859649122806,20.6,22.2,20.7,55.2,30.4,25.3,31.2,99.5
